"Frase","slug","Titulo de página","Excerpt d epágina","Titulo de SEO","Metadescripción","whatsapp url","Ciudad","Estado","Palabra","ID","Created Date","Updated Date","Owner"
"Instalación de Salas de Juicios Orales en Hipódromo","instalacion-salas-de-juicios-orales-hipodromo","Instalación de Salas de Juicios Orales en Hipódromo","Modernizamos salas de audiencia con audio, video, software MASOD® e infraestructura tecnológica para instituciones en Hipódromo.","Instalación de Salas de Juicios Orales en Hipódromo | Blegam Corp","Blegam Corp es especialista en instalación de salas de juicios orales en hipódromo. Diseñamos e implementamos salas de oralidad llave en mano con audio, video, videograbación, redes, almacenamiento NAS y software MASOD® para instituciones.","https://wa.me/525517390097?text=SW-%20Hola%20quisiera%20m%C3%A1s%20informaci%C3%B3n%20de%20sus%20servicios%20de%20%22Instalaci%C3%B3n%20de%20Salas%20de%20Juicios%20Orales%20en%20Hip%C3%B3dromo%22","Hipódromo","Ciudad de México","Instalación de Salas de Juicios Orales","008d4027-d7a6-402e-beef-9c0e108e9b5a",2026-06-26T21:50:04Z,2026-06-26T21:52:46Z,"45119e62-fb47-42df-8e3f-62a36597ee45"
"Instalación de Salas de Juicios Orales en Fresnillo","instalacion-salas-de-juicios-orales-fresnillo","Instalación de Salas de Juicios Orales en Fresnillo","Modernizamos salas de audiencia con audio, video, software MASOD® e infraestructura tecnológica para instituciones en Fresnillo.","Instalación de Salas de Juicios Orales en Fresnillo | Blegam Corp","Blegam Corp es especialista en instalación de salas de juicios orales en fresnillo. Diseñamos e implementamos salas de oralidad llave en mano con audio, video, videograbación, redes, almacenamiento NAS y software MASOD® para instituciones.","https://wa.me/525517390097?text=SW-%20Hola%20quisiera%20m%C3%A1s%20informaci%C3%B3n%20de%20sus%20servicios%20de%20%22Instalaci%C3%B3n%20de%20Salas%20de%20Juicios%20Orales%20en%20Fresnillo%22","Fresnillo","Zacatecas","Instalación de Salas de Juicios Orales","01c44455-b378-474c-ae4f-a8ac8adbd3c9",2026-06-26T21:50:04Z,2026-06-26T21:52:46Z,"45119e62-fb47-42df-8e3f-62a36597ee45"
"Instalación de Salas de Juicios Orales en Valle Oriente","instalacion-salas-de-juicios-orales-valle-oriente","Instalación de Salas de Juicios Orales en Valle Oriente","Modernizamos salas de audiencia con audio, video, software MASOD® e infraestructura tecnológica para instituciones en Valle Oriente.","Instalación de Salas de Juicios Orales en Valle Oriente | Blegam Corp","Blegam Corp es especialista en instalación de salas de juicios orales en valle oriente. Diseñamos e implementamos salas de oralidad llave en mano con audio, video, videograbación, redes, almacenamiento NAS y software MASOD® para instituciones.","https://wa.me/525517390097?text=SW-%20Hola%20quisiera%20m%C3%A1s%20informaci%C3%B3n%20de%20sus%20servicios%20de%20%22Instalaci%C3%B3n%20de%20Salas%20de%20Juicios%20Orales%20en%20Valle%20Oriente%22","Valle Oriente","Nuevo León","Instalación de Salas de Juicios Orales","02af1d29-8d42-4fb0-8b72-cd9c682c7cce",2026-06-26T21:50:04Z,2026-06-26T21:52:46Z,"45119e62-fb47-42df-8e3f-62a36597ee45"
"Instalación de Salas de Juicios Orales en Tizayuca","instalacion-salas-de-juicios-orales-tizayuca","Instalación de Salas de Juicios Orales en Tizayuca","Modernizamos salas de audiencia con audio, video, software MASOD® e infraestructura tecnológica para instituciones en Tizayuca.","Instalación de Salas de Juicios Orales en Tizayuca | Blegam Corp","Blegam Corp es especialista en instalación de salas de juicios orales en tizayuca. Diseñamos e implementamos salas de oralidad llave en mano con audio, video, videograbación, redes, almacenamiento NAS y software MASOD® para instituciones.","https://wa.me/525517390097?text=SW-%20Hola%20quisiera%20m%C3%A1s%20informaci%C3%B3n%20de%20sus%20servicios%20de%20%22Instalaci%C3%B3n%20de%20Salas%20de%20Juicios%20Orales%20en%20Tizayuca%22","Tizayuca","Hidalgo","Instalación de Salas de Juicios Orales","02b7d216-8212-4cdf-84b5-fc34aa2b2d0f",2026-06-26T21:50:04Z,2026-06-26T21:52:46Z,"45119e62-fb47-42df-8e3f-62a36597ee45"
"Instalación de Salas de Juicios Orales en Nuevo Laredo","instalacion-salas-de-juicios-orales-nuevo-laredo","Instalación de Salas de Juicios Orales en Nuevo Laredo","Modernizamos salas de audiencia con audio, video, software MASOD® e infraestructura tecnológica para instituciones en Nuevo Laredo.","Instalación de Salas de Juicios Orales en Nuevo Laredo | Blegam Corp","Blegam Corp es especialista en instalación de salas de juicios orales en nuevo laredo. Diseñamos e implementamos salas de oralidad llave en mano con audio, video, videograbación, redes, almacenamiento NAS y software MASOD® para instituciones.","https://wa.me/525517390097?text=SW-%20Hola%20quisiera%20m%C3%A1s%20informaci%C3%B3n%20de%20sus%20servicios%20de%20%22Instalaci%C3%B3n%20de%20Salas%20de%20Juicios%20Orales%20en%20Nuevo%20Laredo%22","Nuevo Laredo","Tamaulipas","Instalación de Salas de Juicios Orales","03f4ff23-b91c-4447-85a9-af81e3c6a7f6",2026-06-26T21:50:04Z,2026-06-26T21:52:46Z,"45119e62-fb47-42df-8e3f-62a36597ee45"
"Instalación de Salas de Juicios Orales en Temixco","instalacion-salas-de-juicios-orales-temixco","Instalación de Salas de Juicios Orales en Temixco","Modernizamos salas de audiencia con audio, video, software MASOD® e infraestructura tecnológica para instituciones en Temixco.","Instalación de Salas de Juicios Orales en Temixco | Blegam Corp","Blegam Corp es especialista en instalación de salas de juicios orales en temixco. Diseñamos e implementamos salas de oralidad llave en mano con audio, video, videograbación, redes, almacenamiento NAS y software MASOD® para instituciones.","https://wa.me/525517390097?text=SW-%20Hola%20quisiera%20m%C3%A1s%20informaci%C3%B3n%20de%20sus%20servicios%20de%20%22Instalaci%C3%B3n%20de%20Salas%20de%20Juicios%20Orales%20en%20Temixco%22","Temixco","Morelos","Instalación de Salas de Juicios Orales","03f594bc-b244-48b4-92a2-e16cce9fdbf1",2026-06-26T21:50:04Z,2026-06-26T21:52:46Z,"45119e62-fb47-42df-8e3f-62a36597ee45"
"Instalación de Salas de Juicios Orales en Contadero","instalacion-salas-de-juicios-orales-contadero","Instalación de Salas de Juicios Orales en Contadero","Modernizamos salas de audiencia con audio, video, software MASOD® e infraestructura tecnológica para instituciones en Contadero.","Instalación de Salas de Juicios Orales en Contadero | Blegam Corp","Blegam Corp es especialista en instalación de salas de juicios orales en contadero. Diseñamos e implementamos salas de oralidad llave en mano con audio, video, videograbación, redes, almacenamiento NAS y software MASOD® para instituciones.","https://wa.me/525517390097?text=SW-%20Hola%20quisiera%20m%C3%A1s%20informaci%C3%B3n%20de%20sus%20servicios%20de%20%22Instalaci%C3%B3n%20de%20Salas%20de%20Juicios%20Orales%20en%20Contadero%22","Contadero","Ciudad de México","Instalación de Salas de Juicios Orales","0408a98c-4014-4c1e-b390-9088e2f37bc2",2026-06-26T21:50:04Z,2026-06-26T21:52:46Z,"45119e62-fb47-42df-8e3f-62a36597ee45"
"Instalación de Salas de Juicios Orales en San Jerónimo","instalacion-salas-de-juicios-orales-san-jeronimo","Instalación de Salas de Juicios Orales en San Jerónimo","Modernizamos salas de audiencia con audio, video, software MASOD® e infraestructura tecnológica para instituciones en San Jerónimo.","Instalación de Salas de Juicios Orales en San Jerónimo | Blegam Corp","Blegam Corp es especialista en instalación de salas de juicios orales en san jerónimo. Diseñamos e implementamos salas de oralidad llave en mano con audio, video, videograbación, redes, almacenamiento NAS y software MASOD® para instituciones.","https://wa.me/525517390097?text=SW-%20Hola%20quisiera%20m%C3%A1s%20informaci%C3%B3n%20de%20sus%20servicios%20de%20%22Instalaci%C3%B3n%20de%20Salas%20de%20Juicios%20Orales%20en%20San%20Jer%C3%B3nimo%22","San Jerónimo","Nuevo León","Instalación de Salas de Juicios Orales","05addef0-02ec-4ab5-bb59-6457ec628663",2026-06-26T21:50:04Z,2026-06-26T21:52:46Z,"45119e62-fb47-42df-8e3f-62a36597ee45"
"Instalación de Salas de Juicios Orales en Chalco","instalacion-salas-de-juicios-orales-chalco","Instalación de Salas de Juicios Orales en Chalco","Modernizamos salas de audiencia con audio, video, software MASOD® e infraestructura tecnológica para instituciones en Chalco.","Instalación de Salas de Juicios Orales en Chalco | Blegam Corp","Blegam Corp es especialista en instalación de salas de juicios orales en chalco. Diseñamos e implementamos salas de oralidad llave en mano con audio, video, videograbación, redes, almacenamiento NAS y software MASOD® para instituciones.","https://wa.me/525517390097?text=SW-%20Hola%20quisiera%20m%C3%A1s%20informaci%C3%B3n%20de%20sus%20servicios%20de%20%22Instalaci%C3%B3n%20de%20Salas%20de%20Juicios%20Orales%20en%20Chalco%22","Chalco","Estado de México","Instalación de Salas de Juicios Orales","0750c1a4-310f-47fb-a6ca-7b0fc8a11f8d",2026-06-26T21:50:04Z,2026-06-26T21:52:46Z,"45119e62-fb47-42df-8e3f-62a36597ee45"
"Instalación de Salas de Juicios Orales en Jardín Real","instalacion-salas-de-juicios-orales-jardin-real","Instalación de Salas de Juicios Orales en Jardín Real","Modernizamos salas de audiencia con audio, video, software MASOD® e infraestructura tecnológica para instituciones en Jardín Real.","Instalación de Salas de Juicios Orales en Jardín Real | Blegam Corp","Blegam Corp es especialista en instalación de salas de juicios orales en jardín real. Diseñamos e implementamos salas de oralidad llave en mano con audio, video, videograbación, redes, almacenamiento NAS y software MASOD® para instituciones.","https://wa.me/525517390097?text=SW-%20Hola%20quisiera%20m%C3%A1s%20informaci%C3%B3n%20de%20sus%20servicios%20de%20%22Instalaci%C3%B3n%20de%20Salas%20de%20Juicios%20Orales%20en%20Jard%C3%ADn%20Real%22","Jardín Real","Jalisco","Instalación de Salas de Juicios Orales","0a060dda-8c3a-403d-becb-b7f20f7b2124",2026-06-26T21:50:04Z,2026-06-26T21:52:46Z,"45119e62-fb47-42df-8e3f-62a36597ee45"
"Instalación de Salas de Juicios Orales en San Luis Potosí","instalacion-salas-de-juicios-orales-san-luis-potosi","Instalación de Salas de Juicios Orales en San Luis Potosí","Modernizamos salas de audiencia con audio, video, software MASOD® e infraestructura tecnológica para instituciones en San Luis Potosí.","Instalación de Salas de Juicios Orales en San Luis Potosí | Blegam Corp","Blegam Corp es especialista en instalación de salas de juicios orales en san luis potosí. Diseñamos e implementamos salas de oralidad llave en mano con audio, video, videograbación, redes, almacenamiento NAS y software MASOD® para instituciones.","https://wa.me/525517390097?text=SW-%20Hola%20quisiera%20m%C3%A1s%20informaci%C3%B3n%20de%20sus%20servicios%20de%20%22Instalaci%C3%B3n%20de%20Salas%20de%20Juicios%20Orales%20en%20San%20Luis%20Potos%C3%AD%22","San Luis Potosí","San Luis Potosí","Instalación de Salas de Juicios Orales","0d05d7e5-2cdb-4170-9025-70b040a408c6",2026-06-26T21:50:04Z,2026-06-26T21:52:46Z,"45119e62-fb47-42df-8e3f-62a36597ee45"
"Instalación de Salas de Juicios Orales en Xalapa","instalacion-salas-de-juicios-orales-xalapa","Instalación de Salas de Juicios Orales en Xalapa","Modernizamos salas de audiencia con audio, video, software MASOD® e infraestructura tecnológica para instituciones en Xalapa.","Instalación de Salas de Juicios Orales en Xalapa | Blegam Corp","Blegam Corp es especialista en instalación de salas de juicios orales en xalapa. Diseñamos e implementamos salas de oralidad llave en mano con audio, video, videograbación, redes, almacenamiento NAS y software MASOD® para instituciones.","https://wa.me/525517390097?text=SW-%20Hola%20quisiera%20m%C3%A1s%20informaci%C3%B3n%20de%20sus%20servicios%20de%20%22Instalaci%C3%B3n%20de%20Salas%20de%20Juicios%20Orales%20en%20Xalapa%22","Xalapa","Veracruz","Instalación de Salas de Juicios Orales","0d148179-59c2-4641-91cd-6a9694a5d1af",2026-06-26T21:50:04Z,2026-06-26T21:52:46Z,"45119e62-fb47-42df-8e3f-62a36597ee45"
"Instalación de Salas de Juicios Orales en Piedras Negras","instalacion-salas-de-juicios-orales-piedras-negras","Instalación de Salas de Juicios Orales en Piedras Negras","Modernizamos salas de audiencia con audio, video, software MASOD® e infraestructura tecnológica para instituciones en Piedras Negras.","Instalación de Salas de Juicios Orales en Piedras Negras | Blegam Corp","Blegam Corp es especialista en instalación de salas de juicios orales en piedras negras. Diseñamos e implementamos salas de oralidad llave en mano con audio, video, videograbación, redes, almacenamiento NAS y software MASOD® para instituciones.","https://wa.me/525517390097?text=SW-%20Hola%20quisiera%20m%C3%A1s%20informaci%C3%B3n%20de%20sus%20servicios%20de%20%22Instalaci%C3%B3n%20de%20Salas%20de%20Juicios%20Orales%20en%20Piedras%20Negras%22","Piedras Negras","Coahuila","Instalación de Salas de Juicios Orales","13ba6ebf-2a07-4cb4-9b7f-f8638a25f42b",2026-06-26T21:50:04Z,2026-06-26T21:52:46Z,"45119e62-fb47-42df-8e3f-62a36597ee45"
"Instalación de Salas de Juicios Orales en Cuajimalpa","instalacion-salas-de-juicios-orales-cuajimalpa","Instalación de Salas de Juicios Orales en Cuajimalpa","Modernizamos salas de audiencia con audio, video, software MASOD® e infraestructura tecnológica para instituciones en Cuajimalpa.","Instalación de Salas de Juicios Orales en Cuajimalpa | Blegam Corp","Blegam Corp es especialista en instalación de salas de juicios orales en cuajimalpa. Diseñamos e implementamos salas de oralidad llave en mano con audio, video, videograbación, redes, almacenamiento NAS y software MASOD® para instituciones.","https://wa.me/525517390097?text=SW-%20Hola%20quisiera%20m%C3%A1s%20informaci%C3%B3n%20de%20sus%20servicios%20de%20%22Instalaci%C3%B3n%20de%20Salas%20de%20Juicios%20Orales%20en%20Cuajimalpa%22","Cuajimalpa","Ciudad de México","Instalación de Salas de Juicios Orales","173dea4a-d5c8-4df8-b376-35b18e172d30",2026-06-26T21:50:04Z,2026-06-26T21:52:46Z,"45119e62-fb47-42df-8e3f-62a36597ee45"
"Instalación de Salas de Juicios Orales en Puerto Vallarta","instalacion-salas-de-juicios-orales-puerto-vallarta","Instalación de Salas de Juicios Orales en Puerto Vallarta","Modernizamos salas de audiencia con audio, video, software MASOD® e infraestructura tecnológica para instituciones en Puerto Vallarta.","Instalación de Salas de Juicios Orales en Puerto Vallarta | Blegam Corp","Blegam Corp es especialista en instalación de salas de juicios orales en puerto vallarta. Diseñamos e implementamos salas de oralidad llave en mano con audio, video, videograbación, redes, almacenamiento NAS y software MASOD® para instituciones.","https://wa.me/525517390097?text=SW-%20Hola%20quisiera%20m%C3%A1s%20informaci%C3%B3n%20de%20sus%20servicios%20de%20%22Instalaci%C3%B3n%20de%20Salas%20de%20Juicios%20Orales%20en%20Puerto%20Vallarta%22","Puerto Vallarta","Jalisco","Instalación de Salas de Juicios Orales","181e3688-4982-4bc9-baf1-fc00d6ec58a3",2026-06-26T21:50:04Z,2026-06-26T21:52:46Z,"45119e62-fb47-42df-8e3f-62a36597ee45"
"Instalación de Salas de Juicios Orales en Virreyes","instalacion-salas-de-juicios-orales-virreyes","Instalación de Salas de Juicios Orales en Virreyes","Modernizamos salas de audiencia con audio, video, software MASOD® e infraestructura tecnológica para instituciones en Virreyes.","Instalación de Salas de Juicios Orales en Virreyes | Blegam Corp","Blegam Corp es especialista en instalación de salas de juicios orales en virreyes. Diseñamos e implementamos salas de oralidad llave en mano con audio, video, videograbación, redes, almacenamiento NAS y software MASOD® para instituciones.","https://wa.me/525517390097?text=SW-%20Hola%20quisiera%20m%C3%A1s%20informaci%C3%B3n%20de%20sus%20servicios%20de%20%22Instalaci%C3%B3n%20de%20Salas%20de%20Juicios%20Orales%20en%20Virreyes%22","Virreyes","Jalisco","Instalación de Salas de Juicios Orales","1932a5e0-2428-4f3b-b8aa-1c924060f56d",2026-06-26T21:50:04Z,2026-06-26T21:52:46Z,"45119e62-fb47-42df-8e3f-62a36597ee45"
"Instalación de Salas de Juicios Orales en Sonora","instalacion-salas-de-juicios-orales-sonora","Instalación de Salas de Juicios Orales en Sonora","Modernizamos salas de audiencia con audio, video, software MASOD® e infraestructura tecnológica para instituciones en Sonora.","Instalación de Salas de Juicios Orales en Sonora | Blegam Corp","Blegam Corp es especialista en instalación de salas de juicios orales en sonora. Diseñamos e implementamos salas de oralidad llave en mano con audio, video, videograbación, redes, almacenamiento NAS y software MASOD® para instituciones.","https://wa.me/525517390097?text=SW-%20Hola%20quisiera%20m%C3%A1s%20informaci%C3%B3n%20de%20sus%20servicios%20de%20%22Instalaci%C3%B3n%20de%20Salas%20de%20Juicios%20Orales%20en%20Sonora%22","Sonora","Sonora","Instalación de Salas de Juicios Orales","1a1dc7ab-1a53-4c13-a7b2-229d8a0fefe7",2026-06-26T21:50:04Z,2026-06-26T21:52:46Z,"45119e62-fb47-42df-8e3f-62a36597ee45"
"Instalación de Salas de Juicios Orales en San Juan del Río","instalacion-salas-de-juicios-orales-san-juan-del-rio","Instalación de Salas de Juicios Orales en San Juan del Río","Modernizamos salas de audiencia con audio, video, software MASOD® e infraestructura tecnológica para instituciones en San Juan del Río.","Instalación de Salas de Juicios Orales en San Juan del Río | Blegam Corp","Blegam Corp es especialista en instalación de salas de juicios orales en san juan del río. Diseñamos e implementamos salas de oralidad llave en mano con audio, video, videograbación, redes, almacenamiento NAS y software MASOD® para instituciones.","https://wa.me/525517390097?text=SW-%20Hola%20quisiera%20m%C3%A1s%20informaci%C3%B3n%20de%20sus%20servicios%20de%20%22Instalaci%C3%B3n%20de%20Salas%20de%20Juicios%20Orales%20en%20San%20Juan%20del%20R%C3%ADo%22","San Juan del Río","Querétaro","Instalación de Salas de Juicios Orales","1a935547-e12a-4a83-a17a-fcdb4445611e",2026-06-26T21:50:04Z,2026-06-26T21:52:46Z,"45119e62-fb47-42df-8e3f-62a36597ee45"
"Instalación de Salas de Juicios Orales en Naucalpan","instalacion-salas-de-juicios-orales-naucalpan","Instalación de Salas de Juicios Orales en Naucalpan","Modernizamos salas de audiencia con audio, video, software MASOD® e infraestructura tecnológica para instituciones en Naucalpan.","Instalación de Salas de Juicios Orales en Naucalpan | Blegam Corp","Blegam Corp es especialista en instalación de salas de juicios orales en naucalpan. Diseñamos e implementamos salas de oralidad llave en mano con audio, video, videograbación, redes, almacenamiento NAS y software MASOD® para instituciones.","https://wa.me/525517390097?text=SW-%20Hola%20quisiera%20m%C3%A1s%20informaci%C3%B3n%20de%20sus%20servicios%20de%20%22Instalaci%C3%B3n%20de%20Salas%20de%20Juicios%20Orales%20en%20Naucalpan%22","Naucalpan","Estado de México","Instalación de Salas de Juicios Orales","1bc9a1de-1697-4a4c-93fe-3dd0dd11a3d9",2026-06-26T21:50:04Z,2026-06-26T21:52:46Z,"45119e62-fb47-42df-8e3f-62a36597ee45"
"Instalación de Salas de Juicios Orales en León","instalacion-salas-de-juicios-orales-leon","Instalación de Salas de Juicios Orales en León","Modernizamos salas de audiencia con audio, video, software MASOD® e infraestructura tecnológica para instituciones en León.","Instalación de Salas de Juicios Orales en León | Blegam Corp","Blegam Corp es especialista en instalación de salas de juicios orales en león. Diseñamos e implementamos salas de oralidad llave en mano con audio, video, videograbación, redes, almacenamiento NAS y software MASOD® para instituciones.","https://wa.me/525517390097?text=SW-%20Hola%20quisiera%20m%C3%A1s%20informaci%C3%B3n%20de%20sus%20servicios%20de%20%22Instalaci%C3%B3n%20de%20Salas%20de%20Juicios%20Orales%20en%20Le%C3%B3n%22","León","Guanajuato","Instalación de Salas de Juicios Orales","1ce8b788-1771-4d8d-a0b3-20d5cd726e33",2026-06-26T21:50:04Z,2026-06-26T21:52:46Z,"45119e62-fb47-42df-8e3f-62a36597ee45"
"Instalación de Salas de Juicios Orales en Puerta Las Lomas, Jalisco","instalacion-salas-de-juicios-orales-puerta-las-lomas-jalisco","Instalación de Salas de Juicios Orales en Puerta Las Lomas, Jalisco","Modernizamos salas de audiencia con audio, video, software MASOD® e infraestructura tecnológica para instituciones en Puerta Las Lomas, Jalisco.","Instalación de Salas de Juicios Orales en Puerta Las Lomas, Jalisco | Blegam Corp","Blegam Corp es especialista en instalación de salas de juicios orales en puerta las lomas, jalisco. Diseñamos e implementamos salas de oralidad llave en mano con audio, video, videograbación, redes, almacenamiento NAS y software MASOD® para instituciones.","https://wa.me/525517390097?text=SW-%20Hola%20quisiera%20m%C3%A1s%20informaci%C3%B3n%20de%20sus%20servicios%20de%20%22Instalaci%C3%B3n%20de%20Salas%20de%20Juicios%20Orales%20en%20Puerta%20Las%20Lomas%2C%20Jalisco%22","Puerta Las Lomas","Jalisco","Instalación de Salas de Juicios Orales","1d5fbe07-aa6a-4493-8169-3f9a356c35aa",2026-06-26T21:50:04Z,2026-06-26T21:52:46Z,"45119e62-fb47-42df-8e3f-62a36597ee45"
"Instalación de Salas de Juicios Orales en Los Mochis, Sinaloa","instalacion-salas-de-juicios-orales-los-mochis-sinaloa","Instalación de Salas de Juicios Orales en Los Mochis, Sinaloa","Modernizamos salas de audiencia con audio, video, software MASOD® e infraestructura tecnológica para instituciones en Los Mochis, Sinaloa.","Instalación de Salas de Juicios Orales en Los Mochis, Sinaloa | Blegam Corp","Blegam Corp es especialista en instalación de salas de juicios orales en los mochis, sinaloa. Diseñamos e implementamos salas de oralidad llave en mano con audio, video, videograbación, redes, almacenamiento NAS y software MASOD® para instituciones.","https://wa.me/525517390097?text=SW-%20Hola%20quisiera%20m%C3%A1s%20informaci%C3%B3n%20de%20sus%20servicios%20de%20%22Instalaci%C3%B3n%20de%20Salas%20de%20Juicios%20Orales%20en%20Los%20Mochis%2C%20Sinaloa%22","Los Mochis","Sinaloa","Instalación de Salas de Juicios Orales","1d7e3fc4-8db3-44ec-88b7-47a13b21c3ad",2026-06-26T21:50:04Z,2026-06-26T21:52:46Z,"45119e62-fb47-42df-8e3f-62a36597ee45"
"Instalación de Salas de Juicios Orales en Chihuahua","instalacion-salas-de-juicios-orales-chihuahua","Instalación de Salas de Juicios Orales en Chihuahua","Modernizamos salas de audiencia con audio, video, software MASOD® e infraestructura tecnológica para instituciones en Chihuahua.","Instalación de Salas de Juicios Orales en Chihuahua | Blegam Corp","Blegam Corp es especialista en instalación de salas de juicios orales en chihuahua. Diseñamos e implementamos salas de oralidad llave en mano con audio, video, videograbación, redes, almacenamiento NAS y software MASOD® para instituciones.","https://wa.me/525517390097?text=SW-%20Hola%20quisiera%20m%C3%A1s%20informaci%C3%B3n%20de%20sus%20servicios%20de%20%22Instalaci%C3%B3n%20de%20Salas%20de%20Juicios%20Orales%20en%20Chihuahua%22","Chihuahua","Chihuahua","Instalación de Salas de Juicios Orales","1e869151-ad6d-4bbf-a39e-0060146e361e",2026-06-26T21:50:04Z,2026-06-26T21:52:46Z,"45119e62-fb47-42df-8e3f-62a36597ee45"
"Instalación de Salas de Juicios Orales en Baja California","instalacion-salas-de-juicios-orales-baja-california","Instalación de Salas de Juicios Orales en Baja California","Modernizamos salas de audiencia con audio, video, software MASOD® e infraestructura tecnológica para instituciones en Baja California.","Instalación de Salas de Juicios Orales en Baja California | Blegam Corp","Blegam Corp es especialista en instalación de salas de juicios orales en baja california. Diseñamos e implementamos salas de oralidad llave en mano con audio, video, videograbación, redes, almacenamiento NAS y software MASOD® para instituciones.","https://wa.me/525517390097?text=SW-%20Hola%20quisiera%20m%C3%A1s%20informaci%C3%B3n%20de%20sus%20servicios%20de%20%22Instalaci%C3%B3n%20de%20Salas%20de%20Juicios%20Orales%20en%20Baja%20California%22","Baja California","Baja California","Instalación de Salas de Juicios Orales","1e87c199-2a61-49e5-8756-9ab09edf328d",2026-06-26T21:50:04Z,2026-06-26T21:52:46Z,"45119e62-fb47-42df-8e3f-62a36597ee45"
"Instalación de Salas de Juicios Orales en Amozoc","instalacion-salas-de-juicios-orales-amozoc","Instalación de Salas de Juicios Orales en Amozoc","Modernizamos salas de audiencia con audio, video, software MASOD® e infraestructura tecnológica para instituciones en Amozoc.","Instalación de Salas de Juicios Orales en Amozoc | Blegam Corp","Blegam Corp es especialista en instalación de salas de juicios orales en amozoc. Diseñamos e implementamos salas de oralidad llave en mano con audio, video, videograbación, redes, almacenamiento NAS y software MASOD® para instituciones.","https://wa.me/525517390097?text=SW-%20Hola%20quisiera%20m%C3%A1s%20informaci%C3%B3n%20de%20sus%20servicios%20de%20%22Instalaci%C3%B3n%20de%20Salas%20de%20Juicios%20Orales%20en%20Amozoc%22","Amozoc","Puebla","Instalación de Salas de Juicios Orales","20303cfb-4fab-436b-8cb1-b13218c2ddcd",2026-06-26T21:50:04Z,2026-06-26T21:52:46Z,"45119e62-fb47-42df-8e3f-62a36597ee45"
"Instalación de Salas de Juicios Orales en Guadalupe","instalacion-salas-de-juicios-orales-guadalupe","Instalación de Salas de Juicios Orales en Guadalupe","Modernizamos salas de audiencia con audio, video, software MASOD® e infraestructura tecnológica para instituciones en Guadalupe.","Instalación de Salas de Juicios Orales en Guadalupe | Blegam Corp","Blegam Corp es especialista en instalación de salas de juicios orales en guadalupe. Diseñamos e implementamos salas de oralidad llave en mano con audio, video, videograbación, redes, almacenamiento NAS y software MASOD® para instituciones.","https://wa.me/525517390097?text=SW-%20Hola%20quisiera%20m%C3%A1s%20informaci%C3%B3n%20de%20sus%20servicios%20de%20%22Instalaci%C3%B3n%20de%20Salas%20de%20Juicios%20Orales%20en%20Guadalupe%22","Guadalupe","Nuevo León","Instalación de Salas de Juicios Orales","20bebaf7-d121-4214-ac8a-d319fd1c90d0",2026-06-26T21:50:04Z,2026-06-26T21:52:46Z,"45119e62-fb47-42df-8e3f-62a36597ee45"
"Instalación de Salas de Juicios Orales en San Pedro Cholula","instalacion-salas-de-juicios-orales-san-pedro-cholula","Instalación de Salas de Juicios Orales en San Pedro Cholula","Modernizamos salas de audiencia con audio, video, software MASOD® e infraestructura tecnológica para instituciones en San Pedro Cholula.","Instalación de Salas de Juicios Orales en San Pedro Cholula | Blegam Corp","Blegam Corp es especialista en instalación de salas de juicios orales en san pedro cholula. Diseñamos e implementamos salas de oralidad llave en mano con audio, video, videograbación, redes, almacenamiento NAS y software MASOD® para instituciones.","https://wa.me/525517390097?text=SW-%20Hola%20quisiera%20m%C3%A1s%20informaci%C3%B3n%20de%20sus%20servicios%20de%20%22Instalaci%C3%B3n%20de%20Salas%20de%20Juicios%20Orales%20en%20San%20Pedro%20Cholula%22","San Pedro Cholula","Puebla","Instalación de Salas de Juicios Orales","210a379f-f4bf-4dea-a43c-3d3d0b7c5c05",2026-06-26T21:50:04Z,2026-06-26T21:52:46Z,"45119e62-fb47-42df-8e3f-62a36597ee45"
"Instalación de Salas de Juicios Orales en Boca del Río","instalacion-salas-de-juicios-orales-boca-del-rio","Instalación de Salas de Juicios Orales en Boca del Río","Modernizamos salas de audiencia con audio, video, software MASOD® e infraestructura tecnológica para instituciones en Boca del Río.","Instalación de Salas de Juicios Orales en Boca del Río | Blegam Corp","Blegam Corp es especialista en instalación de salas de juicios orales en boca del río. Diseñamos e implementamos salas de oralidad llave en mano con audio, video, videograbación, redes, almacenamiento NAS y software MASOD® para instituciones.","https://wa.me/525517390097?text=SW-%20Hola%20quisiera%20m%C3%A1s%20informaci%C3%B3n%20de%20sus%20servicios%20de%20%22Instalaci%C3%B3n%20de%20Salas%20de%20Juicios%20Orales%20en%20Boca%20del%20R%C3%ADo%22","Boca del Río","Veracruz","Instalación de Salas de Juicios Orales","225e4795-2d67-446b-a35d-b8e864e67a90",2026-06-26T21:50:04Z,2026-06-26T21:52:46Z,"45119e62-fb47-42df-8e3f-62a36597ee45"
"Instalación de Salas de Juicios Orales en Ciudad Juárez","instalacion-salas-de-juicios-orales-ciudad-juarez","Instalación de Salas de Juicios Orales en Ciudad Juárez","Modernizamos salas de audiencia con audio, video, software MASOD® e infraestructura tecnológica para instituciones en Ciudad Juárez.","Instalación de Salas de Juicios Orales en Ciudad Juárez | Blegam Corp","Blegam Corp es especialista en instalación de salas de juicios orales en ciudad juárez. Diseñamos e implementamos salas de oralidad llave en mano con audio, video, videograbación, redes, almacenamiento NAS y software MASOD® para instituciones.","https://wa.me/525517390097?text=SW-%20Hola%20quisiera%20m%C3%A1s%20informaci%C3%B3n%20de%20sus%20servicios%20de%20%22Instalaci%C3%B3n%20de%20Salas%20de%20Juicios%20Orales%20en%20Ciudad%20Ju%C3%A1rez%22","Ciudad Juárez","Chihuahua","Instalación de Salas de Juicios Orales","22d868b0-68a4-4f94-8716-719c07c2f216",2026-06-26T21:50:04Z,2026-06-26T21:52:46Z,"45119e62-fb47-42df-8e3f-62a36597ee45"
"Instalación de Salas de Juicios Orales en Zinacantepec","instalacion-salas-de-juicios-orales-zinacantepec","Instalación de Salas de Juicios Orales en Zinacantepec","Modernizamos salas de audiencia con audio, video, software MASOD® e infraestructura tecnológica para instituciones en Zinacantepec.","Instalación de Salas de Juicios Orales en Zinacantepec | Blegam Corp","Blegam Corp es especialista en instalación de salas de juicios orales en zinacantepec. Diseñamos e implementamos salas de oralidad llave en mano con audio, video, videograbación, redes, almacenamiento NAS y software MASOD® para instituciones.","https://wa.me/525517390097?text=SW-%20Hola%20quisiera%20m%C3%A1s%20informaci%C3%B3n%20de%20sus%20servicios%20de%20%22Instalaci%C3%B3n%20de%20Salas%20de%20Juicios%20Orales%20en%20Zinacantepec%22","Zinacantepec","Estado de México","Instalación de Salas de Juicios Orales","2331c825-87d7-416e-afe6-f256beaa4b9b",2026-06-26T21:50:04Z,2026-06-26T21:52:46Z,"45119e62-fb47-42df-8e3f-62a36597ee45"
"Instalación de Salas de Juicios Orales en Pedregal","instalacion-salas-de-juicios-orales-pedregal","Instalación de Salas de Juicios Orales en Pedregal","Modernizamos salas de audiencia con audio, video, software MASOD® e infraestructura tecnológica para instituciones en Pedregal.","Instalación de Salas de Juicios Orales en Pedregal | Blegam Corp","Blegam Corp es especialista en instalación de salas de juicios orales en pedregal. Diseñamos e implementamos salas de oralidad llave en mano con audio, video, videograbación, redes, almacenamiento NAS y software MASOD® para instituciones.","https://wa.me/525517390097?text=SW-%20Hola%20quisiera%20m%C3%A1s%20informaci%C3%B3n%20de%20sus%20servicios%20de%20%22Instalaci%C3%B3n%20de%20Salas%20de%20Juicios%20Orales%20en%20Pedregal%22","Pedregal","Ciudad de México","Instalación de Salas de Juicios Orales","24e7bead-8d65-4f65-afa7-909307268c93",2026-06-26T21:50:04Z,2026-06-26T21:52:46Z,"45119e62-fb47-42df-8e3f-62a36597ee45"
"Instalación de Salas de Juicios Orales en Monclova","instalacion-salas-de-juicios-orales-monclova","Instalación de Salas de Juicios Orales en Monclova","Modernizamos salas de audiencia con audio, video, software MASOD® e infraestructura tecnológica para instituciones en Monclova.","Instalación de Salas de Juicios Orales en Monclova | Blegam Corp","Blegam Corp es especialista en instalación de salas de juicios orales en monclova. Diseñamos e implementamos salas de oralidad llave en mano con audio, video, videograbación, redes, almacenamiento NAS y software MASOD® para instituciones.","https://wa.me/525517390097?text=SW-%20Hola%20quisiera%20m%C3%A1s%20informaci%C3%B3n%20de%20sus%20servicios%20de%20%22Instalaci%C3%B3n%20de%20Salas%20de%20Juicios%20Orales%20en%20Monclova%22","Monclova","Coahuila","Instalación de Salas de Juicios Orales","256a07b6-fa89-41a3-a5d4-7dec6dcaf915",2026-06-26T21:50:04Z,2026-06-26T21:52:46Z,"45119e62-fb47-42df-8e3f-62a36597ee45"
"Instalación de Salas de Juicios Orales en Iztacalco","instalacion-salas-de-juicios-orales-iztacalco","Instalación de Salas de Juicios Orales en Iztacalco","Modernizamos salas de audiencia con audio, video, software MASOD® e infraestructura tecnológica para instituciones en Iztacalco.","Instalación de Salas de Juicios Orales en Iztacalco | Blegam Corp","Blegam Corp es especialista en instalación de salas de juicios orales en iztacalco. Diseñamos e implementamos salas de oralidad llave en mano con audio, video, videograbación, redes, almacenamiento NAS y software MASOD® para instituciones.","https://wa.me/525517390097?text=SW-%20Hola%20quisiera%20m%C3%A1s%20informaci%C3%B3n%20de%20sus%20servicios%20de%20%22Instalaci%C3%B3n%20de%20Salas%20de%20Juicios%20Orales%20en%20Iztacalco%22","Iztacalco","Ciudad de México","Instalación de Salas de Juicios Orales","25e24344-3325-41d9-9cf6-e99ad8038d0c",2026-06-26T21:50:04Z,2026-06-26T21:52:46Z,"45119e62-fb47-42df-8e3f-62a36597ee45"
"Instalación de Salas de Juicios Orales en Privanzas","instalacion-salas-de-juicios-orales-privanzas","Instalación de Salas de Juicios Orales en Privanzas","Modernizamos salas de audiencia con audio, video, software MASOD® e infraestructura tecnológica para instituciones en Privanzas.","Instalación de Salas de Juicios Orales en Privanzas | Blegam Corp","Blegam Corp es especialista en instalación de salas de juicios orales en privanzas. Diseñamos e implementamos salas de oralidad llave en mano con audio, video, videograbación, redes, almacenamiento NAS y software MASOD® para instituciones.","https://wa.me/525517390097?text=SW-%20Hola%20quisiera%20m%C3%A1s%20informaci%C3%B3n%20de%20sus%20servicios%20de%20%22Instalaci%C3%B3n%20de%20Salas%20de%20Juicios%20Orales%20en%20Privanzas%22","Privanzas","Nuevo León","Instalación de Salas de Juicios Orales","277ec138-bb8a-4ab5-8075-65afcc6873cb",2026-06-26T21:50:04Z,2026-06-26T21:52:46Z,"45119e62-fb47-42df-8e3f-62a36597ee45"
"Instalación de Salas de Juicios Orales en Campeche","instalacion-salas-de-juicios-orales-campeche","Instalación de Salas de Juicios Orales en Campeche","Modernizamos salas de audiencia con audio, video, software MASOD® e infraestructura tecnológica para instituciones en Campeche.","Instalación de Salas de Juicios Orales en Campeche | Blegam Corp","Blegam Corp es especialista en instalación de salas de juicios orales en campeche. Diseñamos e implementamos salas de oralidad llave en mano con audio, video, videograbación, redes, almacenamiento NAS y software MASOD® para instituciones.","https://wa.me/525517390097?text=SW-%20Hola%20quisiera%20m%C3%A1s%20informaci%C3%B3n%20de%20sus%20servicios%20de%20%22Instalaci%C3%B3n%20de%20Salas%20de%20Juicios%20Orales%20en%20Campeche%22","Campeche","Campeche","Instalación de Salas de Juicios Orales","28a5905c-b803-4c9c-83d1-f1e781a4ac8a",2026-06-26T21:50:04Z,2026-06-26T21:52:46Z,"45119e62-fb47-42df-8e3f-62a36597ee45"
"Instalación de Salas de Juicios Orales en Tlaxcala","instalacion-salas-de-juicios-orales-tlaxcala","Instalación de Salas de Juicios Orales en Tlaxcala","Modernizamos salas de audiencia con audio, video, software MASOD® e infraestructura tecnológica para instituciones en Tlaxcala.","Instalación de Salas de Juicios Orales en Tlaxcala | Blegam Corp","Blegam Corp es especialista en instalación de salas de juicios orales en tlaxcala. Diseñamos e implementamos salas de oralidad llave en mano con audio, video, videograbación, redes, almacenamiento NAS y software MASOD® para instituciones.","https://wa.me/525517390097?text=SW-%20Hola%20quisiera%20m%C3%A1s%20informaci%C3%B3n%20de%20sus%20servicios%20de%20%22Instalaci%C3%B3n%20de%20Salas%20de%20Juicios%20Orales%20en%20Tlaxcala%22","Tlaxcala","Tlaxcala","Instalación de Salas de Juicios Orales","2ad72ea8-2715-405d-ac90-51a98f861588",2026-06-26T21:50:04Z,2026-06-26T21:52:46Z,"45119e62-fb47-42df-8e3f-62a36597ee45"
"Instalación de Salas de Juicios Orales en San Pedro Garza García","instalacion-salas-de-juicios-orales-san-pedro-garza-garcia","Instalación de Salas de Juicios Orales en San Pedro Garza García","Modernizamos salas de audiencia con audio, video, software MASOD® e infraestructura tecnológica para instituciones en San Pedro Garza García.","Instalación de Salas de Juicios Orales en San Pedro Garza García | Blegam Corp","Blegam Corp es especialista en instalación de salas de juicios orales en san pedro garza garcía. Diseñamos e implementamos salas de oralidad llave en mano con audio, video, videograbación, redes, almacenamiento NAS y software MASOD® para instituciones.","https://wa.me/525517390097?text=SW-%20Hola%20quisiera%20m%C3%A1s%20informaci%C3%B3n%20de%20sus%20servicios%20de%20%22Instalaci%C3%B3n%20de%20Salas%20de%20Juicios%20Orales%20en%20San%20Pedro%20Garza%20Garc%C3%ADa%22","San Pedro Garza García","Nuevo León","Instalación de Salas de Juicios Orales","2c49cb6a-fc6f-4e78-889d-52682a1c0de4",2026-06-26T21:50:04Z,2026-06-26T21:52:46Z,"45119e62-fb47-42df-8e3f-62a36597ee45"
"Instalación de Salas de Juicios Orales en Lomas Altas","instalacion-salas-de-juicios-orales-lomas-altas","Instalación de Salas de Juicios Orales en Lomas Altas","Modernizamos salas de audiencia con audio, video, software MASOD® e infraestructura tecnológica para instituciones en Lomas Altas.","Instalación de Salas de Juicios Orales en Lomas Altas | Blegam Corp","Blegam Corp es especialista en instalación de salas de juicios orales en lomas altas. Diseñamos e implementamos salas de oralidad llave en mano con audio, video, videograbación, redes, almacenamiento NAS y software MASOD® para instituciones.","https://wa.me/525517390097?text=SW-%20Hola%20quisiera%20m%C3%A1s%20informaci%C3%B3n%20de%20sus%20servicios%20de%20%22Instalaci%C3%B3n%20de%20Salas%20de%20Juicios%20Orales%20en%20Lomas%20Altas%22","Lomas Altas","Ciudad de México","Instalación de Salas de Juicios Orales","2d2eeae1-4b73-4e05-b50c-a225bd78f324",2026-06-26T21:50:04Z,2026-06-26T21:52:46Z,"45119e62-fb47-42df-8e3f-62a36597ee45"
"Instalación de Salas de Juicios Orales en Valladolid","instalacion-salas-de-juicios-orales-valladolid","Instalación de Salas de Juicios Orales en Valladolid","Modernizamos salas de audiencia con audio, video, software MASOD® e infraestructura tecnológica para instituciones en Valladolid.","Instalación de Salas de Juicios Orales en Valladolid | Blegam Corp","Blegam Corp es especialista en instalación de salas de juicios orales en valladolid. Diseñamos e implementamos salas de oralidad llave en mano con audio, video, videograbación, redes, almacenamiento NAS y software MASOD® para instituciones.","https://wa.me/525517390097?text=SW-%20Hola%20quisiera%20m%C3%A1s%20informaci%C3%B3n%20de%20sus%20servicios%20de%20%22Instalaci%C3%B3n%20de%20Salas%20de%20Juicios%20Orales%20en%20Valladolid%22","Valladolid","Yucatán","Instalación de Salas de Juicios Orales","2d817d57-bcea-43c4-a00c-df737c8f59cf",2026-06-26T21:50:04Z,2026-06-26T21:52:46Z,"45119e62-fb47-42df-8e3f-62a36597ee45"
"Instalación de Salas de Juicios Orales en Gómez Palacio","instalacion-salas-de-juicios-orales-gomez-palacio","Instalación de Salas de Juicios Orales en Gómez Palacio","Modernizamos salas de audiencia con audio, video, software MASOD® e infraestructura tecnológica para instituciones en Gómez Palacio.","Instalación de Salas de Juicios Orales en Gómez Palacio | Blegam Corp","Blegam Corp es especialista en instalación de salas de juicios orales en gómez palacio. Diseñamos e implementamos salas de oralidad llave en mano con audio, video, videograbación, redes, almacenamiento NAS y software MASOD® para instituciones.","https://wa.me/525517390097?text=SW-%20Hola%20quisiera%20m%C3%A1s%20informaci%C3%B3n%20de%20sus%20servicios%20de%20%22Instalaci%C3%B3n%20de%20Salas%20de%20Juicios%20Orales%20en%20G%C3%B3mez%20Palacio%22","Gómez Palacio","Durango","Instalación de Salas de Juicios Orales","2eff1894-96cc-4a16-9d0c-e8d4fdf6af43",2026-06-26T21:50:04Z,2026-06-26T21:52:46Z,"45119e62-fb47-42df-8e3f-62a36597ee45"
"Instalación de Salas de Juicios Orales en Estado de México","instalacion-salas-de-juicios-orales-estado-de-mexico","Instalación de Salas de Juicios Orales en Estado de México","Modernizamos salas de audiencia con audio, video, software MASOD® e infraestructura tecnológica para instituciones en Estado de México.","Instalación de Salas de Juicios Orales en Estado de México | Blegam Corp","Blegam Corp es especialista en instalación de salas de juicios orales en estado de méxico. Diseñamos e implementamos salas de oralidad llave en mano con audio, video, videograbación, redes, almacenamiento NAS y software MASOD® para instituciones.","https://wa.me/525517390097?text=SW-%20Hola%20quisiera%20m%C3%A1s%20informaci%C3%B3n%20de%20sus%20servicios%20de%20%22Instalaci%C3%B3n%20de%20Salas%20de%20Juicios%20Orales%20en%20Estado%20de%20M%C3%A9xico%22","Estado de México","Estado de México","Instalación de Salas de Juicios Orales","301a10fc-c008-46f5-b442-93769be9b641",2026-06-26T21:50:04Z,2026-06-26T21:52:46Z,"45119e62-fb47-42df-8e3f-62a36597ee45"
"Instalación de Salas de Juicios Orales en Celaya","instalacion-salas-de-juicios-orales-celaya","Instalación de Salas de Juicios Orales en Celaya","Modernizamos salas de audiencia con audio, video, software MASOD® e infraestructura tecnológica para instituciones en Celaya.","Instalación de Salas de Juicios Orales en Celaya | Blegam Corp","Blegam Corp es especialista en instalación de salas de juicios orales en celaya. Diseñamos e implementamos salas de oralidad llave en mano con audio, video, videograbación, redes, almacenamiento NAS y software MASOD® para instituciones.","https://wa.me/525517390097?text=SW-%20Hola%20quisiera%20m%C3%A1s%20informaci%C3%B3n%20de%20sus%20servicios%20de%20%22Instalaci%C3%B3n%20de%20Salas%20de%20Juicios%20Orales%20en%20Celaya%22","Celaya","Guanajuato","Instalación de Salas de Juicios Orales","32203aeb-d24a-4f52-9d07-836882feb148",2026-06-26T21:50:04Z,2026-06-26T21:52:46Z,"45119e62-fb47-42df-8e3f-62a36597ee45"
"Instalación de Salas de Juicios Orales en Colorines","instalacion-salas-de-juicios-orales-colorines","Instalación de Salas de Juicios Orales en Colorines","Modernizamos salas de audiencia con audio, video, software MASOD® e infraestructura tecnológica para instituciones en Colorines.","Instalación de Salas de Juicios Orales en Colorines | Blegam Corp","Blegam Corp es especialista en instalación de salas de juicios orales en colorines. Diseñamos e implementamos salas de oralidad llave en mano con audio, video, videograbación, redes, almacenamiento NAS y software MASOD® para instituciones.","https://wa.me/525517390097?text=SW-%20Hola%20quisiera%20m%C3%A1s%20informaci%C3%B3n%20de%20sus%20servicios%20de%20%22Instalaci%C3%B3n%20de%20Salas%20de%20Juicios%20Orales%20en%20Colorines%22","Colorines","Nuevo León","Instalación de Salas de Juicios Orales","32273a57-6679-48b3-a60d-a5afa6a633d5",2026-06-26T21:50:04Z,2026-06-26T21:52:46Z,"45119e62-fb47-42df-8e3f-62a36597ee45"
"Instalación de Salas de Juicios Orales en Uruapan","instalacion-salas-de-juicios-orales-uruapan","Instalación de Salas de Juicios Orales en Uruapan","Modernizamos salas de audiencia con audio, video, software MASOD® e infraestructura tecnológica para instituciones en Uruapan.","Instalación de Salas de Juicios Orales en Uruapan | Blegam Corp","Blegam Corp es especialista en instalación de salas de juicios orales en uruapan. Diseñamos e implementamos salas de oralidad llave en mano con audio, video, videograbación, redes, almacenamiento NAS y software MASOD® para instituciones.","https://wa.me/525517390097?text=SW-%20Hola%20quisiera%20m%C3%A1s%20informaci%C3%B3n%20de%20sus%20servicios%20de%20%22Instalaci%C3%B3n%20de%20Salas%20de%20Juicios%20Orales%20en%20Uruapan%22","Uruapan","Michoacán","Instalación de Salas de Juicios Orales","32d260c5-f712-48d2-840b-deca41ca5719",2026-06-26T21:50:04Z,2026-06-26T21:52:46Z,"45119e62-fb47-42df-8e3f-62a36597ee45"
"Instalación de Salas de Juicios Orales en Colima","instalacion-salas-de-juicios-orales-colima","Instalación de Salas de Juicios Orales en Colima","Modernizamos salas de audiencia con audio, video, software MASOD® e infraestructura tecnológica para instituciones en Colima.","Instalación de Salas de Juicios Orales en Colima | Blegam Corp","Blegam Corp es especialista en instalación de salas de juicios orales en colima. Diseñamos e implementamos salas de oralidad llave en mano con audio, video, videograbación, redes, almacenamiento NAS y software MASOD® para instituciones.","https://wa.me/525517390097?text=SW-%20Hola%20quisiera%20m%C3%A1s%20informaci%C3%B3n%20de%20sus%20servicios%20de%20%22Instalaci%C3%B3n%20de%20Salas%20de%20Juicios%20Orales%20en%20Colima%22","Colima","Colima","Instalación de Salas de Juicios Orales","3b4fd79e-4cc5-4d1f-89bd-a4d97866926f",2026-06-26T21:50:04Z,2026-06-26T21:52:46Z,"45119e62-fb47-42df-8e3f-62a36597ee45"
"Instalación de Salas de Juicios Orales en Chimalhuacán","instalacion-salas-de-juicios-orales-chimalhuacan","Instalación de Salas de Juicios Orales en Chimalhuacán","Modernizamos salas de audiencia con audio, video, software MASOD® e infraestructura tecnológica para instituciones en Chimalhuacán.","Instalación de Salas de Juicios Orales en Chimalhuacán | Blegam Corp","Blegam Corp es especialista en instalación de salas de juicios orales en chimalhuacán. Diseñamos e implementamos salas de oralidad llave en mano con audio, video, videograbación, redes, almacenamiento NAS y software MASOD® para instituciones.","https://wa.me/525517390097?text=SW-%20Hola%20quisiera%20m%C3%A1s%20informaci%C3%B3n%20de%20sus%20servicios%20de%20%22Instalaci%C3%B3n%20de%20Salas%20de%20Juicios%20Orales%20en%20Chimalhuac%C3%A1n%22","Chimalhuacán","Estado de México","Instalación de Salas de Juicios Orales","3b986f78-b38e-49d7-b1b6-bdce6377e1e2",2026-06-26T21:50:04Z,2026-06-26T21:52:46Z,"45119e62-fb47-42df-8e3f-62a36597ee45"
"Instalación de Salas de Juicios Orales en Portales","instalacion-salas-de-juicios-orales-portales","Instalación de Salas de Juicios Orales en Portales","Modernizamos salas de audiencia con audio, video, software MASOD® e infraestructura tecnológica para instituciones en Portales.","Instalación de Salas de Juicios Orales en Portales | Blegam Corp","Blegam Corp es especialista en instalación de salas de juicios orales en portales. Diseñamos e implementamos salas de oralidad llave en mano con audio, video, videograbación, redes, almacenamiento NAS y software MASOD® para instituciones.","https://wa.me/525517390097?text=SW-%20Hola%20quisiera%20m%C3%A1s%20informaci%C3%B3n%20de%20sus%20servicios%20de%20%22Instalaci%C3%B3n%20de%20Salas%20de%20Juicios%20Orales%20en%20Portales%22","Portales","Ciudad de México","Instalación de Salas de Juicios Orales","3d93afb6-8be3-4193-808f-56669746c431",2026-06-26T21:50:04Z,2026-06-26T21:52:46Z,"45119e62-fb47-42df-8e3f-62a36597ee45"
"Instalación de Salas de Juicios Orales en Tampico","instalacion-salas-de-juicios-orales-tampico","Instalación de Salas de Juicios Orales en Tampico","Modernizamos salas de audiencia con audio, video, software MASOD® e infraestructura tecnológica para instituciones en Tampico.","Instalación de Salas de Juicios Orales en Tampico | Blegam Corp","Blegam Corp es especialista en instalación de salas de juicios orales en tampico. Diseñamos e implementamos salas de oralidad llave en mano con audio, video, videograbación, redes, almacenamiento NAS y software MASOD® para instituciones.","https://wa.me/525517390097?text=SW-%20Hola%20quisiera%20m%C3%A1s%20informaci%C3%B3n%20de%20sus%20servicios%20de%20%22Instalaci%C3%B3n%20de%20Salas%20de%20Juicios%20Orales%20en%20Tampico%22","Tampico","Tamaulipas","Instalación de Salas de Juicios Orales","3db34eb0-45e4-481d-85f3-ffaa7ea265cd",2026-06-26T21:50:04Z,2026-06-26T21:52:46Z,"45119e62-fb47-42df-8e3f-62a36597ee45"
"Instalación de Salas de Juicios Orales en Ciudad Granja","instalacion-salas-de-juicios-orales-ciudad-granja","Instalación de Salas de Juicios Orales en Ciudad Granja","Modernizamos salas de audiencia con audio, video, software MASOD® e infraestructura tecnológica para instituciones en Ciudad Granja.","Instalación de Salas de Juicios Orales en Ciudad Granja | Blegam Corp","Blegam Corp es especialista en instalación de salas de juicios orales en ciudad granja. Diseñamos e implementamos salas de oralidad llave en mano con audio, video, videograbación, redes, almacenamiento NAS y software MASOD® para instituciones.","https://wa.me/525517390097?text=SW-%20Hola%20quisiera%20m%C3%A1s%20informaci%C3%B3n%20de%20sus%20servicios%20de%20%22Instalaci%C3%B3n%20de%20Salas%20de%20Juicios%20Orales%20en%20Ciudad%20Granja%22","Ciudad Granja","Jalisco","Instalación de Salas de Juicios Orales","3ef5f625-1637-4844-baa5-70404625cf7c",2026-06-26T21:50:04Z,2026-06-26T21:52:46Z,"45119e62-fb47-42df-8e3f-62a36597ee45"
"Instalación de Salas de Juicios Orales en Xochimilco","instalacion-salas-de-juicios-orales-xochimilco","Instalación de Salas de Juicios Orales en Xochimilco","Modernizamos salas de audiencia con audio, video, software MASOD® e infraestructura tecnológica para instituciones en Xochimilco.","Instalación de Salas de Juicios Orales en Xochimilco | Blegam Corp","Blegam Corp es especialista en instalación de salas de juicios orales en xochimilco. Diseñamos e implementamos salas de oralidad llave en mano con audio, video, videograbación, redes, almacenamiento NAS y software MASOD® para instituciones.","https://wa.me/525517390097?text=SW-%20Hola%20quisiera%20m%C3%A1s%20informaci%C3%B3n%20de%20sus%20servicios%20de%20%22Instalaci%C3%B3n%20de%20Salas%20de%20Juicios%20Orales%20en%20Xochimilco%22","Xochimilco","Ciudad de México","Instalación de Salas de Juicios Orales","3f60ca87-3fba-44e8-9395-1811fb145a4c",2026-06-26T21:50:04Z,2026-06-26T21:52:46Z,"45119e62-fb47-42df-8e3f-62a36597ee45"
"Instalación de Salas de Juicios Orales en Reforma","instalacion-salas-de-juicios-orales-reforma","Instalación de Salas de Juicios Orales en Reforma","Modernizamos salas de audiencia con audio, video, software MASOD® e infraestructura tecnológica para instituciones en Reforma.","Instalación de Salas de Juicios Orales en Reforma | Blegam Corp","Blegam Corp es especialista en instalación de salas de juicios orales en reforma. Diseñamos e implementamos salas de oralidad llave en mano con audio, video, videograbación, redes, almacenamiento NAS y software MASOD® para instituciones.","https://wa.me/525517390097?text=SW-%20Hola%20quisiera%20m%C3%A1s%20informaci%C3%B3n%20de%20sus%20servicios%20de%20%22Instalaci%C3%B3n%20de%20Salas%20de%20Juicios%20Orales%20en%20Reforma%22","Reforma","Ciudad de México","Instalación de Salas de Juicios Orales","3f67d19f-8456-4a68-b557-06d6bc74a79d",2026-06-26T21:50:04Z,2026-06-26T21:52:46Z,"45119e62-fb47-42df-8e3f-62a36597ee45"
"Instalación de Salas de Juicios Orales en Tijuana","instalacion-salas-de-juicios-orales-tijuana","Instalación de Salas de Juicios Orales en Tijuana","Modernizamos salas de audiencia con audio, video, software MASOD® e infraestructura tecnológica para instituciones en Tijuana.","Instalación de Salas de Juicios Orales en Tijuana | Blegam Corp","Blegam Corp es especialista en instalación de salas de juicios orales en tijuana. Diseñamos e implementamos salas de oralidad llave en mano con audio, video, videograbación, redes, almacenamiento NAS y software MASOD® para instituciones.","https://wa.me/525517390097?text=SW-%20Hola%20quisiera%20m%C3%A1s%20informaci%C3%B3n%20de%20sus%20servicios%20de%20%22Instalaci%C3%B3n%20de%20Salas%20de%20Juicios%20Orales%20en%20Tijuana%22","Tijuana","Baja California","Instalación de Salas de Juicios Orales","40858ad0-1eaa-454a-884d-775b89ffd4f0",2026-06-26T21:50:04Z,2026-06-26T21:52:46Z,"45119e62-fb47-42df-8e3f-62a36597ee45"
"Instalación de Salas de Juicios Orales en Oaxaca de Juárez","instalacion-salas-de-juicios-orales-oaxaca-de-juarez","Instalación de Salas de Juicios Orales en Oaxaca de Juárez","Modernizamos salas de audiencia con audio, video, software MASOD® e infraestructura tecnológica para instituciones en Oaxaca de Juárez.","Instalación de Salas de Juicios Orales en Oaxaca de Juárez | Blegam Corp","Blegam Corp es especialista en instalación de salas de juicios orales en oaxaca de juárez. Diseñamos e implementamos salas de oralidad llave en mano con audio, video, videograbación, redes, almacenamiento NAS y software MASOD® para instituciones.","https://wa.me/525517390097?text=SW-%20Hola%20quisiera%20m%C3%A1s%20informaci%C3%B3n%20de%20sus%20servicios%20de%20%22Instalaci%C3%B3n%20de%20Salas%20de%20Juicios%20Orales%20en%20Oaxaca%20de%20Ju%C3%A1rez%22","Oaxaca de Juárez","Oaxaca","Instalación de Salas de Juicios Orales","415a7699-79e1-45aa-ab89-5c8c87769883",2026-06-26T21:50:04Z,2026-06-26T21:52:46Z,"45119e62-fb47-42df-8e3f-62a36597ee45"
"Instalación de Salas de Juicios Orales en Roma Sur","instalacion-salas-de-juicios-orales-roma-sur","Instalación de Salas de Juicios Orales en Roma Sur","Modernizamos salas de audiencia con audio, video, software MASOD® e infraestructura tecnológica para instituciones en Roma Sur.","Instalación de Salas de Juicios Orales en Roma Sur | Blegam Corp","Blegam Corp es especialista en instalación de salas de juicios orales en roma sur. Diseñamos e implementamos salas de oralidad llave en mano con audio, video, videograbación, redes, almacenamiento NAS y software MASOD® para instituciones.","https://wa.me/525517390097?text=SW-%20Hola%20quisiera%20m%C3%A1s%20informaci%C3%B3n%20de%20sus%20servicios%20de%20%22Instalaci%C3%B3n%20de%20Salas%20de%20Juicios%20Orales%20en%20Roma%20Sur%22","Roma Sur","Ciudad de México","Instalación de Salas de Juicios Orales","41ed4637-4863-48f1-8dc9-d21b3b7c0939",2026-06-26T21:50:04Z,2026-06-26T21:52:46Z,"45119e62-fb47-42df-8e3f-62a36597ee45"
"Instalación de Salas de Juicios Orales en Playa del Carmen","instalacion-salas-de-juicios-orales-playa-del-carmen","Instalación de Salas de Juicios Orales en Playa del Carmen","Modernizamos salas de audiencia con audio, video, software MASOD® e infraestructura tecnológica para instituciones en Playa del Carmen.","Instalación de Salas de Juicios Orales en Playa del Carmen | Blegam Corp","Blegam Corp es especialista en instalación de salas de juicios orales en playa del carmen. Diseñamos e implementamos salas de oralidad llave en mano con audio, video, videograbación, redes, almacenamiento NAS y software MASOD® para instituciones.","https://wa.me/525517390097?text=SW-%20Hola%20quisiera%20m%C3%A1s%20informaci%C3%B3n%20de%20sus%20servicios%20de%20%22Instalaci%C3%B3n%20de%20Salas%20de%20Juicios%20Orales%20en%20Playa%20del%20Carmen%22","Playa del Carmen","Quintana Roo","Instalación de Salas de Juicios Orales","436bfd8a-5eaf-47f3-b521-c5b3352f3d28",2026-06-26T21:50:04Z,2026-06-26T21:52:46Z,"45119e62-fb47-42df-8e3f-62a36597ee45"
"Instalación de Salas de Juicios Orales en Jalisco","instalacion-salas-de-juicios-orales-jalisco","Instalación de Salas de Juicios Orales en Jalisco","Modernizamos salas de audiencia con audio, video, software MASOD® e infraestructura tecnológica para instituciones en Jalisco.","Instalación de Salas de Juicios Orales en Jalisco | Blegam Corp","Blegam Corp es especialista en instalación de salas de juicios orales en jalisco. Diseñamos e implementamos salas de oralidad llave en mano con audio, video, videograbación, redes, almacenamiento NAS y software MASOD® para instituciones.","https://wa.me/525517390097?text=SW-%20Hola%20quisiera%20m%C3%A1s%20informaci%C3%B3n%20de%20sus%20servicios%20de%20%22Instalaci%C3%B3n%20de%20Salas%20de%20Juicios%20Orales%20en%20Jalisco%22","Jalisco","Jalisco","Instalación de Salas de Juicios Orales","43736860-7eaa-45f6-b832-dbacb76befc1",2026-06-26T21:50:04Z,2026-06-26T21:52:46Z,"45119e62-fb47-42df-8e3f-62a36597ee45"
"Instalación de Salas de Juicios Orales en Santa Anita","instalacion-salas-de-juicios-orales-santa-anita","Instalación de Salas de Juicios Orales en Santa Anita","Modernizamos salas de audiencia con audio, video, software MASOD® e infraestructura tecnológica para instituciones en Santa Anita.","Instalación de Salas de Juicios Orales en Santa Anita | Blegam Corp","Blegam Corp es especialista en instalación de salas de juicios orales en santa anita. Diseñamos e implementamos salas de oralidad llave en mano con audio, video, videograbación, redes, almacenamiento NAS y software MASOD® para instituciones.","https://wa.me/525517390097?text=SW-%20Hola%20quisiera%20m%C3%A1s%20informaci%C3%B3n%20de%20sus%20servicios%20de%20%22Instalaci%C3%B3n%20de%20Salas%20de%20Juicios%20Orales%20en%20Santa%20Anita%22","Santa Anita","Jalisco","Instalación de Salas de Juicios Orales","437a51da-47c2-4307-9686-971db282286b",2026-06-26T21:50:04Z,2026-06-26T21:52:46Z,"45119e62-fb47-42df-8e3f-62a36597ee45"
"Instalación de Salas de Juicios Orales en Monraz","instalacion-salas-de-juicios-orales-monraz","Instalación de Salas de Juicios Orales en Monraz","Modernizamos salas de audiencia con audio, video, software MASOD® e infraestructura tecnológica para instituciones en Monraz.","Instalación de Salas de Juicios Orales en Monraz | Blegam Corp","Blegam Corp es especialista en instalación de salas de juicios orales en monraz. Diseñamos e implementamos salas de oralidad llave en mano con audio, video, videograbación, redes, almacenamiento NAS y software MASOD® para instituciones.","https://wa.me/525517390097?text=SW-%20Hola%20quisiera%20m%C3%A1s%20informaci%C3%B3n%20de%20sus%20servicios%20de%20%22Instalaci%C3%B3n%20de%20Salas%20de%20Juicios%20Orales%20en%20Monraz%22","Monraz","Jalisco","Instalación de Salas de Juicios Orales","4471d75b-30c6-4f59-bf6a-62d2f0e224f0",2026-06-26T21:50:04Z,2026-06-26T21:52:46Z,"45119e62-fb47-42df-8e3f-62a36597ee45"
"Instalación de Salas de Juicios Orales en Obispado","instalacion-salas-de-juicios-orales-obispado","Instalación de Salas de Juicios Orales en Obispado","Modernizamos salas de audiencia con audio, video, software MASOD® e infraestructura tecnológica para instituciones en Obispado.","Instalación de Salas de Juicios Orales en Obispado | Blegam Corp","Blegam Corp es especialista en instalación de salas de juicios orales en obispado. Diseñamos e implementamos salas de oralidad llave en mano con audio, video, videograbación, redes, almacenamiento NAS y software MASOD® para instituciones.","https://wa.me/525517390097?text=SW-%20Hola%20quisiera%20m%C3%A1s%20informaci%C3%B3n%20de%20sus%20servicios%20de%20%22Instalaci%C3%B3n%20de%20Salas%20de%20Juicios%20Orales%20en%20Obispado%22","Obispado","Nuevo León","Instalación de Salas de Juicios Orales","456a1fa7-7929-4a87-bc34-4004c6372596",2026-06-26T21:50:04Z,2026-06-26T21:52:46Z,"45119e62-fb47-42df-8e3f-62a36597ee45"
"Instalación de Salas de Juicios Orales en Puerta de Hierro","instalacion-salas-de-juicios-orales-puerta-de-hierro","Instalación de Salas de Juicios Orales en Puerta de Hierro","Modernizamos salas de audiencia con audio, video, software MASOD® e infraestructura tecnológica para instituciones en Puerta de Hierro.","Instalación de Salas de Juicios Orales en Puerta de Hierro | Blegam Corp","Blegam Corp es especialista en instalación de salas de juicios orales en puerta de hierro. Diseñamos e implementamos salas de oralidad llave en mano con audio, video, videograbación, redes, almacenamiento NAS y software MASOD® para instituciones.","https://wa.me/525517390097?text=SW-%20Hola%20quisiera%20m%C3%A1s%20informaci%C3%B3n%20de%20sus%20servicios%20de%20%22Instalaci%C3%B3n%20de%20Salas%20de%20Juicios%20Orales%20en%20Puerta%20de%20Hierro%22","Puerta de Hierro","Jalisco","Instalación de Salas de Juicios Orales","48a107b9-7d05-413f-a201-819b4a4f93e5",2026-06-26T21:50:04Z,2026-06-26T21:52:46Z,"45119e62-fb47-42df-8e3f-62a36597ee45"
"Instalación de Salas de Juicios Orales en Saltillo","instalacion-salas-de-juicios-orales-saltillo","Instalación de Salas de Juicios Orales en Saltillo","Modernizamos salas de audiencia con audio, video, software MASOD® e infraestructura tecnológica para instituciones en Saltillo.","Instalación de Salas de Juicios Orales en Saltillo | Blegam Corp","Blegam Corp es especialista en instalación de salas de juicios orales en saltillo. Diseñamos e implementamos salas de oralidad llave en mano con audio, video, videograbación, redes, almacenamiento NAS y software MASOD® para instituciones.","https://wa.me/525517390097?text=SW-%20Hola%20quisiera%20m%C3%A1s%20informaci%C3%B3n%20de%20sus%20servicios%20de%20%22Instalaci%C3%B3n%20de%20Salas%20de%20Juicios%20Orales%20en%20Saltillo%22","Saltillo","Coahuila","Instalación de Salas de Juicios Orales","491e52a0-b116-4364-b5cf-f3d14b433753",2026-06-26T21:50:04Z,2026-06-26T21:52:46Z,"45119e62-fb47-42df-8e3f-62a36597ee45"
"Instalación de Salas de Juicios Orales en Apodaca","instalacion-salas-de-juicios-orales-apodaca","Instalación de Salas de Juicios Orales en Apodaca","Modernizamos salas de audiencia con audio, video, software MASOD® e infraestructura tecnológica para instituciones en Apodaca.","Instalación de Salas de Juicios Orales en Apodaca | Blegam Corp","Blegam Corp es especialista en instalación de salas de juicios orales en apodaca. Diseñamos e implementamos salas de oralidad llave en mano con audio, video, videograbación, redes, almacenamiento NAS y software MASOD® para instituciones.","https://wa.me/525517390097?text=SW-%20Hola%20quisiera%20m%C3%A1s%20informaci%C3%B3n%20de%20sus%20servicios%20de%20%22Instalaci%C3%B3n%20de%20Salas%20de%20Juicios%20Orales%20en%20Apodaca%22","Apodaca","Nuevo León","Instalación de Salas de Juicios Orales","492ce7a8-912c-4309-abb4-84a86d562b47",2026-06-26T21:50:04Z,2026-06-26T21:52:46Z,"45119e62-fb47-42df-8e3f-62a36597ee45"
"Instalación de Salas de Juicios Orales en Villahermosa","instalacion-salas-de-juicios-orales-villahermosa","Instalación de Salas de Juicios Orales en Villahermosa","Modernizamos salas de audiencia con audio, video, software MASOD® e infraestructura tecnológica para instituciones en Villahermosa.","Instalación de Salas de Juicios Orales en Villahermosa | Blegam Corp","Blegam Corp es especialista en instalación de salas de juicios orales en villahermosa. Diseñamos e implementamos salas de oralidad llave en mano con audio, video, videograbación, redes, almacenamiento NAS y software MASOD® para instituciones.","https://wa.me/525517390097?text=SW-%20Hola%20quisiera%20m%C3%A1s%20informaci%C3%B3n%20de%20sus%20servicios%20de%20%22Instalaci%C3%B3n%20de%20Salas%20de%20Juicios%20Orales%20en%20Villahermosa%22","Villahermosa","Tabasco","Instalación de Salas de Juicios Orales","4931e682-7fca-4766-b881-d6e0e44631a7",2026-06-26T21:50:04Z,2026-06-26T21:52:46Z,"45119e62-fb47-42df-8e3f-62a36597ee45"
"Instalación de Salas de Juicios Orales en Jiutepec","instalacion-salas-de-juicios-orales-jiutepec","Instalación de Salas de Juicios Orales en Jiutepec","Modernizamos salas de audiencia con audio, video, software MASOD® e infraestructura tecnológica para instituciones en Jiutepec.","Instalación de Salas de Juicios Orales en Jiutepec | Blegam Corp","Blegam Corp es especialista en instalación de salas de juicios orales en jiutepec. Diseñamos e implementamos salas de oralidad llave en mano con audio, video, videograbación, redes, almacenamiento NAS y software MASOD® para instituciones.","https://wa.me/525517390097?text=SW-%20Hola%20quisiera%20m%C3%A1s%20informaci%C3%B3n%20de%20sus%20servicios%20de%20%22Instalaci%C3%B3n%20de%20Salas%20de%20Juicios%20Orales%20en%20Jiutepec%22","Jiutepec","Morelos","Instalación de Salas de Juicios Orales","4b3d54bd-3add-4fdf-8692-7d1d2c12e951",2026-06-26T21:50:04Z,2026-06-26T21:52:46Z,"45119e62-fb47-42df-8e3f-62a36597ee45"
"Instalación de Salas de Juicios Orales en Contry","instalacion-salas-de-juicios-orales-contry","Instalación de Salas de Juicios Orales en Contry","Modernizamos salas de audiencia con audio, video, software MASOD® e infraestructura tecnológica para instituciones en Contry.","Instalación de Salas de Juicios Orales en Contry | Blegam Corp","Blegam Corp es especialista en instalación de salas de juicios orales en contry. Diseñamos e implementamos salas de oralidad llave en mano con audio, video, videograbación, redes, almacenamiento NAS y software MASOD® para instituciones.","https://wa.me/525517390097?text=SW-%20Hola%20quisiera%20m%C3%A1s%20informaci%C3%B3n%20de%20sus%20servicios%20de%20%22Instalaci%C3%B3n%20de%20Salas%20de%20Juicios%20Orales%20en%20Contry%22","Contry","Nuevo León","Instalación de Salas de Juicios Orales","4b7b03ed-70fc-4c9c-b363-3a59a680e5d6",2026-06-26T21:50:04Z,2026-06-26T21:52:46Z,"45119e62-fb47-42df-8e3f-62a36597ee45"
"Instalación de Salas de Juicios Orales en Huatulco","instalacion-salas-de-juicios-orales-huatulco","Instalación de Salas de Juicios Orales en Huatulco","Modernizamos salas de audiencia con audio, video, software MASOD® e infraestructura tecnológica para instituciones en Huatulco.","Instalación de Salas de Juicios Orales en Huatulco | Blegam Corp","Blegam Corp es especialista en instalación de salas de juicios orales en huatulco. Diseñamos e implementamos salas de oralidad llave en mano con audio, video, videograbación, redes, almacenamiento NAS y software MASOD® para instituciones.","https://wa.me/525517390097?text=SW-%20Hola%20quisiera%20m%C3%A1s%20informaci%C3%B3n%20de%20sus%20servicios%20de%20%22Instalaci%C3%B3n%20de%20Salas%20de%20Juicios%20Orales%20en%20Huatulco%22","Huatulco","Oaxaca","Instalación de Salas de Juicios Orales","4c4d44c3-c9cc-4a3b-8f32-fce1b4657388",2026-06-26T21:50:04Z,2026-06-26T21:52:46Z,"45119e62-fb47-42df-8e3f-62a36597ee45"
"Instalación de Salas de Juicios Orales en Culiacán","instalacion-salas-de-juicios-orales-culiacan","Instalación de Salas de Juicios Orales en Culiacán","Modernizamos salas de audiencia con audio, video, software MASOD® e infraestructura tecnológica para instituciones en Culiacán.","Instalación de Salas de Juicios Orales en Culiacán | Blegam Corp","Blegam Corp es especialista en instalación de salas de juicios orales en culiacán. Diseñamos e implementamos salas de oralidad llave en mano con audio, video, videograbación, redes, almacenamiento NAS y software MASOD® para instituciones.","https://wa.me/525517390097?text=SW-%20Hola%20quisiera%20m%C3%A1s%20informaci%C3%B3n%20de%20sus%20servicios%20de%20%22Instalaci%C3%B3n%20de%20Salas%20de%20Juicios%20Orales%20en%20Culiac%C3%A1n%22","Culiacán","Sinaloa","Instalación de Salas de Juicios Orales","4cb4c7a0-6b30-4169-bb62-d64b56a34d8f",2026-06-26T21:50:04Z,2026-06-26T21:52:46Z,"45119e62-fb47-42df-8e3f-62a36597ee45"
"Instalación de Salas de Juicios Orales en Lerma","instalacion-salas-de-juicios-orales-lerma","Instalación de Salas de Juicios Orales en Lerma","Modernizamos salas de audiencia con audio, video, software MASOD® e infraestructura tecnológica para instituciones en Lerma.","Instalación de Salas de Juicios Orales en Lerma | Blegam Corp","Blegam Corp es especialista en instalación de salas de juicios orales en lerma. Diseñamos e implementamos salas de oralidad llave en mano con audio, video, videograbación, redes, almacenamiento NAS y software MASOD® para instituciones.","https://wa.me/525517390097?text=SW-%20Hola%20quisiera%20m%C3%A1s%20informaci%C3%B3n%20de%20sus%20servicios%20de%20%22Instalaci%C3%B3n%20de%20Salas%20de%20Juicios%20Orales%20en%20Lerma%22","Lerma","Estado de México","Instalación de Salas de Juicios Orales","4cd11650-6036-44de-aa69-4197fac17f62",2026-06-26T21:50:04Z,2026-06-26T21:52:46Z,"45119e62-fb47-42df-8e3f-62a36597ee45"
"Instalación de Salas de Juicios Orales en Cuernavaca","instalacion-salas-de-juicios-orales-cuernavaca","Instalación de Salas de Juicios Orales en Cuernavaca","Modernizamos salas de audiencia con audio, video, software MASOD® e infraestructura tecnológica para instituciones en Cuernavaca.","Instalación de Salas de Juicios Orales en Cuernavaca | Blegam Corp","Blegam Corp es especialista en instalación de salas de juicios orales en cuernavaca. Diseñamos e implementamos salas de oralidad llave en mano con audio, video, videograbación, redes, almacenamiento NAS y software MASOD® para instituciones.","https://wa.me/525517390097?text=SW-%20Hola%20quisiera%20m%C3%A1s%20informaci%C3%B3n%20de%20sus%20servicios%20de%20%22Instalaci%C3%B3n%20de%20Salas%20de%20Juicios%20Orales%20en%20Cuernavaca%22","Cuernavaca","Morelos","Instalación de Salas de Juicios Orales","517a6402-1aee-414d-a15f-e4f7475319f0",2026-06-26T21:50:04Z,2026-06-26T21:52:46Z,"45119e62-fb47-42df-8e3f-62a36597ee45"
"Instalación de Salas de Juicios Orales en Interlomas","instalacion-salas-de-juicios-orales-interlomas","Instalación de Salas de Juicios Orales en Interlomas","Modernizamos salas de audiencia con audio, video, software MASOD® e infraestructura tecnológica para instituciones en Interlomas.","Instalación de Salas de Juicios Orales en Interlomas | Blegam Corp","Blegam Corp es especialista en instalación de salas de juicios orales en interlomas. Diseñamos e implementamos salas de oralidad llave en mano con audio, video, videograbación, redes, almacenamiento NAS y software MASOD® para instituciones.","https://wa.me/525517390097?text=SW-%20Hola%20quisiera%20m%C3%A1s%20informaci%C3%B3n%20de%20sus%20servicios%20de%20%22Instalaci%C3%B3n%20de%20Salas%20de%20Juicios%20Orales%20en%20Interlomas%22","Interlomas","Ciudad de México","Instalación de Salas de Juicios Orales","517de67a-dfcb-494d-a475-861d866560ba",2026-06-26T21:50:04Z,2026-06-26T21:52:46Z,"45119e62-fb47-42df-8e3f-62a36597ee45"
"Instalación de Salas de Juicios Orales en Tlaquepaque","instalacion-salas-de-juicios-orales-tlaquepaque","Instalación de Salas de Juicios Orales en Tlaquepaque","Modernizamos salas de audiencia con audio, video, software MASOD® e infraestructura tecnológica para instituciones en Tlaquepaque.","Instalación de Salas de Juicios Orales en Tlaquepaque | Blegam Corp","Blegam Corp es especialista en instalación de salas de juicios orales en tlaquepaque. Diseñamos e implementamos salas de oralidad llave en mano con audio, video, videograbación, redes, almacenamiento NAS y software MASOD® para instituciones.","https://wa.me/525517390097?text=SW-%20Hola%20quisiera%20m%C3%A1s%20informaci%C3%B3n%20de%20sus%20servicios%20de%20%22Instalaci%C3%B3n%20de%20Salas%20de%20Juicios%20Orales%20en%20Tlaquepaque%22","Tlaquepaque","Jalisco","Instalación de Salas de Juicios Orales","526ad66d-89ed-45d8-b9fc-d6ab7ae32bb5",2026-06-26T21:50:04Z,2026-06-26T21:52:46Z,"45119e62-fb47-42df-8e3f-62a36597ee45"
"Instalación de Salas de Juicios Orales en Ensenada","instalacion-salas-de-juicios-orales-ensenada","Instalación de Salas de Juicios Orales en Ensenada","Modernizamos salas de audiencia con audio, video, software MASOD® e infraestructura tecnológica para instituciones en Ensenada.","Instalación de Salas de Juicios Orales en Ensenada | Blegam Corp","Blegam Corp es especialista en instalación de salas de juicios orales en ensenada. Diseñamos e implementamos salas de oralidad llave en mano con audio, video, videograbación, redes, almacenamiento NAS y software MASOD® para instituciones.","https://wa.me/525517390097?text=SW-%20Hola%20quisiera%20m%C3%A1s%20informaci%C3%B3n%20de%20sus%20servicios%20de%20%22Instalaci%C3%B3n%20de%20Salas%20de%20Juicios%20Orales%20en%20Ensenada%22","Ensenada","Baja California","Instalación de Salas de Juicios Orales","52915189-810b-4a99-bd25-056d695efedf",2026-06-26T21:50:04Z,2026-06-26T21:52:46Z,"45119e62-fb47-42df-8e3f-62a36597ee45"
"Instalación de Salas de Juicios Orales en Satélite","instalacion-salas-de-juicios-orales-satelite","Instalación de Salas de Juicios Orales en Satélite","Modernizamos salas de audiencia con audio, video, software MASOD® e infraestructura tecnológica para instituciones en Satélite.","Instalación de Salas de Juicios Orales en Satélite | Blegam Corp","Blegam Corp es especialista en instalación de salas de juicios orales en satélite. Diseñamos e implementamos salas de oralidad llave en mano con audio, video, videograbación, redes, almacenamiento NAS y software MASOD® para instituciones.","https://wa.me/525517390097?text=SW-%20Hola%20quisiera%20m%C3%A1s%20informaci%C3%B3n%20de%20sus%20servicios%20de%20%22Instalaci%C3%B3n%20de%20Salas%20de%20Juicios%20Orales%20en%20Sat%C3%A9lite%22","Satélite","Nuevo León","Instalación de Salas de Juicios Orales","52b4b15f-064e-4de9-8435-d633159b05c2",2026-06-26T21:50:04Z,2026-06-26T21:52:46Z,"45119e62-fb47-42df-8e3f-62a36597ee45"
"Instalación de Salas de Juicios Orales en Nuevo Vallarta","instalacion-salas-de-juicios-orales-nuevo-vallarta","Instalación de Salas de Juicios Orales en Nuevo Vallarta","Modernizamos salas de audiencia con audio, video, software MASOD® e infraestructura tecnológica para instituciones en Nuevo Vallarta.","Instalación de Salas de Juicios Orales en Nuevo Vallarta | Blegam Corp","Blegam Corp es especialista en instalación de salas de juicios orales en nuevo vallarta. Diseñamos e implementamos salas de oralidad llave en mano con audio, video, videograbación, redes, almacenamiento NAS y software MASOD® para instituciones.","https://wa.me/525517390097?text=SW-%20Hola%20quisiera%20m%C3%A1s%20informaci%C3%B3n%20de%20sus%20servicios%20de%20%22Instalaci%C3%B3n%20de%20Salas%20de%20Juicios%20Orales%20en%20Nuevo%20Vallarta%22","Nuevo Vallarta","Nayarit","Instalación de Salas de Juicios Orales","5358f448-b811-40ee-be65-257ff7328416",2026-06-26T21:50:04Z,2026-06-26T21:52:46Z,"45119e62-fb47-42df-8e3f-62a36597ee45"
"Instalación de Salas de Juicios Orales en Anzures","instalacion-salas-de-juicios-orales-anzures","Instalación de Salas de Juicios Orales en Anzures","Modernizamos salas de audiencia con audio, video, software MASOD® e infraestructura tecnológica para instituciones en Anzures.","Instalación de Salas de Juicios Orales en Anzures | Blegam Corp","Blegam Corp es especialista en instalación de salas de juicios orales en anzures. Diseñamos e implementamos salas de oralidad llave en mano con audio, video, videograbación, redes, almacenamiento NAS y software MASOD® para instituciones.","https://wa.me/525517390097?text=SW-%20Hola%20quisiera%20m%C3%A1s%20informaci%C3%B3n%20de%20sus%20servicios%20de%20%22Instalaci%C3%B3n%20de%20Salas%20de%20Juicios%20Orales%20en%20Anzures%22","Anzures","Ciudad de México","Instalación de Salas de Juicios Orales","54669355-23a6-4538-a624-60899c8dd7ec",2026-06-26T21:50:04Z,2026-06-26T21:52:46Z,"45119e62-fb47-42df-8e3f-62a36597ee45"
"Instalación de Salas de Juicios Orales en Milpa Alta","instalacion-salas-de-juicios-orales-milpa-alta","Instalación de Salas de Juicios Orales en Milpa Alta","Modernizamos salas de audiencia con audio, video, software MASOD® e infraestructura tecnológica para instituciones en Milpa Alta.","Instalación de Salas de Juicios Orales en Milpa Alta | Blegam Corp","Blegam Corp es especialista en instalación de salas de juicios orales en milpa alta. Diseñamos e implementamos salas de oralidad llave en mano con audio, video, videograbación, redes, almacenamiento NAS y software MASOD® para instituciones.","https://wa.me/525517390097?text=SW-%20Hola%20quisiera%20m%C3%A1s%20informaci%C3%B3n%20de%20sus%20servicios%20de%20%22Instalaci%C3%B3n%20de%20Salas%20de%20Juicios%20Orales%20en%20Milpa%20Alta%22","Milpa Alta","Ciudad de México","Instalación de Salas de Juicios Orales","55b86bf9-7fcd-4ff1-b1c8-aff6f208ac37",2026-06-26T21:50:04Z,2026-06-26T21:52:46Z,"45119e62-fb47-42df-8e3f-62a36597ee45"
"Instalación de Salas de Juicios Orales en Poza Rica","instalacion-salas-de-juicios-orales-poza-rica","Instalación de Salas de Juicios Orales en Poza Rica","Modernizamos salas de audiencia con audio, video, software MASOD® e infraestructura tecnológica para instituciones en Poza Rica.","Instalación de Salas de Juicios Orales en Poza Rica | Blegam Corp","Blegam Corp es especialista en instalación de salas de juicios orales en poza rica. Diseñamos e implementamos salas de oralidad llave en mano con audio, video, videograbación, redes, almacenamiento NAS y software MASOD® para instituciones.","https://wa.me/525517390097?text=SW-%20Hola%20quisiera%20m%C3%A1s%20informaci%C3%B3n%20de%20sus%20servicios%20de%20%22Instalaci%C3%B3n%20de%20Salas%20de%20Juicios%20Orales%20en%20Poza%20Rica%22","Poza Rica","Veracruz","Instalación de Salas de Juicios Orales","58571783-1db5-492e-8e49-e4166065e06f",2026-06-26T21:50:04Z,2026-06-26T21:52:46Z,"45119e62-fb47-42df-8e3f-62a36597ee45"
"Instalación de Salas de Juicios Orales en Acapulco","instalacion-salas-de-juicios-orales-acapulco","Instalación de Salas de Juicios Orales en Acapulco","Modernizamos salas de audiencia con audio, video, software MASOD® e infraestructura tecnológica para instituciones en Acapulco.","Instalación de Salas de Juicios Orales en Acapulco | Blegam Corp","Blegam Corp es especialista en instalación de salas de juicios orales en acapulco. Diseñamos e implementamos salas de oralidad llave en mano con audio, video, videograbación, redes, almacenamiento NAS y software MASOD® para instituciones.","https://wa.me/525517390097?text=SW-%20Hola%20quisiera%20m%C3%A1s%20informaci%C3%B3n%20de%20sus%20servicios%20de%20%22Instalaci%C3%B3n%20de%20Salas%20de%20Juicios%20Orales%20en%20Acapulco%22","Acapulco","Guerrero","Instalación de Salas de Juicios Orales","5988f0b3-b91a-47f3-9424-6832f901f032",2026-06-26T21:50:04Z,2026-06-26T21:52:46Z,"45119e62-fb47-42df-8e3f-62a36597ee45"
"Instalación de Salas de Juicios Orales en San Nicolás","instalacion-salas-de-juicios-orales-san-nicolas","Instalación de Salas de Juicios Orales en San Nicolás","Modernizamos salas de audiencia con audio, video, software MASOD® e infraestructura tecnológica para instituciones en San Nicolás.","Instalación de Salas de Juicios Orales en San Nicolás | Blegam Corp","Blegam Corp es especialista en instalación de salas de juicios orales en san nicolás. Diseñamos e implementamos salas de oralidad llave en mano con audio, video, videograbación, redes, almacenamiento NAS y software MASOD® para instituciones.","https://wa.me/525517390097?text=SW-%20Hola%20quisiera%20m%C3%A1s%20informaci%C3%B3n%20de%20sus%20servicios%20de%20%22Instalaci%C3%B3n%20de%20Salas%20de%20Juicios%20Orales%20en%20San%20Nicol%C3%A1s%22","San Nicolás","Nuevo León","Instalación de Salas de Juicios Orales","5ae9173a-1028-4087-b7ae-7462424c7a88",2026-06-26T21:50:04Z,2026-06-26T21:52:46Z,"45119e62-fb47-42df-8e3f-62a36597ee45"
"Instalación de Salas de Juicios Orales en Corregidora","instalacion-salas-de-juicios-orales-corregidora","Instalación de Salas de Juicios Orales en Corregidora","Modernizamos salas de audiencia con audio, video, software MASOD® e infraestructura tecnológica para instituciones en Corregidora.","Instalación de Salas de Juicios Orales en Corregidora | Blegam Corp","Blegam Corp es especialista en instalación de salas de juicios orales en corregidora. Diseñamos e implementamos salas de oralidad llave en mano con audio, video, videograbación, redes, almacenamiento NAS y software MASOD® para instituciones.","https://wa.me/525517390097?text=SW-%20Hola%20quisiera%20m%C3%A1s%20informaci%C3%B3n%20de%20sus%20servicios%20de%20%22Instalaci%C3%B3n%20de%20Salas%20de%20Juicios%20Orales%20en%20Corregidora%22","Corregidora","Querétaro","Instalación de Salas de Juicios Orales","5f393f5f-2242-4507-a71b-9cc53809ba70",2026-06-26T21:50:04Z,2026-06-26T21:52:46Z,"45119e62-fb47-42df-8e3f-62a36597ee45"
"Instalación de Salas de Juicios Orales en Condesa","instalacion-salas-de-juicios-orales-condesa","Instalación de Salas de Juicios Orales en Condesa","Modernizamos salas de audiencia con audio, video, software MASOD® e infraestructura tecnológica para instituciones en Condesa.","Instalación de Salas de Juicios Orales en Condesa | Blegam Corp","Blegam Corp es especialista en instalación de salas de juicios orales en condesa. Diseñamos e implementamos salas de oralidad llave en mano con audio, video, videograbación, redes, almacenamiento NAS y software MASOD® para instituciones.","https://wa.me/525517390097?text=SW-%20Hola%20quisiera%20m%C3%A1s%20informaci%C3%B3n%20de%20sus%20servicios%20de%20%22Instalaci%C3%B3n%20de%20Salas%20de%20Juicios%20Orales%20en%20Condesa%22","Condesa","Ciudad de México","Instalación de Salas de Juicios Orales","5fe025b6-1eac-4ce7-a794-3b59edd87372",2026-06-26T21:50:04Z,2026-06-26T21:52:46Z,"45119e62-fb47-42df-8e3f-62a36597ee45"
"Instalación de Salas de Juicios Orales en Country Club","instalacion-salas-de-juicios-orales-country-club","Instalación de Salas de Juicios Orales en Country Club","Modernizamos salas de audiencia con audio, video, software MASOD® e infraestructura tecnológica para instituciones en Country Club.","Instalación de Salas de Juicios Orales en Country Club | Blegam Corp","Blegam Corp es especialista en instalación de salas de juicios orales en country club. Diseñamos e implementamos salas de oralidad llave en mano con audio, video, videograbación, redes, almacenamiento NAS y software MASOD® para instituciones.","https://wa.me/525517390097?text=SW-%20Hola%20quisiera%20m%C3%A1s%20informaci%C3%B3n%20de%20sus%20servicios%20de%20%22Instalaci%C3%B3n%20de%20Salas%20de%20Juicios%20Orales%20en%20Country%20Club%22","Country Club","Jalisco","Instalación de Salas de Juicios Orales","607da23c-1d21-4b57-bc2e-1f9570da2220",2026-06-26T21:50:04Z,2026-06-26T21:52:46Z,"45119e62-fb47-42df-8e3f-62a36597ee45"
"Instalación de Salas de Juicios Orales en Monterrey","instalacion-salas-de-juicios-orales-monterrey","Instalación de Salas de Juicios Orales en Monterrey","Modernizamos salas de audiencia con audio, video, software MASOD® e infraestructura tecnológica para instituciones en Monterrey.","Instalación de Salas de Juicios Orales en Monterrey | Blegam Corp","Blegam Corp es especialista en instalación de salas de juicios orales en monterrey. Diseñamos e implementamos salas de oralidad llave en mano con audio, video, videograbación, redes, almacenamiento NAS y software MASOD® para instituciones.","https://wa.me/525517390097?text=SW-%20Hola%20quisiera%20m%C3%A1s%20informaci%C3%B3n%20de%20sus%20servicios%20de%20%22Instalaci%C3%B3n%20de%20Salas%20de%20Juicios%20Orales%20en%20Monterrey%22","Monterrey","Nuevo León","Instalación de Salas de Juicios Orales","6091ce19-e1f6-4f01-a5de-5b57d48331c2",2026-06-26T21:50:04Z,2026-06-26T21:52:46Z,"45119e62-fb47-42df-8e3f-62a36597ee45"
"Instalación de Salas de Juicios Orales en Irapuato","instalacion-salas-de-juicios-orales-irapuato","Instalación de Salas de Juicios Orales en Irapuato","Modernizamos salas de audiencia con audio, video, software MASOD® e infraestructura tecnológica para instituciones en Irapuato.","Instalación de Salas de Juicios Orales en Irapuato | Blegam Corp","Blegam Corp es especialista en instalación de salas de juicios orales en irapuato. Diseñamos e implementamos salas de oralidad llave en mano con audio, video, videograbación, redes, almacenamiento NAS y software MASOD® para instituciones.","https://wa.me/525517390097?text=SW-%20Hola%20quisiera%20m%C3%A1s%20informaci%C3%B3n%20de%20sus%20servicios%20de%20%22Instalaci%C3%B3n%20de%20Salas%20de%20Juicios%20Orales%20en%20Irapuato%22","Irapuato","Guanajuato","Instalación de Salas de Juicios Orales","609c4694-0da6-4310-b656-2f37088d9e9b",2026-06-26T21:50:04Z,2026-06-26T21:52:46Z,"45119e62-fb47-42df-8e3f-62a36597ee45"
"Instalación de Salas de Juicios Orales en Jardines del Pedregal","instalacion-salas-de-juicios-orales-jardines-del-pedregal","Instalación de Salas de Juicios Orales en Jardines del Pedregal","Modernizamos salas de audiencia con audio, video, software MASOD® e infraestructura tecnológica para instituciones en Jardines del Pedregal.","Instalación de Salas de Juicios Orales en Jardines del Pedregal | Blegam Corp","Blegam Corp es especialista en instalación de salas de juicios orales en jardines del pedregal. Diseñamos e implementamos salas de oralidad llave en mano con audio, video, videograbación, redes, almacenamiento NAS y software MASOD® para instituciones.","https://wa.me/525517390097?text=SW-%20Hola%20quisiera%20m%C3%A1s%20informaci%C3%B3n%20de%20sus%20servicios%20de%20%22Instalaci%C3%B3n%20de%20Salas%20de%20Juicios%20Orales%20en%20Jardines%20del%20Pedregal%22","Jardines del Pedregal","Ciudad de México","Instalación de Salas de Juicios Orales","6160f90d-9c3a-44dc-9dac-484f68fd66e6",2026-06-26T21:50:04Z,2026-06-26T21:52:46Z,"45119e62-fb47-42df-8e3f-62a36597ee45"
"Instalación de Salas de Juicios Orales en Morelos","instalacion-salas-de-juicios-orales-morelos","Instalación de Salas de Juicios Orales en Morelos","Modernizamos salas de audiencia con audio, video, software MASOD® e infraestructura tecnológica para instituciones en Morelos.","Instalación de Salas de Juicios Orales en Morelos | Blegam Corp","Blegam Corp es especialista en instalación de salas de juicios orales en morelos. Diseñamos e implementamos salas de oralidad llave en mano con audio, video, videograbación, redes, almacenamiento NAS y software MASOD® para instituciones.","https://wa.me/525517390097?text=SW-%20Hola%20quisiera%20m%C3%A1s%20informaci%C3%B3n%20de%20sus%20servicios%20de%20%22Instalaci%C3%B3n%20de%20Salas%20de%20Juicios%20Orales%20en%20Morelos%22","Morelos","Morelos","Instalación de Salas de Juicios Orales","62279601-27a8-4d77-850e-8a622b5fafd9",2026-06-26T21:50:04Z,2026-06-26T21:52:46Z,"45119e62-fb47-42df-8e3f-62a36597ee45"
"Instalación de Salas de Juicios Orales en Residencial Chipinque","instalacion-salas-de-juicios-orales-residencial-chipinque","Instalación de Salas de Juicios Orales en Residencial Chipinque","Modernizamos salas de audiencia con audio, video, software MASOD® e infraestructura tecnológica para instituciones en Residencial Chipinque.","Instalación de Salas de Juicios Orales en Residencial Chipinque | Blegam Corp","Blegam Corp es especialista en instalación de salas de juicios orales en residencial chipinque. Diseñamos e implementamos salas de oralidad llave en mano con audio, video, videograbación, redes, almacenamiento NAS y software MASOD® para instituciones.","https://wa.me/525517390097?text=SW-%20Hola%20quisiera%20m%C3%A1s%20informaci%C3%B3n%20de%20sus%20servicios%20de%20%22Instalaci%C3%B3n%20de%20Salas%20de%20Juicios%20Orales%20en%20Residencial%20Chipinque%22","Residencial Chipinque","Nuevo León","Instalación de Salas de Juicios Orales","62ba314a-30d7-481a-9aea-3f62cbaa5767",2026-06-26T21:50:04Z,2026-06-26T21:52:46Z,"45119e62-fb47-42df-8e3f-62a36597ee45"
"Instalación de Salas de Juicios Orales en Miguel Hidalgo","instalacion-salas-de-juicios-orales-miguel-hidalgo","Instalación de Salas de Juicios Orales en Miguel Hidalgo","Modernizamos salas de audiencia con audio, video, software MASOD® e infraestructura tecnológica para instituciones en Miguel Hidalgo.","Instalación de Salas de Juicios Orales en Miguel Hidalgo | Blegam Corp","Blegam Corp es especialista en instalación de salas de juicios orales en miguel hidalgo. Diseñamos e implementamos salas de oralidad llave en mano con audio, video, videograbación, redes, almacenamiento NAS y software MASOD® para instituciones.","https://wa.me/525517390097?text=SW-%20Hola%20quisiera%20m%C3%A1s%20informaci%C3%B3n%20de%20sus%20servicios%20de%20%22Instalaci%C3%B3n%20de%20Salas%20de%20Juicios%20Orales%20en%20Miguel%20Hidalgo%22","Miguel Hidalgo","Ciudad de México","Instalación de Salas de Juicios Orales","64333714-9ca8-474d-9a87-eb8929aef555",2026-06-26T21:50:04Z,2026-06-26T21:52:46Z,"45119e62-fb47-42df-8e3f-62a36597ee45"
"Instalación de Salas de Juicios Orales en Ciudad Valles","instalacion-salas-de-juicios-orales-ciudad-valles","Instalación de Salas de Juicios Orales en Ciudad Valles","Modernizamos salas de audiencia con audio, video, software MASOD® e infraestructura tecnológica para instituciones en Ciudad Valles.","Instalación de Salas de Juicios Orales en Ciudad Valles | Blegam Corp","Blegam Corp es especialista en instalación de salas de juicios orales en ciudad valles. Diseñamos e implementamos salas de oralidad llave en mano con audio, video, videograbación, redes, almacenamiento NAS y software MASOD® para instituciones.","https://wa.me/525517390097?text=SW-%20Hola%20quisiera%20m%C3%A1s%20informaci%C3%B3n%20de%20sus%20servicios%20de%20%22Instalaci%C3%B3n%20de%20Salas%20de%20Juicios%20Orales%20en%20Ciudad%20Valles%22","Ciudad Valles","San Luis Potosí","Instalación de Salas de Juicios Orales","644928d1-5f77-45f2-898e-688a5cd6c11c",2026-06-26T21:50:04Z,2026-06-26T21:52:46Z,"45119e62-fb47-42df-8e3f-62a36597ee45"
"Instalación de Salas de Juicios Orales en San José del Cabo","instalacion-salas-de-juicios-orales-san-jose-del-cabo","Instalación de Salas de Juicios Orales en San José del Cabo","Modernizamos salas de audiencia con audio, video, software MASOD® e infraestructura tecnológica para instituciones en San José del Cabo.","Instalación de Salas de Juicios Orales en San José del Cabo | Blegam Corp","Blegam Corp es especialista en instalación de salas de juicios orales en san josé del cabo. Diseñamos e implementamos salas de oralidad llave en mano con audio, video, videograbación, redes, almacenamiento NAS y software MASOD® para instituciones.","https://wa.me/525517390097?text=SW-%20Hola%20quisiera%20m%C3%A1s%20informaci%C3%B3n%20de%20sus%20servicios%20de%20%22Instalaci%C3%B3n%20de%20Salas%20de%20Juicios%20Orales%20en%20San%20Jos%C3%A9%20del%20Cabo%22","San José del Cabo","Baja California Sur","Instalación de Salas de Juicios Orales","64b7dec5-3f54-4bba-8d1e-a7603530ce41",2026-06-26T21:50:04Z,2026-06-26T21:52:46Z,"45119e62-fb47-42df-8e3f-62a36597ee45"
"Instalación de Salas de Juicios Orales en Tlalpan","instalacion-salas-de-juicios-orales-tlalpan","Instalación de Salas de Juicios Orales en Tlalpan","Modernizamos salas de audiencia con audio, video, software MASOD® e infraestructura tecnológica para instituciones en Tlalpan.","Instalación de Salas de Juicios Orales en Tlalpan | Blegam Corp","Blegam Corp es especialista en instalación de salas de juicios orales en tlalpan. Diseñamos e implementamos salas de oralidad llave en mano con audio, video, videograbación, redes, almacenamiento NAS y software MASOD® para instituciones.","https://wa.me/525517390097?text=SW-%20Hola%20quisiera%20m%C3%A1s%20informaci%C3%B3n%20de%20sus%20servicios%20de%20%22Instalaci%C3%B3n%20de%20Salas%20de%20Juicios%20Orales%20en%20Tlalpan%22","Tlalpan","Ciudad de México","Instalación de Salas de Juicios Orales","6505c634-5475-42de-adc8-c9b36feff4c7",2026-06-26T21:50:04Z,2026-06-26T21:52:46Z,"45119e62-fb47-42df-8e3f-62a36597ee45"
"Instalación de Salas de Juicios Orales en Iztapalapa","instalacion-salas-de-juicios-orales-iztapalapa","Instalación de Salas de Juicios Orales en Iztapalapa","Modernizamos salas de audiencia con audio, video, software MASOD® e infraestructura tecnológica para instituciones en Iztapalapa.","Instalación de Salas de Juicios Orales en Iztapalapa | Blegam Corp","Blegam Corp es especialista en instalación de salas de juicios orales en iztapalapa. Diseñamos e implementamos salas de oralidad llave en mano con audio, video, videograbación, redes, almacenamiento NAS y software MASOD® para instituciones.","https://wa.me/525517390097?text=SW-%20Hola%20quisiera%20m%C3%A1s%20informaci%C3%B3n%20de%20sus%20servicios%20de%20%22Instalaci%C3%B3n%20de%20Salas%20de%20Juicios%20Orales%20en%20Iztapalapa%22","Iztapalapa","Ciudad de México","Instalación de Salas de Juicios Orales","6661438b-34b9-41e6-b81f-9f4dccb15a1e",2026-06-26T21:50:04Z,2026-06-26T21:52:46Z,"45119e62-fb47-42df-8e3f-62a36597ee45"
"Instalación de Salas de Juicios Orales en Ciudad del Carmen","instalacion-salas-de-juicios-orales-ciudad-del-carmen","Instalación de Salas de Juicios Orales en Ciudad del Carmen","Modernizamos salas de audiencia con audio, video, software MASOD® e infraestructura tecnológica para instituciones en Ciudad del Carmen.","Instalación de Salas de Juicios Orales en Ciudad del Carmen | Blegam Corp","Blegam Corp es especialista en instalación de salas de juicios orales en ciudad del carmen. Diseñamos e implementamos salas de oralidad llave en mano con audio, video, videograbación, redes, almacenamiento NAS y software MASOD® para instituciones.","https://wa.me/525517390097?text=SW-%20Hola%20quisiera%20m%C3%A1s%20informaci%C3%B3n%20de%20sus%20servicios%20de%20%22Instalaci%C3%B3n%20de%20Salas%20de%20Juicios%20Orales%20en%20Ciudad%20del%20Carmen%22","Ciudad del Carmen","Campeche","Instalación de Salas de Juicios Orales","66b87fc2-5c47-4f93-ac15-dac9e44c772b",2026-06-26T21:50:04Z,2026-06-26T21:52:46Z,"45119e62-fb47-42df-8e3f-62a36597ee45"
"Instalación de Salas de Juicios Orales en Las Misiones, Nuevo León","instalacion-salas-de-juicios-orales-las-misiones-nuevo-leon","Instalación de Salas de Juicios Orales en Las Misiones, Nuevo León","Modernizamos salas de audiencia con audio, video, software MASOD® e infraestructura tecnológica para instituciones en Las Misiones, Nuevo León.","Instalación de Salas de Juicios Orales en Las Misiones, Nuevo León | Blegam Corp","Blegam Corp es especialista en instalación de salas de juicios orales en las misiones, nuevo león. Diseñamos e implementamos salas de oralidad llave en mano con audio, video, videograbación, redes, almacenamiento NAS y software MASOD® para instituciones.","https://wa.me/525517390097?text=SW-%20Hola%20quisiera%20m%C3%A1s%20informaci%C3%B3n%20de%20sus%20servicios%20de%20%22Instalaci%C3%B3n%20de%20Salas%20de%20Juicios%20Orales%20en%20Las%20Misiones%2C%20Nuevo%20Le%C3%B3n%22","Las Misiones","Nuevo León","Instalación de Salas de Juicios Orales","6a54ba4d-1d62-4170-9a30-64f6abc82e58",2026-06-26T21:50:04Z,2026-06-26T21:52:46Z,"45119e62-fb47-42df-8e3f-62a36597ee45"
"Instalación de Salas de Juicios Orales en Vista Hermosa","instalacion-salas-de-juicios-orales-vista-hermosa","Instalación de Salas de Juicios Orales en Vista Hermosa","Modernizamos salas de audiencia con audio, video, software MASOD® e infraestructura tecnológica para instituciones en Vista Hermosa.","Instalación de Salas de Juicios Orales en Vista Hermosa | Blegam Corp","Blegam Corp es especialista en instalación de salas de juicios orales en vista hermosa. Diseñamos e implementamos salas de oralidad llave en mano con audio, video, videograbación, redes, almacenamiento NAS y software MASOD® para instituciones.","https://wa.me/525517390097?text=SW-%20Hola%20quisiera%20m%C3%A1s%20informaci%C3%B3n%20de%20sus%20servicios%20de%20%22Instalaci%C3%B3n%20de%20Salas%20de%20Juicios%20Orales%20en%20Vista%20Hermosa%22","Vista Hermosa","Nuevo León","Instalación de Salas de Juicios Orales","6b025cff-7fa8-419b-8b53-20f167c3d93a",2026-06-26T21:50:04Z,2026-06-26T21:52:46Z,"45119e62-fb47-42df-8e3f-62a36597ee45"
"Instalación de Salas de Juicios Orales en Veracruz","instalacion-salas-de-juicios-orales-veracruz","Instalación de Salas de Juicios Orales en Veracruz","Modernizamos salas de audiencia con audio, video, software MASOD® e infraestructura tecnológica para instituciones en Veracruz.","Instalación de Salas de Juicios Orales en Veracruz | Blegam Corp","Blegam Corp es especialista en instalación de salas de juicios orales en veracruz. Diseñamos e implementamos salas de oralidad llave en mano con audio, video, videograbación, redes, almacenamiento NAS y software MASOD® para instituciones.","https://wa.me/525517390097?text=SW-%20Hola%20quisiera%20m%C3%A1s%20informaci%C3%B3n%20de%20sus%20servicios%20de%20%22Instalaci%C3%B3n%20de%20Salas%20de%20Juicios%20Orales%20en%20Veracruz%22","Veracruz","Veracruz","Instalación de Salas de Juicios Orales","6b10804f-a4a1-481f-8b3f-d1562b62e76c",2026-06-26T21:50:04Z,2026-06-26T21:52:46Z,"45119e62-fb47-42df-8e3f-62a36597ee45"
"Instalación de Salas de Juicios Orales en Lomas del Valle","instalacion-salas-de-juicios-orales-lomas-del-valle","Instalación de Salas de Juicios Orales en Lomas del Valle","Modernizamos salas de audiencia con audio, video, software MASOD® e infraestructura tecnológica para instituciones en Lomas del Valle.","Instalación de Salas de Juicios Orales en Lomas del Valle | Blegam Corp","Blegam Corp es especialista en instalación de salas de juicios orales en lomas del valle. Diseñamos e implementamos salas de oralidad llave en mano con audio, video, videograbación, redes, almacenamiento NAS y software MASOD® para instituciones.","https://wa.me/525517390097?text=SW-%20Hola%20quisiera%20m%C3%A1s%20informaci%C3%B3n%20de%20sus%20servicios%20de%20%22Instalaci%C3%B3n%20de%20Salas%20de%20Juicios%20Orales%20en%20Lomas%20del%20Valle%22","Lomas del Valle","Nuevo León","Instalación de Salas de Juicios Orales","6c713934-7349-4ade-8152-ed5cfd024555",2026-06-26T21:50:04Z,2026-06-26T21:52:46Z,"45119e62-fb47-42df-8e3f-62a36597ee45"
"Instalación de Salas de Juicios Orales en Manzanillo","instalacion-salas-de-juicios-orales-manzanillo","Instalación de Salas de Juicios Orales en Manzanillo","Modernizamos salas de audiencia con audio, video, software MASOD® e infraestructura tecnológica para instituciones en Manzanillo.","Instalación de Salas de Juicios Orales en Manzanillo | Blegam Corp","Blegam Corp es especialista en instalación de salas de juicios orales en manzanillo. Diseñamos e implementamos salas de oralidad llave en mano con audio, video, videograbación, redes, almacenamiento NAS y software MASOD® para instituciones.","https://wa.me/525517390097?text=SW-%20Hola%20quisiera%20m%C3%A1s%20informaci%C3%B3n%20de%20sus%20servicios%20de%20%22Instalaci%C3%B3n%20de%20Salas%20de%20Juicios%20Orales%20en%20Manzanillo%22","Manzanillo","Colima","Instalación de Salas de Juicios Orales","6d427244-e044-44aa-88dc-dbe60b7cfe5a",2026-06-26T21:50:04Z,2026-06-26T21:52:46Z,"45119e62-fb47-42df-8e3f-62a36597ee45"
"Instalación de Salas de Juicios Orales en Coacalco","instalacion-salas-de-juicios-orales-coacalco","Instalación de Salas de Juicios Orales en Coacalco","Modernizamos salas de audiencia con audio, video, software MASOD® e infraestructura tecnológica para instituciones en Coacalco.","Instalación de Salas de Juicios Orales en Coacalco | Blegam Corp","Blegam Corp es especialista en instalación de salas de juicios orales en coacalco. Diseñamos e implementamos salas de oralidad llave en mano con audio, video, videograbación, redes, almacenamiento NAS y software MASOD® para instituciones.","https://wa.me/525517390097?text=SW-%20Hola%20quisiera%20m%C3%A1s%20informaci%C3%B3n%20de%20sus%20servicios%20de%20%22Instalaci%C3%B3n%20de%20Salas%20de%20Juicios%20Orales%20en%20Coacalco%22","Coacalco","Estado de México","Instalación de Salas de Juicios Orales","6ddfb011-7610-4d7e-8dd0-66de724377c6",2026-06-26T21:50:04Z,2026-06-26T21:52:46Z,"45119e62-fb47-42df-8e3f-62a36597ee45"
"Instalación de Salas de Juicios Orales en Yucatán","instalacion-salas-de-juicios-orales-yucatan","Instalación de Salas de Juicios Orales en Yucatán","Modernizamos salas de audiencia con audio, video, software MASOD® e infraestructura tecnológica para instituciones en Yucatán.","Instalación de Salas de Juicios Orales en Yucatán | Blegam Corp","Blegam Corp es especialista en instalación de salas de juicios orales en yucatán. Diseñamos e implementamos salas de oralidad llave en mano con audio, video, videograbación, redes, almacenamiento NAS y software MASOD® para instituciones.","https://wa.me/525517390097?text=SW-%20Hola%20quisiera%20m%C3%A1s%20informaci%C3%B3n%20de%20sus%20servicios%20de%20%22Instalaci%C3%B3n%20de%20Salas%20de%20Juicios%20Orales%20en%20Yucat%C3%A1n%22","Yucatán","Yucatán","Instalación de Salas de Juicios Orales","70adf4f0-ba71-4690-ab51-e38c2f14de60",2026-06-26T21:50:04Z,2026-06-26T21:52:46Z,"45119e62-fb47-42df-8e3f-62a36597ee45"
"Instalación de Salas de Juicios Orales en Valle Poniente","instalacion-salas-de-juicios-orales-valle-poniente","Instalación de Salas de Juicios Orales en Valle Poniente","Modernizamos salas de audiencia con audio, video, software MASOD® e infraestructura tecnológica para instituciones en Valle Poniente.","Instalación de Salas de Juicios Orales en Valle Poniente | Blegam Corp","Blegam Corp es especialista en instalación de salas de juicios orales en valle poniente. Diseñamos e implementamos salas de oralidad llave en mano con audio, video, videograbación, redes, almacenamiento NAS y software MASOD® para instituciones.","https://wa.me/525517390097?text=SW-%20Hola%20quisiera%20m%C3%A1s%20informaci%C3%B3n%20de%20sus%20servicios%20de%20%22Instalaci%C3%B3n%20de%20Salas%20de%20Juicios%20Orales%20en%20Valle%20Poniente%22","Valle Poniente","Nuevo León","Instalación de Salas de Juicios Orales","72a5f240-73f8-4f16-ac9c-151f9af88153",2026-06-26T21:50:04Z,2026-06-26T21:52:46Z,"45119e62-fb47-42df-8e3f-62a36597ee45"
"Instalación de Salas de Juicios Orales en Tultitlán","instalacion-salas-de-juicios-orales-tultitlan","Instalación de Salas de Juicios Orales en Tultitlán","Modernizamos salas de audiencia con audio, video, software MASOD® e infraestructura tecnológica para instituciones en Tultitlán.","Instalación de Salas de Juicios Orales en Tultitlán | Blegam Corp","Blegam Corp es especialista en instalación de salas de juicios orales en tultitlán. Diseñamos e implementamos salas de oralidad llave en mano con audio, video, videograbación, redes, almacenamiento NAS y software MASOD® para instituciones.","https://wa.me/525517390097?text=SW-%20Hola%20quisiera%20m%C3%A1s%20informaci%C3%B3n%20de%20sus%20servicios%20de%20%22Instalaci%C3%B3n%20de%20Salas%20de%20Juicios%20Orales%20en%20Tultitl%C3%A1n%22","Tultitlán","Estado de México","Instalación de Salas de Juicios Orales","7382fa24-7135-4817-a68a-f332c5de7a60",2026-06-26T21:50:04Z,2026-06-26T21:52:46Z,"45119e62-fb47-42df-8e3f-62a36597ee45"
"Instalación de Salas de Juicios Orales en Ecatepec","instalacion-salas-de-juicios-orales-ecatepec","Instalación de Salas de Juicios Orales en Ecatepec","Modernizamos salas de audiencia con audio, video, software MASOD® e infraestructura tecnológica para instituciones en Ecatepec.","Instalación de Salas de Juicios Orales en Ecatepec | Blegam Corp","Blegam Corp es especialista en instalación de salas de juicios orales en ecatepec. Diseñamos e implementamos salas de oralidad llave en mano con audio, video, videograbación, redes, almacenamiento NAS y software MASOD® para instituciones.","https://wa.me/525517390097?text=SW-%20Hola%20quisiera%20m%C3%A1s%20informaci%C3%B3n%20de%20sus%20servicios%20de%20%22Instalaci%C3%B3n%20de%20Salas%20de%20Juicios%20Orales%20en%20Ecatepec%22","Ecatepec","Estado de México","Instalación de Salas de Juicios Orales","778c5889-fdca-4cc3-af11-a22ed42358f2",2026-06-26T21:50:04Z,2026-06-26T21:52:46Z,"45119e62-fb47-42df-8e3f-62a36597ee45"
"Instalación de Salas de Juicios Orales en Nuevo León","instalacion-salas-de-juicios-orales-nuevo-leon","Instalación de Salas de Juicios Orales en Nuevo León","Modernizamos salas de audiencia con audio, video, software MASOD® e infraestructura tecnológica para instituciones en Nuevo León.","Instalación de Salas de Juicios Orales en Nuevo León | Blegam Corp","Blegam Corp es especialista en instalación de salas de juicios orales en nuevo león. Diseñamos e implementamos salas de oralidad llave en mano con audio, video, videograbación, redes, almacenamiento NAS y software MASOD® para instituciones.","https://wa.me/525517390097?text=SW-%20Hola%20quisiera%20m%C3%A1s%20informaci%C3%B3n%20de%20sus%20servicios%20de%20%22Instalaci%C3%B3n%20de%20Salas%20de%20Juicios%20Orales%20en%20Nuevo%20Le%C3%B3n%22","Nuevo León","Nuevo León","Instalación de Salas de Juicios Orales","7947e281-3ae4-4d2b-8b58-0077902e7d5c",2026-06-26T21:50:04Z,2026-06-26T21:52:46Z,"45119e62-fb47-42df-8e3f-62a36597ee45"
"Instalación de Salas de Juicios Orales en Durango","instalacion-salas-de-juicios-orales-durango","Instalación de Salas de Juicios Orales en Durango","Modernizamos salas de audiencia con audio, video, software MASOD® e infraestructura tecnológica para instituciones en Durango.","Instalación de Salas de Juicios Orales en Durango | Blegam Corp","Blegam Corp es especialista en instalación de salas de juicios orales en durango. Diseñamos e implementamos salas de oralidad llave en mano con audio, video, videograbación, redes, almacenamiento NAS y software MASOD® para instituciones.","https://wa.me/525517390097?text=SW-%20Hola%20quisiera%20m%C3%A1s%20informaci%C3%B3n%20de%20sus%20servicios%20de%20%22Instalaci%C3%B3n%20de%20Salas%20de%20Juicios%20Orales%20en%20Durango%22","Durango","Durango","Instalación de Salas de Juicios Orales","79db7841-cd50-45c0-8bcf-804e56ddf7a6",2026-06-26T21:50:04Z,2026-06-26T21:52:46Z,"45119e62-fb47-42df-8e3f-62a36597ee45"
"Instalación de Salas de Juicios Orales en Tonalá","instalacion-salas-de-juicios-orales-tonala","Instalación de Salas de Juicios Orales en Tonalá","Modernizamos salas de audiencia con audio, video, software MASOD® e infraestructura tecnológica para instituciones en Tonalá.","Instalación de Salas de Juicios Orales en Tonalá | Blegam Corp","Blegam Corp es especialista en instalación de salas de juicios orales en tonalá. Diseñamos e implementamos salas de oralidad llave en mano con audio, video, videograbación, redes, almacenamiento NAS y software MASOD® para instituciones.","https://wa.me/525517390097?text=SW-%20Hola%20quisiera%20m%C3%A1s%20informaci%C3%B3n%20de%20sus%20servicios%20de%20%22Instalaci%C3%B3n%20de%20Salas%20de%20Juicios%20Orales%20en%20Tonal%C3%A1%22","Tonalá","Jalisco","Instalación de Salas de Juicios Orales","7c703cdc-d389-4345-9901-0463f8f4ab89",2026-06-26T21:50:04Z,2026-06-26T21:52:46Z,"45119e62-fb47-42df-8e3f-62a36597ee45"
"Instalación de Salas de Juicios Orales en Torreón","instalacion-salas-de-juicios-orales-torreon","Instalación de Salas de Juicios Orales en Torreón","Modernizamos salas de audiencia con audio, video, software MASOD® e infraestructura tecnológica para instituciones en Torreón.","Instalación de Salas de Juicios Orales en Torreón | Blegam Corp","Blegam Corp es especialista en instalación de salas de juicios orales en torreón. Diseñamos e implementamos salas de oralidad llave en mano con audio, video, videograbación, redes, almacenamiento NAS y software MASOD® para instituciones.","https://wa.me/525517390097?text=SW-%20Hola%20quisiera%20m%C3%A1s%20informaci%C3%B3n%20de%20sus%20servicios%20de%20%22Instalaci%C3%B3n%20de%20Salas%20de%20Juicios%20Orales%20en%20Torre%C3%B3n%22","Torreón","Coahuila","Instalación de Salas de Juicios Orales","7cf49a74-45db-41fc-8d92-47573ce1ca8f",2026-06-26T21:50:04Z,2026-06-26T21:52:46Z,"45119e62-fb47-42df-8e3f-62a36597ee45"
"Instalación de Salas de Juicios Orales en Juárez","instalacion-salas-de-juicios-orales-juarez","Instalación de Salas de Juicios Orales en Juárez","Modernizamos salas de audiencia con audio, video, software MASOD® e infraestructura tecnológica para instituciones en Juárez.","Instalación de Salas de Juicios Orales en Juárez | Blegam Corp","Blegam Corp es especialista en instalación de salas de juicios orales en juárez. Diseñamos e implementamos salas de oralidad llave en mano con audio, video, videograbación, redes, almacenamiento NAS y software MASOD® para instituciones.","https://wa.me/525517390097?text=SW-%20Hola%20quisiera%20m%C3%A1s%20informaci%C3%B3n%20de%20sus%20servicios%20de%20%22Instalaci%C3%B3n%20de%20Salas%20de%20Juicios%20Orales%20en%20Ju%C3%A1rez%22","Juárez","Ciudad de México","Instalación de Salas de Juicios Orales","80292014-d7d4-49f9-8896-50ad7f82ab9a",2026-06-26T21:50:04Z,2026-06-26T21:52:46Z,"45119e62-fb47-42df-8e3f-62a36597ee45"
"Instalación de Salas de Juicios Orales en Del Valle","instalacion-salas-de-juicios-orales-del-valle","Instalación de Salas de Juicios Orales en Del Valle","Modernizamos salas de audiencia con audio, video, software MASOD® e infraestructura tecnológica para instituciones en Del Valle.","Instalación de Salas de Juicios Orales en Del Valle | Blegam Corp","Blegam Corp es especialista en instalación de salas de juicios orales en del valle. Diseñamos e implementamos salas de oralidad llave en mano con audio, video, videograbación, redes, almacenamiento NAS y software MASOD® para instituciones.","https://wa.me/525517390097?text=SW-%20Hola%20quisiera%20m%C3%A1s%20informaci%C3%B3n%20de%20sus%20servicios%20de%20%22Instalaci%C3%B3n%20de%20Salas%20de%20Juicios%20Orales%20en%20Del%20Valle%22","Del Valle","Ciudad de México","Instalación de Salas de Juicios Orales","81822289-ec5f-4510-affb-937971ae5144",2026-06-26T21:50:04Z,2026-06-26T21:52:46Z,"45119e62-fb47-42df-8e3f-62a36597ee45"
"Instalación de Salas de Juicios Orales en Cabo San Lucas","instalacion-salas-de-juicios-orales-cabo-san-lucas","Instalación de Salas de Juicios Orales en Cabo San Lucas","Modernizamos salas de audiencia con audio, video, software MASOD® e infraestructura tecnológica para instituciones en Cabo San Lucas.","Instalación de Salas de Juicios Orales en Cabo San Lucas | Blegam Corp","Blegam Corp es especialista en instalación de salas de juicios orales en cabo san lucas. Diseñamos e implementamos salas de oralidad llave en mano con audio, video, videograbación, redes, almacenamiento NAS y software MASOD® para instituciones.","https://wa.me/525517390097?text=SW-%20Hola%20quisiera%20m%C3%A1s%20informaci%C3%B3n%20de%20sus%20servicios%20de%20%22Instalaci%C3%B3n%20de%20Salas%20de%20Juicios%20Orales%20en%20Cabo%20San%20Lucas%22","Cabo San Lucas","Baja California Sur","Instalación de Salas de Juicios Orales","82e32783-f1a9-418d-b729-73a6c69db233",2026-06-26T21:50:04Z,2026-06-26T21:52:46Z,"45119e62-fb47-42df-8e3f-62a36597ee45"
"Instalación de Salas de Juicios Orales en Hipódromo Condesa","instalacion-salas-de-juicios-orales-hipodromo-condesa","Instalación de Salas de Juicios Orales en Hipódromo Condesa","Modernizamos salas de audiencia con audio, video, software MASOD® e infraestructura tecnológica para instituciones en Hipódromo Condesa.","Instalación de Salas de Juicios Orales en Hipódromo Condesa | Blegam Corp","Blegam Corp es especialista en instalación de salas de juicios orales en hipódromo condesa. Diseñamos e implementamos salas de oralidad llave en mano con audio, video, videograbación, redes, almacenamiento NAS y software MASOD® para instituciones.","https://wa.me/525517390097?text=SW-%20Hola%20quisiera%20m%C3%A1s%20informaci%C3%B3n%20de%20sus%20servicios%20de%20%22Instalaci%C3%B3n%20de%20Salas%20de%20Juicios%20Orales%20en%20Hip%C3%B3dromo%20Condesa%22","Hipódromo Condesa","Ciudad de México","Instalación de Salas de Juicios Orales","86b58904-b7e1-41c0-b566-d09c06e9ce1f",2026-06-26T21:50:04Z,2026-06-26T21:52:46Z,"45119e62-fb47-42df-8e3f-62a36597ee45"
"Instalación de Salas de Juicios Orales en Morelia","instalacion-salas-de-juicios-orales-morelia","Instalación de Salas de Juicios Orales en Morelia","Modernizamos salas de audiencia con audio, video, software MASOD® e infraestructura tecnológica para instituciones en Morelia.","Instalación de Salas de Juicios Orales en Morelia | Blegam Corp","Blegam Corp es especialista en instalación de salas de juicios orales en morelia. Diseñamos e implementamos salas de oralidad llave en mano con audio, video, videograbación, redes, almacenamiento NAS y software MASOD® para instituciones.","https://wa.me/525517390097?text=SW-%20Hola%20quisiera%20m%C3%A1s%20informaci%C3%B3n%20de%20sus%20servicios%20de%20%22Instalaci%C3%B3n%20de%20Salas%20de%20Juicios%20Orales%20en%20Morelia%22","Morelia","Michoacán","Instalación de Salas de Juicios Orales","86d6c422-5a37-4ab4-b99d-7ff12c5532e6",2026-06-26T21:50:04Z,2026-06-26T21:52:46Z,"45119e62-fb47-42df-8e3f-62a36597ee45"
"Instalación de Salas de Juicios Orales en Nuevo Polanco","instalacion-salas-de-juicios-orales-nuevo-polanco","Instalación de Salas de Juicios Orales en Nuevo Polanco","Modernizamos salas de audiencia con audio, video, software MASOD® e infraestructura tecnológica para instituciones en Nuevo Polanco.","Instalación de Salas de Juicios Orales en Nuevo Polanco | Blegam Corp","Blegam Corp es especialista en instalación de salas de juicios orales en nuevo polanco. Diseñamos e implementamos salas de oralidad llave en mano con audio, video, videograbación, redes, almacenamiento NAS y software MASOD® para instituciones.","https://wa.me/525517390097?text=SW-%20Hola%20quisiera%20m%C3%A1s%20informaci%C3%B3n%20de%20sus%20servicios%20de%20%22Instalaci%C3%B3n%20de%20Salas%20de%20Juicios%20Orales%20en%20Nuevo%20Polanco%22","Nuevo Polanco","Ciudad de México","Instalación de Salas de Juicios Orales","8753f97a-983b-4281-9d4c-5f6ef849fda0",2026-06-26T21:50:04Z,2026-06-26T21:52:46Z,"45119e62-fb47-42df-8e3f-62a36597ee45"
"Instalación de Salas de Juicios Orales en San Andrés Cholula","instalacion-salas-de-juicios-orales-san-andres-cholula","Instalación de Salas de Juicios Orales en San Andrés Cholula","Modernizamos salas de audiencia con audio, video, software MASOD® e infraestructura tecnológica para instituciones en San Andrés Cholula.","Instalación de Salas de Juicios Orales en San Andrés Cholula | Blegam Corp","Blegam Corp es especialista en instalación de salas de juicios orales en san andrés cholula. Diseñamos e implementamos salas de oralidad llave en mano con audio, video, videograbación, redes, almacenamiento NAS y software MASOD® para instituciones.","https://wa.me/525517390097?text=SW-%20Hola%20quisiera%20m%C3%A1s%20informaci%C3%B3n%20de%20sus%20servicios%20de%20%22Instalaci%C3%B3n%20de%20Salas%20de%20Juicios%20Orales%20en%20San%20Andr%C3%A9s%20Cholula%22","San Andrés Cholula","Puebla","Instalación de Salas de Juicios Orales","89a0277c-33cc-4ce4-9212-d10cbabaec49",2026-06-26T21:50:04Z,2026-06-26T21:52:46Z,"45119e62-fb47-42df-8e3f-62a36597ee45"
"Instalación de Salas de Juicios Orales en Hidalgo","instalacion-salas-de-juicios-orales-hidalgo","Instalación de Salas de Juicios Orales en Hidalgo","Modernizamos salas de audiencia con audio, video, software MASOD® e infraestructura tecnológica para instituciones en Hidalgo.","Instalación de Salas de Juicios Orales en Hidalgo | Blegam Corp","Blegam Corp es especialista en instalación de salas de juicios orales en hidalgo. Diseñamos e implementamos salas de oralidad llave en mano con audio, video, videograbación, redes, almacenamiento NAS y software MASOD® para instituciones.","https://wa.me/525517390097?text=SW-%20Hola%20quisiera%20m%C3%A1s%20informaci%C3%B3n%20de%20sus%20servicios%20de%20%22Instalaci%C3%B3n%20de%20Salas%20de%20Juicios%20Orales%20en%20Hidalgo%22","Hidalgo","Hidalgo","Instalación de Salas de Juicios Orales","89e61f86-733c-4015-8b00-b2727e4b36ec",2026-06-26T21:50:04Z,2026-06-26T21:52:46Z,"45119e62-fb47-42df-8e3f-62a36597ee45"
"Instalación de Salas de Juicios Orales en Lázaro Cárdenas","instalacion-salas-de-juicios-orales-lazaro-cardenas","Instalación de Salas de Juicios Orales en Lázaro Cárdenas","Modernizamos salas de audiencia con audio, video, software MASOD® e infraestructura tecnológica para instituciones en Lázaro Cárdenas.","Instalación de Salas de Juicios Orales en Lázaro Cárdenas | Blegam Corp","Blegam Corp es especialista en instalación de salas de juicios orales en lázaro cárdenas. Diseñamos e implementamos salas de oralidad llave en mano con audio, video, videograbación, redes, almacenamiento NAS y software MASOD® para instituciones.","https://wa.me/525517390097?text=SW-%20Hola%20quisiera%20m%C3%A1s%20informaci%C3%B3n%20de%20sus%20servicios%20de%20%22Instalaci%C3%B3n%20de%20Salas%20de%20Juicios%20Orales%20en%20L%C3%A1zaro%20C%C3%A1rdenas%22","Lázaro Cárdenas","Michoacán","Instalación de Salas de Juicios Orales","8c9e1028-2be5-49c0-a4d9-1f37d502ea9b",2026-06-26T21:50:04Z,2026-06-26T21:52:46Z,"45119e62-fb47-42df-8e3f-62a36597ee45"
"Instalación de Salas de Juicios Orales en Mérida","instalacion-salas-de-juicios-orales-merida","Instalación de Salas de Juicios Orales en Mérida","Modernizamos salas de audiencia con audio, video, software MASOD® e infraestructura tecnológica para instituciones en Mérida.","Instalación de Salas de Juicios Orales en Mérida | Blegam Corp","Blegam Corp es especialista en instalación de salas de juicios orales en mérida. Diseñamos e implementamos salas de oralidad llave en mano con audio, video, videograbación, redes, almacenamiento NAS y software MASOD® para instituciones.","https://wa.me/525517390097?text=SW-%20Hola%20quisiera%20m%C3%A1s%20informaci%C3%B3n%20de%20sus%20servicios%20de%20%22Instalaci%C3%B3n%20de%20Salas%20de%20Juicios%20Orales%20en%20M%C3%A9rida%22","Mérida","Yucatán","Instalación de Salas de Juicios Orales","8cbf6509-4558-4200-80d5-12a66c5efbb2",2026-06-26T21:50:04Z,2026-06-26T21:52:46Z,"45119e62-fb47-42df-8e3f-62a36597ee45"
"Instalación de Salas de Juicios Orales en Colinas de San Javier","instalacion-salas-de-juicios-orales-colinas-de-san-javier","Instalación de Salas de Juicios Orales en Colinas de San Javier","Modernizamos salas de audiencia con audio, video, software MASOD® e infraestructura tecnológica para instituciones en Colinas de San Javier.","Instalación de Salas de Juicios Orales en Colinas de San Javier | Blegam Corp","Blegam Corp es especialista en instalación de salas de juicios orales en colinas de san javier. Diseñamos e implementamos salas de oralidad llave en mano con audio, video, videograbación, redes, almacenamiento NAS y software MASOD® para instituciones.","https://wa.me/525517390097?text=SW-%20Hola%20quisiera%20m%C3%A1s%20informaci%C3%B3n%20de%20sus%20servicios%20de%20%22Instalaci%C3%B3n%20de%20Salas%20de%20Juicios%20Orales%20en%20Colinas%20de%20San%20Javier%22","Colinas de San Javier","Jalisco","Instalación de Salas de Juicios Orales","8ce102e3-ff09-40ae-8c27-9d60f4ecdbb7",2026-06-26T21:50:04Z,2026-06-26T21:52:46Z,"45119e62-fb47-42df-8e3f-62a36597ee45"
"Instalación de Salas de Juicios Orales en Atlixco","instalacion-salas-de-juicios-orales-atlixco","Instalación de Salas de Juicios Orales en Atlixco","Modernizamos salas de audiencia con audio, video, software MASOD® e infraestructura tecnológica para instituciones en Atlixco.","Instalación de Salas de Juicios Orales en Atlixco | Blegam Corp","Blegam Corp es especialista en instalación de salas de juicios orales en atlixco. Diseñamos e implementamos salas de oralidad llave en mano con audio, video, videograbación, redes, almacenamiento NAS y software MASOD® para instituciones.","https://wa.me/525517390097?text=SW-%20Hola%20quisiera%20m%C3%A1s%20informaci%C3%B3n%20de%20sus%20servicios%20de%20%22Instalaci%C3%B3n%20de%20Salas%20de%20Juicios%20Orales%20en%20Atlixco%22","Atlixco","Puebla","Instalación de Salas de Juicios Orales","8f375add-b4e0-41cc-9838-c4e7f472ac02",2026-06-26T21:50:04Z,2026-06-26T21:52:46Z,"45119e62-fb47-42df-8e3f-62a36597ee45"
"Instalación de Salas de Juicios Orales en Providencia","instalacion-salas-de-juicios-orales-providencia","Instalación de Salas de Juicios Orales en Providencia","Modernizamos salas de audiencia con audio, video, software MASOD® e infraestructura tecnológica para instituciones en Providencia.","Instalación de Salas de Juicios Orales en Providencia | Blegam Corp","Blegam Corp es especialista en instalación de salas de juicios orales en providencia. Diseñamos e implementamos salas de oralidad llave en mano con audio, video, videograbación, redes, almacenamiento NAS y software MASOD® para instituciones.","https://wa.me/525517390097?text=SW-%20Hola%20quisiera%20m%C3%A1s%20informaci%C3%B3n%20de%20sus%20servicios%20de%20%22Instalaci%C3%B3n%20de%20Salas%20de%20Juicios%20Orales%20en%20Providencia%22","Providencia","Jalisco","Instalación de Salas de Juicios Orales","8ff185c0-7eb1-42e0-9683-5dc7c1a933ca",2026-06-26T21:50:04Z,2026-06-26T21:52:46Z,"45119e62-fb47-42df-8e3f-62a36597ee45"
"Instalación de Salas de Juicios Orales en San Miguel de Allende","instalacion-salas-de-juicios-orales-san-miguel-de-allende","Instalación de Salas de Juicios Orales en San Miguel de Allende","Modernizamos salas de audiencia con audio, video, software MASOD® e infraestructura tecnológica para instituciones en San Miguel de Allende.","Instalación de Salas de Juicios Orales en San Miguel de Allende | Blegam Corp","Blegam Corp es especialista en instalación de salas de juicios orales en san miguel de allende. Diseñamos e implementamos salas de oralidad llave en mano con audio, video, videograbación, redes, almacenamiento NAS y software MASOD® para instituciones.","https://wa.me/525517390097?text=SW-%20Hola%20quisiera%20m%C3%A1s%20informaci%C3%B3n%20de%20sus%20servicios%20de%20%22Instalaci%C3%B3n%20de%20Salas%20de%20Juicios%20Orales%20en%20San%20Miguel%20de%20Allende%22","San Miguel de Allende","Guanajuato","Instalación de Salas de Juicios Orales","9058b784-4dcf-4c9b-bf15-c33085ecb588",2026-06-26T21:50:04Z,2026-06-26T21:52:46Z,"45119e62-fb47-42df-8e3f-62a36597ee45"
"Instalación de Salas de Juicios Orales en Chetumal","instalacion-salas-de-juicios-orales-chetumal","Instalación de Salas de Juicios Orales en Chetumal","Modernizamos salas de audiencia con audio, video, software MASOD® e infraestructura tecnológica para instituciones en Chetumal.","Instalación de Salas de Juicios Orales en Chetumal | Blegam Corp","Blegam Corp es especialista en instalación de salas de juicios orales en chetumal. Diseñamos e implementamos salas de oralidad llave en mano con audio, video, videograbación, redes, almacenamiento NAS y software MASOD® para instituciones.","https://wa.me/525517390097?text=SW-%20Hola%20quisiera%20m%C3%A1s%20informaci%C3%B3n%20de%20sus%20servicios%20de%20%22Instalaci%C3%B3n%20de%20Salas%20de%20Juicios%20Orales%20en%20Chetumal%22","Chetumal","Quintana Roo","Instalación de Salas de Juicios Orales","9187d019-1ed0-44d8-b0b7-3ffc30d0de5e",2026-06-26T21:50:04Z,2026-06-26T21:52:46Z,"45119e62-fb47-42df-8e3f-62a36597ee45"
"Instalación de Salas de Juicios Orales en Chiapas","instalacion-salas-de-juicios-orales-chiapas","Instalación de Salas de Juicios Orales en Chiapas","Modernizamos salas de audiencia con audio, video, software MASOD® e infraestructura tecnológica para instituciones en Chiapas.","Instalación de Salas de Juicios Orales en Chiapas | Blegam Corp","Blegam Corp es especialista en instalación de salas de juicios orales en chiapas. Diseñamos e implementamos salas de oralidad llave en mano con audio, video, videograbación, redes, almacenamiento NAS y software MASOD® para instituciones.","https://wa.me/525517390097?text=SW-%20Hola%20quisiera%20m%C3%A1s%20informaci%C3%B3n%20de%20sus%20servicios%20de%20%22Instalaci%C3%B3n%20de%20Salas%20de%20Juicios%20Orales%20en%20Chiapas%22","Chiapas","Chiapas","Instalación de Salas de Juicios Orales","9261201d-16ec-471e-97d4-bb64fe289308",2026-06-26T21:50:04Z,2026-06-26T21:52:46Z,"45119e62-fb47-42df-8e3f-62a36597ee45"
"Instalación de Salas de Juicios Orales en Gustavo A. Madero","instalacion-salas-de-juicios-orales-gustavo-a-madero","Instalación de Salas de Juicios Orales en Gustavo A. Madero","Modernizamos salas de audiencia con audio, video, software MASOD® e infraestructura tecnológica para instituciones en Gustavo A. Madero.","Instalación de Salas de Juicios Orales en Gustavo A. Madero | Blegam Corp","Blegam Corp es especialista en instalación de salas de juicios orales en gustavo a. madero. Diseñamos e implementamos salas de oralidad llave en mano con audio, video, videograbación, redes, almacenamiento NAS y software MASOD® para instituciones.","https://wa.me/525517390097?text=SW-%20Hola%20quisiera%20m%C3%A1s%20informaci%C3%B3n%20de%20sus%20servicios%20de%20%22Instalaci%C3%B3n%20de%20Salas%20de%20Juicios%20Orales%20en%20Gustavo%20A.%20Madero%22","Gustavo A. Madero","Ciudad de México","Instalación de Salas de Juicios Orales","9309b0ee-fb8c-41ae-a513-3840bd7e1fa8",2026-06-26T21:50:04Z,2026-06-26T21:52:46Z,"45119e62-fb47-42df-8e3f-62a36597ee45"
"Instalación de Salas de Juicios Orales en Metepec","instalacion-salas-de-juicios-orales-metepec","Instalación de Salas de Juicios Orales en Metepec","Modernizamos salas de audiencia con audio, video, software MASOD® e infraestructura tecnológica para instituciones en Metepec.","Instalación de Salas de Juicios Orales en Metepec | Blegam Corp","Blegam Corp es especialista en instalación de salas de juicios orales en metepec. Diseñamos e implementamos salas de oralidad llave en mano con audio, video, videograbación, redes, almacenamiento NAS y software MASOD® para instituciones.","https://wa.me/525517390097?text=SW-%20Hola%20quisiera%20m%C3%A1s%20informaci%C3%B3n%20de%20sus%20servicios%20de%20%22Instalaci%C3%B3n%20de%20Salas%20de%20Juicios%20Orales%20en%20Metepec%22","Metepec","Estado de México","Instalación de Salas de Juicios Orales","93d63a51-942a-49e5-bd16-317a16172810",2026-06-26T21:50:04Z,2026-06-26T21:52:46Z,"45119e62-fb47-42df-8e3f-62a36597ee45"
"Instalación de Salas de Juicios Orales en Zapopan","instalacion-salas-de-juicios-orales-zapopan","Instalación de Salas de Juicios Orales en Zapopan","Modernizamos salas de audiencia con audio, video, software MASOD® e infraestructura tecnológica para instituciones en Zapopan.","Instalación de Salas de Juicios Orales en Zapopan | Blegam Corp","Blegam Corp es especialista en instalación de salas de juicios orales en zapopan. Diseñamos e implementamos salas de oralidad llave en mano con audio, video, videograbación, redes, almacenamiento NAS y software MASOD® para instituciones.","https://wa.me/525517390097?text=SW-%20Hola%20quisiera%20m%C3%A1s%20informaci%C3%B3n%20de%20sus%20servicios%20de%20%22Instalaci%C3%B3n%20de%20Salas%20de%20Juicios%20Orales%20en%20Zapopan%22","Zapopan","Jalisco","Instalación de Salas de Juicios Orales","982b0cc7-c3f3-47d7-882d-3d5765dc5a00",2026-06-26T21:50:04Z,2026-06-26T21:52:46Z,"45119e62-fb47-42df-8e3f-62a36597ee45"
"Instalación de Salas de Juicios Orales en Valle de Bravo","instalacion-salas-de-juicios-orales-valle-de-bravo","Instalación de Salas de Juicios Orales en Valle de Bravo","Modernizamos salas de audiencia con audio, video, software MASOD® e infraestructura tecnológica para instituciones en Valle de Bravo.","Instalación de Salas de Juicios Orales en Valle de Bravo | Blegam Corp","Blegam Corp es especialista en instalación de salas de juicios orales en valle de bravo. Diseñamos e implementamos salas de oralidad llave en mano con audio, video, videograbación, redes, almacenamiento NAS y software MASOD® para instituciones.","https://wa.me/525517390097?text=SW-%20Hola%20quisiera%20m%C3%A1s%20informaci%C3%B3n%20de%20sus%20servicios%20de%20%22Instalaci%C3%B3n%20de%20Salas%20de%20Juicios%20Orales%20en%20Valle%20de%20Bravo%22","Valle de Bravo","Estado de México","Instalación de Salas de Juicios Orales","98511e4f-8d3f-4192-9dc3-918a2016fd48",2026-06-26T21:50:04Z,2026-06-26T21:52:46Z,"45119e62-fb47-42df-8e3f-62a36597ee45"
"Instalación de Salas de Juicios Orales en Tapachula","instalacion-salas-de-juicios-orales-tapachula","Instalación de Salas de Juicios Orales en Tapachula","Modernizamos salas de audiencia con audio, video, software MASOD® e infraestructura tecnológica para instituciones en Tapachula.","Instalación de Salas de Juicios Orales en Tapachula | Blegam Corp","Blegam Corp es especialista en instalación de salas de juicios orales en tapachula. Diseñamos e implementamos salas de oralidad llave en mano con audio, video, videograbación, redes, almacenamiento NAS y software MASOD® para instituciones.","https://wa.me/525517390097?text=SW-%20Hola%20quisiera%20m%C3%A1s%20informaci%C3%B3n%20de%20sus%20servicios%20de%20%22Instalaci%C3%B3n%20de%20Salas%20de%20Juicios%20Orales%20en%20Tapachula%22","Tapachula","Chiapas","Instalación de Salas de Juicios Orales","998ab727-ac39-407c-a334-9d8e3be8297f",2026-06-26T21:50:04Z,2026-06-26T21:52:46Z,"45119e62-fb47-42df-8e3f-62a36597ee45"
"Instalación de Salas de Juicios Orales en Tulancingo","instalacion-salas-de-juicios-orales-tulancingo","Instalación de Salas de Juicios Orales en Tulancingo","Modernizamos salas de audiencia con audio, video, software MASOD® e infraestructura tecnológica para instituciones en Tulancingo.","Instalación de Salas de Juicios Orales en Tulancingo | Blegam Corp","Blegam Corp es especialista en instalación de salas de juicios orales en tulancingo. Diseñamos e implementamos salas de oralidad llave en mano con audio, video, videograbación, redes, almacenamiento NAS y software MASOD® para instituciones.","https://wa.me/525517390097?text=SW-%20Hola%20quisiera%20m%C3%A1s%20informaci%C3%B3n%20de%20sus%20servicios%20de%20%22Instalaci%C3%B3n%20de%20Salas%20de%20Juicios%20Orales%20en%20Tulancingo%22","Tulancingo","Hidalgo","Instalación de Salas de Juicios Orales","9b029faa-f351-4652-8a25-f95b92bee5d6",2026-06-26T21:50:04Z,2026-06-26T21:52:46Z,"45119e62-fb47-42df-8e3f-62a36597ee45"
"Instalación de Salas de Juicios Orales en Ladrón de Guevara","instalacion-salas-de-juicios-orales-ladron-de-guevara","Instalación de Salas de Juicios Orales en Ladrón de Guevara","Modernizamos salas de audiencia con audio, video, software MASOD® e infraestructura tecnológica para instituciones en Ladrón de Guevara.","Instalación de Salas de Juicios Orales en Ladrón de Guevara | Blegam Corp","Blegam Corp es especialista en instalación de salas de juicios orales en ladrón de guevara. Diseñamos e implementamos salas de oralidad llave en mano con audio, video, videograbación, redes, almacenamiento NAS y software MASOD® para instituciones.","https://wa.me/525517390097?text=SW-%20Hola%20quisiera%20m%C3%A1s%20informaci%C3%B3n%20de%20sus%20servicios%20de%20%22Instalaci%C3%B3n%20de%20Salas%20de%20Juicios%20Orales%20en%20Ladr%C3%B3n%20de%20Guevara%22","Ladrón de Guevara","Jalisco","Instalación de Salas de Juicios Orales","9b353743-851c-4cb1-b030-778d86a09bd2",2026-06-26T21:50:04Z,2026-06-26T21:52:46Z,"45119e62-fb47-42df-8e3f-62a36597ee45"
"Instalación de Salas de Juicios Orales en Ciudad de México","instalacion-salas-de-juicios-orales-ciudad-de-mexico","Instalación de Salas de Juicios Orales en Ciudad de México","Modernizamos salas de audiencia con audio, video, software MASOD® e infraestructura tecnológica para instituciones en Ciudad de México.","Instalación de Salas de Juicios Orales en Ciudad de México | Blegam Corp","Blegam Corp es especialista en instalación de salas de juicios orales en ciudad de méxico. Diseñamos e implementamos salas de oralidad llave en mano con audio, video, videograbación, redes, almacenamiento NAS y software MASOD® para instituciones.","https://wa.me/525517390097?text=SW-%20Hola%20quisiera%20m%C3%A1s%20informaci%C3%B3n%20de%20sus%20servicios%20de%20%22Instalaci%C3%B3n%20de%20Salas%20de%20Juicios%20Orales%20en%20Ciudad%20de%20M%C3%A9xico%22","Ciudad de México","Ciudad de México","Instalación de Salas de Juicios Orales","9b81d1df-4ab9-4296-ac62-efdabd8f0c8b",2026-06-26T21:50:04Z,2026-06-26T21:52:46Z,"45119e62-fb47-42df-8e3f-62a36597ee45"
"Instalación de Salas de Juicios Orales en Narvarte","instalacion-salas-de-juicios-orales-narvarte","Instalación de Salas de Juicios Orales en Narvarte","Modernizamos salas de audiencia con audio, video, software MASOD® e infraestructura tecnológica para instituciones en Narvarte.","Instalación de Salas de Juicios Orales en Narvarte | Blegam Corp","Blegam Corp es especialista en instalación de salas de juicios orales en narvarte. Diseñamos e implementamos salas de oralidad llave en mano con audio, video, videograbación, redes, almacenamiento NAS y software MASOD® para instituciones.","https://wa.me/525517390097?text=SW-%20Hola%20quisiera%20m%C3%A1s%20informaci%C3%B3n%20de%20sus%20servicios%20de%20%22Instalaci%C3%B3n%20de%20Salas%20de%20Juicios%20Orales%20en%20Narvarte%22","Narvarte","Ciudad de México","Instalación de Salas de Juicios Orales","9bbfb0aa-187e-4238-a10c-b434c861761c",2026-06-26T21:50:04Z,2026-06-26T21:52:46Z,"45119e62-fb47-42df-8e3f-62a36597ee45"
"Instalación de Salas de Juicios Orales en Tecámac","instalacion-salas-de-juicios-orales-tecamac","Instalación de Salas de Juicios Orales en Tecámac","Modernizamos salas de audiencia con audio, video, software MASOD® e infraestructura tecnológica para instituciones en Tecámac.","Instalación de Salas de Juicios Orales en Tecámac | Blegam Corp","Blegam Corp es especialista en instalación de salas de juicios orales en tecámac. Diseñamos e implementamos salas de oralidad llave en mano con audio, video, videograbación, redes, almacenamiento NAS y software MASOD® para instituciones.","https://wa.me/525517390097?text=SW-%20Hola%20quisiera%20m%C3%A1s%20informaci%C3%B3n%20de%20sus%20servicios%20de%20%22Instalaci%C3%B3n%20de%20Salas%20de%20Juicios%20Orales%20en%20Tec%C3%A1mac%22","Tecámac","Estado de México","Instalación de Salas de Juicios Orales","9eb0ab2e-b7a0-418d-b4df-094709def376",2026-06-26T21:50:04Z,2026-06-26T21:52:46Z,"45119e62-fb47-42df-8e3f-62a36597ee45"
"Instalación de Salas de Juicios Orales en Salamanca","instalacion-salas-de-juicios-orales-salamanca","Instalación de Salas de Juicios Orales en Salamanca","Modernizamos salas de audiencia con audio, video, software MASOD® e infraestructura tecnológica para instituciones en Salamanca.","Instalación de Salas de Juicios Orales en Salamanca | Blegam Corp","Blegam Corp es especialista en instalación de salas de juicios orales en salamanca. Diseñamos e implementamos salas de oralidad llave en mano con audio, video, videograbación, redes, almacenamiento NAS y software MASOD® para instituciones.","https://wa.me/525517390097?text=SW-%20Hola%20quisiera%20m%C3%A1s%20informaci%C3%B3n%20de%20sus%20servicios%20de%20%22Instalaci%C3%B3n%20de%20Salas%20de%20Juicios%20Orales%20en%20Salamanca%22","Salamanca","Guanajuato","Instalación de Salas de Juicios Orales","a02d61ed-d551-4007-878d-4e4168892c94",2026-06-26T21:50:04Z,2026-06-26T21:52:46Z,"45119e62-fb47-42df-8e3f-62a36597ee45"
"Instalación de Salas de Juicios Orales en Zona Real, Jalisco","instalacion-salas-de-juicios-orales-zona-real-jalisco","Instalación de Salas de Juicios Orales en Zona Real, Jalisco","Modernizamos salas de audiencia con audio, video, software MASOD® e infraestructura tecnológica para instituciones en Zona Real, Jalisco.","Instalación de Salas de Juicios Orales en Zona Real, Jalisco | Blegam Corp","Blegam Corp es especialista en instalación de salas de juicios orales en zona real, jalisco. Diseñamos e implementamos salas de oralidad llave en mano con audio, video, videograbación, redes, almacenamiento NAS y software MASOD® para instituciones.","https://wa.me/525517390097?text=SW-%20Hola%20quisiera%20m%C3%A1s%20informaci%C3%B3n%20de%20sus%20servicios%20de%20%22Instalaci%C3%B3n%20de%20Salas%20de%20Juicios%20Orales%20en%20Zona%20Real%2C%20Jalisco%22","Zona Real","Jalisco","Instalación de Salas de Juicios Orales","a06eb8d3-f599-4bbb-aefc-508b66367d7e",2026-06-26T21:50:04Z,2026-06-26T21:52:46Z,"45119e62-fb47-42df-8e3f-62a36597ee45"
"Instalación de Salas de Juicios Orales en Valle Real","instalacion-salas-de-juicios-orales-valle-real","Instalación de Salas de Juicios Orales en Valle Real","Modernizamos salas de audiencia con audio, video, software MASOD® e infraestructura tecnológica para instituciones en Valle Real.","Instalación de Salas de Juicios Orales en Valle Real | Blegam Corp","Blegam Corp es especialista en instalación de salas de juicios orales en valle real. Diseñamos e implementamos salas de oralidad llave en mano con audio, video, videograbación, redes, almacenamiento NAS y software MASOD® para instituciones.","https://wa.me/525517390097?text=SW-%20Hola%20quisiera%20m%C3%A1s%20informaci%C3%B3n%20de%20sus%20servicios%20de%20%22Instalaci%C3%B3n%20de%20Salas%20de%20Juicios%20Orales%20en%20Valle%20Real%22","Valle Real","Jalisco","Instalación de Salas de Juicios Orales","a13bf8c0-dffa-4c01-90ba-a26ac67a403e",2026-06-26T21:50:04Z,2026-06-26T21:52:46Z,"45119e62-fb47-42df-8e3f-62a36597ee45"
"Instalación de Salas de Juicios Orales en La Rioja, Nuevo León","instalacion-salas-de-juicios-orales-la-rioja-nuevo-leon","Instalación de Salas de Juicios Orales en La Rioja, Nuevo León","Modernizamos salas de audiencia con audio, video, software MASOD® e infraestructura tecnológica para instituciones en La Rioja, Nuevo León.","Instalación de Salas de Juicios Orales en La Rioja, Nuevo León | Blegam Corp","Blegam Corp es especialista en instalación de salas de juicios orales en la rioja, nuevo león. Diseñamos e implementamos salas de oralidad llave en mano con audio, video, videograbación, redes, almacenamiento NAS y software MASOD® para instituciones.","https://wa.me/525517390097?text=SW-%20Hola%20quisiera%20m%C3%A1s%20informaci%C3%B3n%20de%20sus%20servicios%20de%20%22Instalaci%C3%B3n%20de%20Salas%20de%20Juicios%20Orales%20en%20La%20Rioja%2C%20Nuevo%20Le%C3%B3n%22","La Rioja","Nuevo León","Instalación de Salas de Juicios Orales","a24695f8-5401-4b7b-966b-0738de6f6e53",2026-06-26T21:50:04Z,2026-06-26T21:52:46Z,"45119e62-fb47-42df-8e3f-62a36597ee45"
"Instalación de Salas de Juicios Orales en Apizaco","instalacion-salas-de-juicios-orales-apizaco","Instalación de Salas de Juicios Orales en Apizaco","Modernizamos salas de audiencia con audio, video, software MASOD® e infraestructura tecnológica para instituciones en Apizaco.","Instalación de Salas de Juicios Orales en Apizaco | Blegam Corp","Blegam Corp es especialista en instalación de salas de juicios orales en apizaco. Diseñamos e implementamos salas de oralidad llave en mano con audio, video, videograbación, redes, almacenamiento NAS y software MASOD® para instituciones.","https://wa.me/525517390097?text=SW-%20Hola%20quisiera%20m%C3%A1s%20informaci%C3%B3n%20de%20sus%20servicios%20de%20%22Instalaci%C3%B3n%20de%20Salas%20de%20Juicios%20Orales%20en%20Apizaco%22","Apizaco","Tlaxcala","Instalación de Salas de Juicios Orales","a3064ad7-366d-4c13-9342-32d67ede4668",2026-06-26T21:50:04Z,2026-06-26T21:52:46Z,"45119e62-fb47-42df-8e3f-62a36597ee45"
"Instalación de Salas de Juicios Orales en Chilpancingo","instalacion-salas-de-juicios-orales-chilpancingo","Instalación de Salas de Juicios Orales en Chilpancingo","Modernizamos salas de audiencia con audio, video, software MASOD® e infraestructura tecnológica para instituciones en Chilpancingo.","Instalación de Salas de Juicios Orales en Chilpancingo | Blegam Corp","Blegam Corp es especialista en instalación de salas de juicios orales en chilpancingo. Diseñamos e implementamos salas de oralidad llave en mano con audio, video, videograbación, redes, almacenamiento NAS y software MASOD® para instituciones.","https://wa.me/525517390097?text=SW-%20Hola%20quisiera%20m%C3%A1s%20informaci%C3%B3n%20de%20sus%20servicios%20de%20%22Instalaci%C3%B3n%20de%20Salas%20de%20Juicios%20Orales%20en%20Chilpancingo%22","Chilpancingo","Guerrero","Instalación de Salas de Juicios Orales","a351aab5-86a8-4c51-940b-79fc4deb801f",2026-06-26T21:50:04Z,2026-06-26T21:52:46Z,"45119e62-fb47-42df-8e3f-62a36597ee45"
"Instalación de Salas de Juicios Orales en Cancún","instalacion-salas-de-juicios-orales-cancun","Instalación de Salas de Juicios Orales en Cancún","Modernizamos salas de audiencia con audio, video, software MASOD® e infraestructura tecnológica para instituciones en Cancún.","Instalación de Salas de Juicios Orales en Cancún | Blegam Corp","Blegam Corp es especialista en instalación de salas de juicios orales en cancún. Diseñamos e implementamos salas de oralidad llave en mano con audio, video, videograbación, redes, almacenamiento NAS y software MASOD® para instituciones.","https://wa.me/525517390097?text=SW-%20Hola%20quisiera%20m%C3%A1s%20informaci%C3%B3n%20de%20sus%20servicios%20de%20%22Instalaci%C3%B3n%20de%20Salas%20de%20Juicios%20Orales%20en%20Canc%C3%BAn%22","Cancún","Quintana Roo","Instalación de Salas de Juicios Orales","a451494c-9e9c-42ff-92d4-6a74d2e16f3d",2026-06-26T21:50:04Z,2026-06-26T21:52:46Z,"45119e62-fb47-42df-8e3f-62a36597ee45"
"Instalación de Salas de Juicios Orales en Bosques de las Lomas, Ciudad de México","instalacion-salas-de-juicios-orales-bosques-de-las-lomas-ciudad-de-mexico","Instalación de Salas de Juicios Orales en Bosques de las Lomas, Ciudad de México","Modernizamos salas de audiencia con audio, video, software MASOD® e infraestructura tecnológica para instituciones en Bosques de las Lomas, Ciudad de México.","Instalación de Salas de Juicios Orales en Bosques de las Lomas, Ciudad de México | Blegam Corp","Blegam Corp es especialista en instalación de salas de juicios orales en bosques de las lomas, ciudad de méxico. Diseñamos e implementamos salas de oralidad llave en mano con audio, video, videograbación, redes, almacenamiento NAS y software MASOD® para instituciones.","https://wa.me/525517390097?text=SW-%20Hola%20quisiera%20m%C3%A1s%20informaci%C3%B3n%20de%20sus%20servicios%20de%20%22Instalaci%C3%B3n%20de%20Salas%20de%20Juicios%20Orales%20en%20Bosques%20de%20las%20Lomas%2C%20Ciudad%20de%20M%C3%A9xico%22","Bosques de las Lomas","Ciudad de México","Instalación de Salas de Juicios Orales","a49ca498-fa16-4520-b358-a7c0b09f3bc4",2026-06-26T21:50:04Z,2026-06-26T21:52:46Z,"45119e62-fb47-42df-8e3f-62a36597ee45"
"Instalación de Salas de Juicios Orales en Huixquilucan","instalacion-salas-de-juicios-orales-huixquilucan","Instalación de Salas de Juicios Orales en Huixquilucan","Modernizamos salas de audiencia con audio, video, software MASOD® e infraestructura tecnológica para instituciones en Huixquilucan.","Instalación de Salas de Juicios Orales en Huixquilucan | Blegam Corp","Blegam Corp es especialista en instalación de salas de juicios orales en huixquilucan. Diseñamos e implementamos salas de oralidad llave en mano con audio, video, videograbación, redes, almacenamiento NAS y software MASOD® para instituciones.","https://wa.me/525517390097?text=SW-%20Hola%20quisiera%20m%C3%A1s%20informaci%C3%B3n%20de%20sus%20servicios%20de%20%22Instalaci%C3%B3n%20de%20Salas%20de%20Juicios%20Orales%20en%20Huixquilucan%22","Huixquilucan","Estado de México","Instalación de Salas de Juicios Orales","a509a2f0-9202-4c53-a4c7-0a0b38ee6307",2026-06-26T21:50:04Z,2026-06-26T21:52:46Z,"45119e62-fb47-42df-8e3f-62a36597ee45"
"Instalación de Salas de Juicios Orales en La Magdalena Contreras, Ciudad de México","instalacion-salas-de-juicios-orales-la-magdalena-contreras-ciudad-de-mexico","Instalación de Salas de Juicios Orales en La Magdalena Contreras, Ciudad de México","Modernizamos salas de audiencia con audio, video, software MASOD® e infraestructura tecnológica para instituciones en La Magdalena Contreras, Ciudad de México.","Instalación de Salas de Juicios Orales en La Magdalena Contreras, Ciudad de México | Blegam Corp","Blegam Corp es especialista en instalación de salas de juicios orales en la magdalena contreras, ciudad de méxico. Diseñamos e implementamos salas de oralidad llave en mano con audio, video, videograbación, redes, almacenamiento NAS y software MASOD® para instituciones.","https://wa.me/525517390097?text=SW-%20Hola%20quisiera%20m%C3%A1s%20informaci%C3%B3n%20de%20sus%20servicios%20de%20%22Instalaci%C3%B3n%20de%20Salas%20de%20Juicios%20Orales%20en%20La%20Magdalena%20Contreras%2C%20Ciudad%20de%20M%C3%A9xico%22","La Magdalena Contreras","Ciudad de México","Instalación de Salas de Juicios Orales","a5f4225e-7e6d-4042-a0d4-e11f3a180a8f",2026-06-26T21:50:04Z,2026-06-26T21:52:46Z,"45119e62-fb47-42df-8e3f-62a36597ee45"
"Instalación de Salas de Juicios Orales en Mazatlán","instalacion-salas-de-juicios-orales-mazatlan","Instalación de Salas de Juicios Orales en Mazatlán","Modernizamos salas de audiencia con audio, video, software MASOD® e infraestructura tecnológica para instituciones en Mazatlán.","Instalación de Salas de Juicios Orales en Mazatlán | Blegam Corp","Blegam Corp es especialista en instalación de salas de juicios orales en mazatlán. Diseñamos e implementamos salas de oralidad llave en mano con audio, video, videograbación, redes, almacenamiento NAS y software MASOD® para instituciones.","https://wa.me/525517390097?text=SW-%20Hola%20quisiera%20m%C3%A1s%20informaci%C3%B3n%20de%20sus%20servicios%20de%20%22Instalaci%C3%B3n%20de%20Salas%20de%20Juicios%20Orales%20en%20Mazatl%C3%A1n%22","Mazatlán","Sinaloa","Instalación de Salas de Juicios Orales","a628a88e-95a1-4613-968f-abde6bf36663",2026-06-26T21:50:04Z,2026-06-26T21:52:46Z,"45119e62-fb47-42df-8e3f-62a36597ee45"
"Instalación de Salas de Juicios Orales en Tepatitlán","instalacion-salas-de-juicios-orales-tepatitlan","Instalación de Salas de Juicios Orales en Tepatitlán","Modernizamos salas de audiencia con audio, video, software MASOD® e infraestructura tecnológica para instituciones en Tepatitlán.","Instalación de Salas de Juicios Orales en Tepatitlán | Blegam Corp","Blegam Corp es especialista en instalación de salas de juicios orales en tepatitlán. Diseñamos e implementamos salas de oralidad llave en mano con audio, video, videograbación, redes, almacenamiento NAS y software MASOD® para instituciones.","https://wa.me/525517390097?text=SW-%20Hola%20quisiera%20m%C3%A1s%20informaci%C3%B3n%20de%20sus%20servicios%20de%20%22Instalaci%C3%B3n%20de%20Salas%20de%20Juicios%20Orales%20en%20Tepatitl%C3%A1n%22","Tepatitlán","Jalisco","Instalación de Salas de Juicios Orales","a86002d5-ca94-4075-8fc9-cf336c3fd2e9",2026-06-26T21:50:04Z,2026-06-26T21:52:46Z,"45119e62-fb47-42df-8e3f-62a36597ee45"
"Instalación de Salas de Juicios Orales en Baja California Sur","instalacion-salas-de-juicios-orales-baja-california-sur","Instalación de Salas de Juicios Orales en Baja California Sur","Modernizamos salas de audiencia con audio, video, software MASOD® e infraestructura tecnológica para instituciones en Baja California Sur.","Instalación de Salas de Juicios Orales en Baja California Sur | Blegam Corp","Blegam Corp es especialista en instalación de salas de juicios orales en baja california sur. Diseñamos e implementamos salas de oralidad llave en mano con audio, video, videograbación, redes, almacenamiento NAS y software MASOD® para instituciones.","https://wa.me/525517390097?text=SW-%20Hola%20quisiera%20m%C3%A1s%20informaci%C3%B3n%20de%20sus%20servicios%20de%20%22Instalaci%C3%B3n%20de%20Salas%20de%20Juicios%20Orales%20en%20Baja%20California%20Sur%22","Baja California Sur","Baja California Sur","Instalación de Salas de Juicios Orales","a8657974-0594-4e52-aad1-3c35b8360e2e",2026-06-26T21:50:04Z,2026-06-26T21:52:46Z,"45119e62-fb47-42df-8e3f-62a36597ee45"
"Instalación de Salas de Juicios Orales en Quintana Roo","instalacion-salas-de-juicios-orales-quintana-roo","Instalación de Salas de Juicios Orales en Quintana Roo","Modernizamos salas de audiencia con audio, video, software MASOD® e infraestructura tecnológica para instituciones en Quintana Roo.","Instalación de Salas de Juicios Orales en Quintana Roo | Blegam Corp","Blegam Corp es especialista en instalación de salas de juicios orales en quintana roo. Diseñamos e implementamos salas de oralidad llave en mano con audio, video, videograbación, redes, almacenamiento NAS y software MASOD® para instituciones.","https://wa.me/525517390097?text=SW-%20Hola%20quisiera%20m%C3%A1s%20informaci%C3%B3n%20de%20sus%20servicios%20de%20%22Instalaci%C3%B3n%20de%20Salas%20de%20Juicios%20Orales%20en%20Quintana%20Roo%22","Quintana Roo","Quintana Roo","Instalación de Salas de Juicios Orales","acf61b3c-208a-4849-a139-ac4cb49e9e37",2026-06-26T21:50:04Z,2026-06-26T21:52:46Z,"45119e62-fb47-42df-8e3f-62a36597ee45"
"Instalación de Salas de Juicios Orales en Lomas de Chapultepec","instalacion-salas-de-juicios-orales-lomas-de-chapultepec","Instalación de Salas de Juicios Orales en Lomas de Chapultepec","Modernizamos salas de audiencia con audio, video, software MASOD® e infraestructura tecnológica para instituciones en Lomas de Chapultepec.","Instalación de Salas de Juicios Orales en Lomas de Chapultepec | Blegam Corp","Blegam Corp es especialista en instalación de salas de juicios orales en lomas de chapultepec. Diseñamos e implementamos salas de oralidad llave en mano con audio, video, videograbación, redes, almacenamiento NAS y software MASOD® para instituciones.","https://wa.me/525517390097?text=SW-%20Hola%20quisiera%20m%C3%A1s%20informaci%C3%B3n%20de%20sus%20servicios%20de%20%22Instalaci%C3%B3n%20de%20Salas%20de%20Juicios%20Orales%20en%20Lomas%20de%20Chapultepec%22","Lomas de Chapultepec","Ciudad de México","Instalación de Salas de Juicios Orales","af4a454e-e1e2-45fd-9936-328884a4756e",2026-06-26T21:50:04Z,2026-06-26T21:52:46Z,"45119e62-fb47-42df-8e3f-62a36597ee45"
"Instalación de Salas de Juicios Orales en Salina Cruz","instalacion-salas-de-juicios-orales-salina-cruz","Instalación de Salas de Juicios Orales en Salina Cruz","Modernizamos salas de audiencia con audio, video, software MASOD® e infraestructura tecnológica para instituciones en Salina Cruz.","Instalación de Salas de Juicios Orales en Salina Cruz | Blegam Corp","Blegam Corp es especialista en instalación de salas de juicios orales en salina cruz. Diseñamos e implementamos salas de oralidad llave en mano con audio, video, videograbación, redes, almacenamiento NAS y software MASOD® para instituciones.","https://wa.me/525517390097?text=SW-%20Hola%20quisiera%20m%C3%A1s%20informaci%C3%B3n%20de%20sus%20servicios%20de%20%22Instalaci%C3%B3n%20de%20Salas%20de%20Juicios%20Orales%20en%20Salina%20Cruz%22","Salina Cruz","Oaxaca","Instalación de Salas de Juicios Orales","b2a14491-1756-4a47-ab16-e0f5df207b40",2026-06-26T21:50:04Z,2026-06-26T21:52:46Z,"45119e62-fb47-42df-8e3f-62a36597ee45"
"Instalación de Salas de Juicios Orales en Coatzacoalcos","instalacion-salas-de-juicios-orales-coatzacoalcos","Instalación de Salas de Juicios Orales en Coatzacoalcos","Modernizamos salas de audiencia con audio, video, software MASOD® e infraestructura tecnológica para instituciones en Coatzacoalcos.","Instalación de Salas de Juicios Orales en Coatzacoalcos | Blegam Corp","Blegam Corp es especialista en instalación de salas de juicios orales en coatzacoalcos. Diseñamos e implementamos salas de oralidad llave en mano con audio, video, videograbación, redes, almacenamiento NAS y software MASOD® para instituciones.","https://wa.me/525517390097?text=SW-%20Hola%20quisiera%20m%C3%A1s%20informaci%C3%B3n%20de%20sus%20servicios%20de%20%22Instalaci%C3%B3n%20de%20Salas%20de%20Juicios%20Orales%20en%20Coatzacoalcos%22","Coatzacoalcos","Veracruz","Instalación de Salas de Juicios Orales","b32ae902-7db7-47a7-9816-89973547358d",2026-06-26T21:50:04Z,2026-06-26T21:52:46Z,"45119e62-fb47-42df-8e3f-62a36597ee45"
"Instalación de Salas de Juicios Orales en Solares","instalacion-salas-de-juicios-orales-solares","Instalación de Salas de Juicios Orales en Solares","Modernizamos salas de audiencia con audio, video, software MASOD® e infraestructura tecnológica para instituciones en Solares.","Instalación de Salas de Juicios Orales en Solares | Blegam Corp","Blegam Corp es especialista en instalación de salas de juicios orales en solares. Diseñamos e implementamos salas de oralidad llave en mano con audio, video, videograbación, redes, almacenamiento NAS y software MASOD® para instituciones.","https://wa.me/525517390097?text=SW-%20Hola%20quisiera%20m%C3%A1s%20informaci%C3%B3n%20de%20sus%20servicios%20de%20%22Instalaci%C3%B3n%20de%20Salas%20de%20Juicios%20Orales%20en%20Solares%22","Solares","Jalisco","Instalación de Salas de Juicios Orales","b4765876-22ca-4875-822a-60c1f893575a",2026-06-26T21:50:04Z,2026-06-26T21:52:46Z,"45119e62-fb47-42df-8e3f-62a36597ee45"
"Instalación de Salas de Juicios Orales en Emiliano Zapata","instalacion-salas-de-juicios-orales-emiliano-zapata","Instalación de Salas de Juicios Orales en Emiliano Zapata","Modernizamos salas de audiencia con audio, video, software MASOD® e infraestructura tecnológica para instituciones en Emiliano Zapata.","Instalación de Salas de Juicios Orales en Emiliano Zapata | Blegam Corp","Blegam Corp es especialista en instalación de salas de juicios orales en emiliano zapata. Diseñamos e implementamos salas de oralidad llave en mano con audio, video, videograbación, redes, almacenamiento NAS y software MASOD® para instituciones.","https://wa.me/525517390097?text=SW-%20Hola%20quisiera%20m%C3%A1s%20informaci%C3%B3n%20de%20sus%20servicios%20de%20%22Instalaci%C3%B3n%20de%20Salas%20de%20Juicios%20Orales%20en%20Emiliano%20Zapata%22","Emiliano Zapata","Morelos","Instalación de Salas de Juicios Orales","b5847f3d-1b8c-427e-b5e6-e0a30eb8efcf",2026-06-26T21:50:04Z,2026-06-26T21:52:46Z,"45119e62-fb47-42df-8e3f-62a36597ee45"
"Instalación de Salas de Juicios Orales en Tláhuac","instalacion-salas-de-juicios-orales-tlahuac","Instalación de Salas de Juicios Orales en Tláhuac","Modernizamos salas de audiencia con audio, video, software MASOD® e infraestructura tecnológica para instituciones en Tláhuac.","Instalación de Salas de Juicios Orales en Tláhuac | Blegam Corp","Blegam Corp es especialista en instalación de salas de juicios orales en tláhuac. Diseñamos e implementamos salas de oralidad llave en mano con audio, video, videograbación, redes, almacenamiento NAS y software MASOD® para instituciones.","https://wa.me/525517390097?text=SW-%20Hola%20quisiera%20m%C3%A1s%20informaci%C3%B3n%20de%20sus%20servicios%20de%20%22Instalaci%C3%B3n%20de%20Salas%20de%20Juicios%20Orales%20en%20Tl%C3%A1huac%22","Tláhuac","Ciudad de México","Instalación de Salas de Juicios Orales","b5c005b5-de48-47e1-b7ed-0a1f2689b6b8",2026-06-26T21:50:04Z,2026-06-26T21:52:46Z,"45119e62-fb47-42df-8e3f-62a36597ee45"
"Instalación de Salas de Juicios Orales en Mixcoac","instalacion-salas-de-juicios-orales-mixcoac","Instalación de Salas de Juicios Orales en Mixcoac","Modernizamos salas de audiencia con audio, video, software MASOD® e infraestructura tecnológica para instituciones en Mixcoac.","Instalación de Salas de Juicios Orales en Mixcoac | Blegam Corp","Blegam Corp es especialista en instalación de salas de juicios orales en mixcoac. Diseñamos e implementamos salas de oralidad llave en mano con audio, video, videograbación, redes, almacenamiento NAS y software MASOD® para instituciones.","https://wa.me/525517390097?text=SW-%20Hola%20quisiera%20m%C3%A1s%20informaci%C3%B3n%20de%20sus%20servicios%20de%20%22Instalaci%C3%B3n%20de%20Salas%20de%20Juicios%20Orales%20en%20Mixcoac%22","Mixcoac","Ciudad de México","Instalación de Salas de Juicios Orales","b5eefaac-ed2a-4337-be58-4646a29eee2b",2026-06-26T21:50:04Z,2026-06-26T21:52:46Z,"45119e62-fb47-42df-8e3f-62a36597ee45"
"Instalación de Salas de Juicios Orales en Azcapotzalco","instalacion-salas-de-juicios-orales-azcapotzalco","Instalación de Salas de Juicios Orales en Azcapotzalco","Modernizamos salas de audiencia con audio, video, software MASOD® e infraestructura tecnológica para instituciones en Azcapotzalco.","Instalación de Salas de Juicios Orales en Azcapotzalco | Blegam Corp","Blegam Corp es especialista en instalación de salas de juicios orales en azcapotzalco. Diseñamos e implementamos salas de oralidad llave en mano con audio, video, videograbación, redes, almacenamiento NAS y software MASOD® para instituciones.","https://wa.me/525517390097?text=SW-%20Hola%20quisiera%20m%C3%A1s%20informaci%C3%B3n%20de%20sus%20servicios%20de%20%22Instalaci%C3%B3n%20de%20Salas%20de%20Juicios%20Orales%20en%20Azcapotzalco%22","Azcapotzalco","Ciudad de México","Instalación de Salas de Juicios Orales","b634998b-e7a4-4a32-8318-a330453276aa",2026-06-26T21:50:04Z,2026-06-26T21:52:46Z,"45119e62-fb47-42df-8e3f-62a36597ee45"
"Instalación de Salas de Juicios Orales en Carretera Nacional","instalacion-salas-de-juicios-orales-carretera-nacional","Instalación de Salas de Juicios Orales en Carretera Nacional","Modernizamos salas de audiencia con audio, video, software MASOD® e infraestructura tecnológica para instituciones en Carretera Nacional.","Instalación de Salas de Juicios Orales en Carretera Nacional | Blegam Corp","Blegam Corp es especialista en instalación de salas de juicios orales en carretera nacional. Diseñamos e implementamos salas de oralidad llave en mano con audio, video, videograbación, redes, almacenamiento NAS y software MASOD® para instituciones.","https://wa.me/525517390097?text=SW-%20Hola%20quisiera%20m%C3%A1s%20informaci%C3%B3n%20de%20sus%20servicios%20de%20%22Instalaci%C3%B3n%20de%20Salas%20de%20Juicios%20Orales%20en%20Carretera%20Nacional%22","Carretera Nacional","Nuevo León","Instalación de Salas de Juicios Orales","b760de4e-d793-42d7-926b-29691e72ae7f",2026-06-26T21:50:04Z,2026-06-26T21:52:46Z,"45119e62-fb47-42df-8e3f-62a36597ee45"
"Instalación de Salas de Juicios Orales en Nayarit","instalacion-salas-de-juicios-orales-nayarit","Instalación de Salas de Juicios Orales en Nayarit","Modernizamos salas de audiencia con audio, video, software MASOD® e infraestructura tecnológica para instituciones en Nayarit.","Instalación de Salas de Juicios Orales en Nayarit | Blegam Corp","Blegam Corp es especialista en instalación de salas de juicios orales en nayarit. Diseñamos e implementamos salas de oralidad llave en mano con audio, video, videograbación, redes, almacenamiento NAS y software MASOD® para instituciones.","https://wa.me/525517390097?text=SW-%20Hola%20quisiera%20m%C3%A1s%20informaci%C3%B3n%20de%20sus%20servicios%20de%20%22Instalaci%C3%B3n%20de%20Salas%20de%20Juicios%20Orales%20en%20Nayarit%22","Nayarit","Nayarit","Instalación de Salas de Juicios Orales","b79de448-426b-41ff-9e9f-17bccae47c6c",2026-06-26T21:50:04Z,2026-06-26T21:52:46Z,"45119e62-fb47-42df-8e3f-62a36597ee45"
"Instalación de Salas de Juicios Orales en Cumbres","instalacion-salas-de-juicios-orales-cumbres","Instalación de Salas de Juicios Orales en Cumbres","Modernizamos salas de audiencia con audio, video, software MASOD® e infraestructura tecnológica para instituciones en Cumbres.","Instalación de Salas de Juicios Orales en Cumbres | Blegam Corp","Blegam Corp es especialista en instalación de salas de juicios orales en cumbres. Diseñamos e implementamos salas de oralidad llave en mano con audio, video, videograbación, redes, almacenamiento NAS y software MASOD® para instituciones.","https://wa.me/525517390097?text=SW-%20Hola%20quisiera%20m%C3%A1s%20informaci%C3%B3n%20de%20sus%20servicios%20de%20%22Instalaci%C3%B3n%20de%20Salas%20de%20Juicios%20Orales%20en%20Cumbres%22","Cumbres","Nuevo León","Instalación de Salas de Juicios Orales","b8e41527-14f7-4b6a-a0f2-f0e5000ea79a",2026-06-26T21:50:04Z,2026-06-26T21:52:46Z,"45119e62-fb47-42df-8e3f-62a36597ee45"
"Instalación de Salas de Juicios Orales en Cuautitlán","instalacion-salas-de-juicios-orales-cuautitlan","Instalación de Salas de Juicios Orales en Cuautitlán","Modernizamos salas de audiencia con audio, video, software MASOD® e infraestructura tecnológica para instituciones en Cuautitlán.","Instalación de Salas de Juicios Orales en Cuautitlán | Blegam Corp","Blegam Corp es especialista en instalación de salas de juicios orales en cuautitlán. Diseñamos e implementamos salas de oralidad llave en mano con audio, video, videograbación, redes, almacenamiento NAS y software MASOD® para instituciones.","https://wa.me/525517390097?text=SW-%20Hola%20quisiera%20m%C3%A1s%20informaci%C3%B3n%20de%20sus%20servicios%20de%20%22Instalaci%C3%B3n%20de%20Salas%20de%20Juicios%20Orales%20en%20Cuautitl%C3%A1n%22","Cuautitlán","Estado de México","Instalación de Salas de Juicios Orales","b9370889-6191-40ac-a2db-2dfbe253c037",2026-06-26T21:50:04Z,2026-06-26T21:52:46Z,"45119e62-fb47-42df-8e3f-62a36597ee45"
"Instalación de Salas de Juicios Orales en Tuxtla Gutiérrez, Chiapas","instalacion-salas-de-juicios-orales-tuxtla-gutierrez-chiapas","Instalación de Salas de Juicios Orales en Tuxtla Gutiérrez, Chiapas","Modernizamos salas de audiencia con audio, video, software MASOD® e infraestructura tecnológica para instituciones en Tuxtla Gutiérrez, Chiapas.","Instalación de Salas de Juicios Orales en Tuxtla Gutiérrez, Chiapas | Blegam Corp","Blegam Corp es especialista en instalación de salas de juicios orales en tuxtla gutiérrez, chiapas. Diseñamos e implementamos salas de oralidad llave en mano con audio, video, videograbación, redes, almacenamiento NAS y software MASOD® para instituciones.","https://wa.me/525517390097?text=SW-%20Hola%20quisiera%20m%C3%A1s%20informaci%C3%B3n%20de%20sus%20servicios%20de%20%22Instalaci%C3%B3n%20de%20Salas%20de%20Juicios%20Orales%20en%20Tuxtla%20Guti%C3%A9rrez%2C%20Chiapas%22","Tuxtla Gutiérrez","Chiapas","Instalación de Salas de Juicios Orales","b96d964b-9921-4afe-9eb9-715dac723ba1",2026-06-26T21:50:04Z,2026-06-26T21:52:46Z,"45119e62-fb47-42df-8e3f-62a36597ee45"
"Instalación de Salas de Juicios Orales en Nogales","instalacion-salas-de-juicios-orales-nogales","Instalación de Salas de Juicios Orales en Nogales","Modernizamos salas de audiencia con audio, video, software MASOD® e infraestructura tecnológica para instituciones en Nogales.","Instalación de Salas de Juicios Orales en Nogales | Blegam Corp","Blegam Corp es especialista en instalación de salas de juicios orales en nogales. Diseñamos e implementamos salas de oralidad llave en mano con audio, video, videograbación, redes, almacenamiento NAS y software MASOD® para instituciones.","https://wa.me/525517390097?text=SW-%20Hola%20quisiera%20m%C3%A1s%20informaci%C3%B3n%20de%20sus%20servicios%20de%20%22Instalaci%C3%B3n%20de%20Salas%20de%20Juicios%20Orales%20en%20Nogales%22","Nogales","Sonora","Instalación de Salas de Juicios Orales","b9946257-2f03-4465-ab9f-1ff3baf20133",2026-06-26T21:50:04Z,2026-06-26T21:52:46Z,"45119e62-fb47-42df-8e3f-62a36597ee45"
"Instalación de Salas de Juicios Orales en Cozumel","instalacion-salas-de-juicios-orales-cozumel","Instalación de Salas de Juicios Orales en Cozumel","Modernizamos salas de audiencia con audio, video, software MASOD® e infraestructura tecnológica para instituciones en Cozumel.","Instalación de Salas de Juicios Orales en Cozumel | Blegam Corp","Blegam Corp es especialista en instalación de salas de juicios orales en cozumel. Diseñamos e implementamos salas de oralidad llave en mano con audio, video, videograbación, redes, almacenamiento NAS y software MASOD® para instituciones.","https://wa.me/525517390097?text=SW-%20Hola%20quisiera%20m%C3%A1s%20informaci%C3%B3n%20de%20sus%20servicios%20de%20%22Instalaci%C3%B3n%20de%20Salas%20de%20Juicios%20Orales%20en%20Cozumel%22","Cozumel","Quintana Roo","Instalación de Salas de Juicios Orales","ba3c49dd-a959-4276-a006-86652cf369bb",2026-06-26T21:50:04Z,2026-06-26T21:52:46Z,"45119e62-fb47-42df-8e3f-62a36597ee45"
"Instalación de Salas de Juicios Orales en Atizapán de Zaragoza","instalacion-salas-de-juicios-orales-atizapan-de-zaragoza","Instalación de Salas de Juicios Orales en Atizapán de Zaragoza","Modernizamos salas de audiencia con audio, video, software MASOD® e infraestructura tecnológica para instituciones en Atizapán de Zaragoza.","Instalación de Salas de Juicios Orales en Atizapán de Zaragoza | Blegam Corp","Blegam Corp es especialista en instalación de salas de juicios orales en atizapán de zaragoza. Diseñamos e implementamos salas de oralidad llave en mano con audio, video, videograbación, redes, almacenamiento NAS y software MASOD® para instituciones.","https://wa.me/525517390097?text=SW-%20Hola%20quisiera%20m%C3%A1s%20informaci%C3%B3n%20de%20sus%20servicios%20de%20%22Instalaci%C3%B3n%20de%20Salas%20de%20Juicios%20Orales%20en%20Atizap%C3%A1n%20de%20Zaragoza%22","Atizapán de Zaragoza","Estado de México","Instalación de Salas de Juicios Orales","ba5b22bc-1ec2-46da-8977-f69ba8ceb189",2026-06-26T21:50:04Z,2026-06-26T21:52:46Z,"45119e62-fb47-42df-8e3f-62a36597ee45"
"Instalación de Salas de Juicios Orales en Santa Fe","instalacion-salas-de-juicios-orales-santa-fe","Instalación de Salas de Juicios Orales en Santa Fe","Modernizamos salas de audiencia con audio, video, software MASOD® e infraestructura tecnológica para instituciones en Santa Fe.","Instalación de Salas de Juicios Orales en Santa Fe | Blegam Corp","Blegam Corp es especialista en instalación de salas de juicios orales en santa fe. Diseñamos e implementamos salas de oralidad llave en mano con audio, video, videograbación, redes, almacenamiento NAS y software MASOD® para instituciones.","https://wa.me/525517390097?text=SW-%20Hola%20quisiera%20m%C3%A1s%20informaci%C3%B3n%20de%20sus%20servicios%20de%20%22Instalaci%C3%B3n%20de%20Salas%20de%20Juicios%20Orales%20en%20Santa%20Fe%22","Santa Fe","Ciudad de México","Instalación de Salas de Juicios Orales","baf769e3-0899-4daf-95f6-9928a9d9bdc1",2026-06-26T21:50:04Z,2026-06-26T21:52:46Z,"45119e62-fb47-42df-8e3f-62a36597ee45"
"Instalación de Salas de Juicios Orales en El Marqués","instalacion-salas-de-juicios-orales-el-marques","Instalación de Salas de Juicios Orales en El Marqués","Modernizamos salas de audiencia con audio, video, software MASOD® e infraestructura tecnológica para instituciones en El Marqués.","Instalación de Salas de Juicios Orales en El Marqués | Blegam Corp","Blegam Corp es especialista en instalación de salas de juicios orales en el marqués. Diseñamos e implementamos salas de oralidad llave en mano con audio, video, videograbación, redes, almacenamiento NAS y software MASOD® para instituciones.","https://wa.me/525517390097?text=SW-%20Hola%20quisiera%20m%C3%A1s%20informaci%C3%B3n%20de%20sus%20servicios%20de%20%22Instalaci%C3%B3n%20de%20Salas%20de%20Juicios%20Orales%20en%20El%20Marqu%C3%A9s%22","El Marqués","Querétaro","Instalación de Salas de Juicios Orales","bc665100-ac3d-414d-ba76-e1f4231ac649",2026-06-26T21:50:04Z,2026-06-26T21:52:46Z,"45119e62-fb47-42df-8e3f-62a36597ee45"
"Instalación de Salas de Juicios Orales en Bugambilias","instalacion-salas-de-juicios-orales-bugambilias","Instalación de Salas de Juicios Orales en Bugambilias","Modernizamos salas de audiencia con audio, video, software MASOD® e infraestructura tecnológica para instituciones en Bugambilias.","Instalación de Salas de Juicios Orales en Bugambilias | Blegam Corp","Blegam Corp es especialista en instalación de salas de juicios orales en bugambilias. Diseñamos e implementamos salas de oralidad llave en mano con audio, video, videograbación, redes, almacenamiento NAS y software MASOD® para instituciones.","https://wa.me/525517390097?text=SW-%20Hola%20quisiera%20m%C3%A1s%20informaci%C3%B3n%20de%20sus%20servicios%20de%20%22Instalaci%C3%B3n%20de%20Salas%20de%20Juicios%20Orales%20en%20Bugambilias%22","Bugambilias","Jalisco","Instalación de Salas de Juicios Orales","bce4505a-d5a4-49ec-9102-9785f079e1d7",2026-06-26T21:50:04Z,2026-06-26T21:52:46Z,"45119e62-fb47-42df-8e3f-62a36597ee45"
"Instalación de Salas de Juicios Orales en Álvaro Obregón","instalacion-salas-de-juicios-orales-alvaro-obregon","Instalación de Salas de Juicios Orales en Álvaro Obregón","Modernizamos salas de audiencia con audio, video, software MASOD® e infraestructura tecnológica para instituciones en Álvaro Obregón.","Instalación de Salas de Juicios Orales en Álvaro Obregón | Blegam Corp","Blegam Corp es especialista en instalación de salas de juicios orales en álvaro obregón. Diseñamos e implementamos salas de oralidad llave en mano con audio, video, videograbación, redes, almacenamiento NAS y software MASOD® para instituciones.","https://wa.me/525517390097?text=SW-%20Hola%20quisiera%20m%C3%A1s%20informaci%C3%B3n%20de%20sus%20servicios%20de%20%22Instalaci%C3%B3n%20de%20Salas%20de%20Juicios%20Orales%20en%20%C3%81lvaro%20Obreg%C3%B3n%22","Álvaro Obregón","Ciudad de México","Instalación de Salas de Juicios Orales","bdd586a9-dbb1-4760-a206-2f93eb6a5ed4",2026-06-26T21:50:04Z,2026-06-26T21:52:46Z,"45119e62-fb47-42df-8e3f-62a36597ee45"
"Instalación de Salas de Juicios Orales en Puebla","instalacion-salas-de-juicios-orales-puebla","Instalación de Salas de Juicios Orales en Puebla","Modernizamos salas de audiencia con audio, video, software MASOD® e infraestructura tecnológica para instituciones en Puebla.","Instalación de Salas de Juicios Orales en Puebla | Blegam Corp","Blegam Corp es especialista en instalación de salas de juicios orales en puebla. Diseñamos e implementamos salas de oralidad llave en mano con audio, video, videograbación, redes, almacenamiento NAS y software MASOD® para instituciones.","https://wa.me/525517390097?text=SW-%20Hola%20quisiera%20m%C3%A1s%20informaci%C3%B3n%20de%20sus%20servicios%20de%20%22Instalaci%C3%B3n%20de%20Salas%20de%20Juicios%20Orales%20en%20Puebla%22","Puebla","Puebla","Instalación de Salas de Juicios Orales","be09bb06-a54c-4081-8949-0263dd0362ed",2026-06-26T21:50:04Z,2026-06-26T21:52:46Z,"45119e62-fb47-42df-8e3f-62a36597ee45"
"Instalación de Salas de Juicios Orales en Querétaro","instalacion-salas-de-juicios-orales-queretaro","Instalación de Salas de Juicios Orales en Querétaro","Modernizamos salas de audiencia con audio, video, software MASOD® e infraestructura tecnológica para instituciones en Querétaro.","Instalación de Salas de Juicios Orales en Querétaro | Blegam Corp","Blegam Corp es especialista en instalación de salas de juicios orales en querétaro. Diseñamos e implementamos salas de oralidad llave en mano con audio, video, videograbación, redes, almacenamiento NAS y software MASOD® para instituciones.","https://wa.me/525517390097?text=SW-%20Hola%20quisiera%20m%C3%A1s%20informaci%C3%B3n%20de%20sus%20servicios%20de%20%22Instalaci%C3%B3n%20de%20Salas%20de%20Juicios%20Orales%20en%20Quer%C3%A9taro%22","Querétaro","Querétaro","Instalación de Salas de Juicios Orales","c02de1ba-6b6e-4c50-9126-b60d043f12d8",2026-06-26T21:50:04Z,2026-06-26T21:52:46Z,"45119e62-fb47-42df-8e3f-62a36597ee45"
"Instalación de Salas de Juicios Orales en Benito Juárez","instalacion-salas-de-juicios-orales-benito-juarez","Instalación de Salas de Juicios Orales en Benito Juárez","Modernizamos salas de audiencia con audio, video, software MASOD® e infraestructura tecnológica para instituciones en Benito Juárez.","Instalación de Salas de Juicios Orales en Benito Juárez | Blegam Corp","Blegam Corp es especialista en instalación de salas de juicios orales en benito juárez. Diseñamos e implementamos salas de oralidad llave en mano con audio, video, videograbación, redes, almacenamiento NAS y software MASOD® para instituciones.","https://wa.me/525517390097?text=SW-%20Hola%20quisiera%20m%C3%A1s%20informaci%C3%B3n%20de%20sus%20servicios%20de%20%22Instalaci%C3%B3n%20de%20Salas%20de%20Juicios%20Orales%20en%20Benito%20Ju%C3%A1rez%22","Benito Juárez","Ciudad de México","Instalación de Salas de Juicios Orales","c154d7ea-c0f5-42fd-8d7c-4585102a418c",2026-06-26T21:50:04Z,2026-06-26T21:52:46Z,"45119e62-fb47-42df-8e3f-62a36597ee45"
"Instalación de Salas de Juicios Orales en Taxco","instalacion-salas-de-juicios-orales-taxco","Instalación de Salas de Juicios Orales en Taxco","Modernizamos salas de audiencia con audio, video, software MASOD® e infraestructura tecnológica para instituciones en Taxco.","Instalación de Salas de Juicios Orales en Taxco | Blegam Corp","Blegam Corp es especialista en instalación de salas de juicios orales en taxco. Diseñamos e implementamos salas de oralidad llave en mano con audio, video, videograbación, redes, almacenamiento NAS y software MASOD® para instituciones.","https://wa.me/525517390097?text=SW-%20Hola%20quisiera%20m%C3%A1s%20informaci%C3%B3n%20de%20sus%20servicios%20de%20%22Instalaci%C3%B3n%20de%20Salas%20de%20Juicios%20Orales%20en%20Taxco%22","Taxco","Guerrero","Instalación de Salas de Juicios Orales","c17cf320-b338-49ac-bb1b-c325ff61b4d5",2026-06-26T21:50:04Z,2026-06-26T21:52:46Z,"45119e62-fb47-42df-8e3f-62a36597ee45"
"Instalación de Salas de Juicios Orales en Tehuacán","instalacion-salas-de-juicios-orales-tehuacan","Instalación de Salas de Juicios Orales en Tehuacán","Modernizamos salas de audiencia con audio, video, software MASOD® e infraestructura tecnológica para instituciones en Tehuacán.","Instalación de Salas de Juicios Orales en Tehuacán | Blegam Corp","Blegam Corp es especialista en instalación de salas de juicios orales en tehuacán. Diseñamos e implementamos salas de oralidad llave en mano con audio, video, videograbación, redes, almacenamiento NAS y software MASOD® para instituciones.","https://wa.me/525517390097?text=SW-%20Hola%20quisiera%20m%C3%A1s%20informaci%C3%B3n%20de%20sus%20servicios%20de%20%22Instalaci%C3%B3n%20de%20Salas%20de%20Juicios%20Orales%20en%20Tehuac%C3%A1n%22","Tehuacán","Puebla","Instalación de Salas de Juicios Orales","c1e681c0-c1d1-4a4a-9eef-7dab0d81bd11",2026-06-26T21:50:04Z,2026-06-26T21:52:46Z,"45119e62-fb47-42df-8e3f-62a36597ee45"
"Instalación de Salas de Juicios Orales en Ixtapaluca","instalacion-salas-de-juicios-orales-ixtapaluca","Instalación de Salas de Juicios Orales en Ixtapaluca","Modernizamos salas de audiencia con audio, video, software MASOD® e infraestructura tecnológica para instituciones en Ixtapaluca.","Instalación de Salas de Juicios Orales en Ixtapaluca | Blegam Corp","Blegam Corp es especialista en instalación de salas de juicios orales en ixtapaluca. Diseñamos e implementamos salas de oralidad llave en mano con audio, video, videograbación, redes, almacenamiento NAS y software MASOD® para instituciones.","https://wa.me/525517390097?text=SW-%20Hola%20quisiera%20m%C3%A1s%20informaci%C3%B3n%20de%20sus%20servicios%20de%20%22Instalaci%C3%B3n%20de%20Salas%20de%20Juicios%20Orales%20en%20Ixtapaluca%22","Ixtapaluca","Estado de México","Instalación de Salas de Juicios Orales","c264e711-8857-461e-898f-47bda9fed1b2",2026-06-26T21:50:04Z,2026-06-26T21:52:46Z,"45119e62-fb47-42df-8e3f-62a36597ee45"
"Instalación de Salas de Juicios Orales en Americana","instalacion-salas-de-juicios-orales-americana","Instalación de Salas de Juicios Orales en Americana","Modernizamos salas de audiencia con audio, video, software MASOD® e infraestructura tecnológica para instituciones en Americana.","Instalación de Salas de Juicios Orales en Americana | Blegam Corp","Blegam Corp es especialista en instalación de salas de juicios orales en americana. Diseñamos e implementamos salas de oralidad llave en mano con audio, video, videograbación, redes, almacenamiento NAS y software MASOD® para instituciones.","https://wa.me/525517390097?text=SW-%20Hola%20quisiera%20m%C3%A1s%20informaci%C3%B3n%20de%20sus%20servicios%20de%20%22Instalaci%C3%B3n%20de%20Salas%20de%20Juicios%20Orales%20en%20Americana%22","Americana","Jalisco","Instalación de Salas de Juicios Orales","c3be8548-e19b-4e76-8a79-50168daf8c1b",2026-06-26T21:50:04Z,2026-06-26T21:52:46Z,"45119e62-fb47-42df-8e3f-62a36597ee45"
"Instalación de Salas de Juicios Orales en Andares","instalacion-salas-de-juicios-orales-andares","Instalación de Salas de Juicios Orales en Andares","Modernizamos salas de audiencia con audio, video, software MASOD® e infraestructura tecnológica para instituciones en Andares.","Instalación de Salas de Juicios Orales en Andares | Blegam Corp","Blegam Corp es especialista en instalación de salas de juicios orales en andares. Diseñamos e implementamos salas de oralidad llave en mano con audio, video, videograbación, redes, almacenamiento NAS y software MASOD® para instituciones.","https://wa.me/525517390097?text=SW-%20Hola%20quisiera%20m%C3%A1s%20informaci%C3%B3n%20de%20sus%20servicios%20de%20%22Instalaci%C3%B3n%20de%20Salas%20de%20Juicios%20Orales%20en%20Andares%22","Andares","Jalisco","Instalación de Salas de Juicios Orales","c489c6d4-58d9-40a7-b39c-6004fb9d453b",2026-06-26T21:50:04Z,2026-06-26T21:52:46Z,"45119e62-fb47-42df-8e3f-62a36597ee45"
"Instalación de Salas de Juicios Orales en Reynosa","instalacion-salas-de-juicios-orales-reynosa","Instalación de Salas de Juicios Orales en Reynosa","Modernizamos salas de audiencia con audio, video, software MASOD® e infraestructura tecnológica para instituciones en Reynosa.","Instalación de Salas de Juicios Orales en Reynosa | Blegam Corp","Blegam Corp es especialista en instalación de salas de juicios orales en reynosa. Diseñamos e implementamos salas de oralidad llave en mano con audio, video, videograbación, redes, almacenamiento NAS y software MASOD® para instituciones.","https://wa.me/525517390097?text=SW-%20Hola%20quisiera%20m%C3%A1s%20informaci%C3%B3n%20de%20sus%20servicios%20de%20%22Instalaci%C3%B3n%20de%20Salas%20de%20Juicios%20Orales%20en%20Reynosa%22","Reynosa","Tamaulipas","Instalación de Salas de Juicios Orales","ccbea240-cc8c-4557-82c5-6b9ef3019e00",2026-06-26T21:50:04Z,2026-06-26T21:52:46Z,"45119e62-fb47-42df-8e3f-62a36597ee45"
"Instalación de Salas de Juicios Orales en Polanco","instalacion-salas-de-juicios-orales-polanco","Instalación de Salas de Juicios Orales en Polanco","Modernizamos salas de audiencia con audio, video, software MASOD® e infraestructura tecnológica para instituciones en Polanco.","Instalación de Salas de Juicios Orales en Polanco | Blegam Corp","Blegam Corp es especialista en instalación de salas de juicios orales en polanco. Diseñamos e implementamos salas de oralidad llave en mano con audio, video, videograbación, redes, almacenamiento NAS y software MASOD® para instituciones.","https://wa.me/525517390097?text=SW-%20Hola%20quisiera%20m%C3%A1s%20informaci%C3%B3n%20de%20sus%20servicios%20de%20%22Instalaci%C3%B3n%20de%20Salas%20de%20Juicios%20Orales%20en%20Polanco%22","Polanco","Ciudad de México","Instalación de Salas de Juicios Orales","ceea6ee3-d302-49e4-8bc6-471b2f38fd0c",2026-06-26T21:50:04Z,2026-06-26T21:52:46Z,"45119e62-fb47-42df-8e3f-62a36597ee45"
"Instalación de Salas de Juicios Orales en Tepic","instalacion-salas-de-juicios-orales-tepic","Instalación de Salas de Juicios Orales en Tepic","Modernizamos salas de audiencia con audio, video, software MASOD® e infraestructura tecnológica para instituciones en Tepic.","Instalación de Salas de Juicios Orales en Tepic | Blegam Corp","Blegam Corp es especialista en instalación de salas de juicios orales en tepic. Diseñamos e implementamos salas de oralidad llave en mano con audio, video, videograbación, redes, almacenamiento NAS y software MASOD® para instituciones.","https://wa.me/525517390097?text=SW-%20Hola%20quisiera%20m%C3%A1s%20informaci%C3%B3n%20de%20sus%20servicios%20de%20%22Instalaci%C3%B3n%20de%20Salas%20de%20Juicios%20Orales%20en%20Tepic%22","Tepic","Nayarit","Instalación de Salas de Juicios Orales","d08842b6-a48f-4b78-8f80-742030491373",2026-06-26T21:50:04Z,2026-06-26T21:52:46Z,"45119e62-fb47-42df-8e3f-62a36597ee45"
"Instalación de Salas de Juicios Orales en Guadalajara","instalacion-salas-de-juicios-orales-guadalajara","Instalación de Salas de Juicios Orales en Guadalajara","Modernizamos salas de audiencia con audio, video, software MASOD® e infraestructura tecnológica para instituciones en Guadalajara.","Instalación de Salas de Juicios Orales en Guadalajara | Blegam Corp","Blegam Corp es especialista en instalación de salas de juicios orales en guadalajara. Diseñamos e implementamos salas de oralidad llave en mano con audio, video, videograbación, redes, almacenamiento NAS y software MASOD® para instituciones.","https://wa.me/525517390097?text=SW-%20Hola%20quisiera%20m%C3%A1s%20informaci%C3%B3n%20de%20sus%20servicios%20de%20%22Instalaci%C3%B3n%20de%20Salas%20de%20Juicios%20Orales%20en%20Guadalajara%22","Guadalajara","Jalisco","Instalación de Salas de Juicios Orales","d0cad87f-6132-4727-835a-c2b09c6b545e",2026-06-26T21:50:04Z,2026-06-26T21:52:46Z,"45119e62-fb47-42df-8e3f-62a36597ee45"
"Instalación de Salas de Juicios Orales en Churubusco","instalacion-salas-de-juicios-orales-churubusco","Instalación de Salas de Juicios Orales en Churubusco","Modernizamos salas de audiencia con audio, video, software MASOD® e infraestructura tecnológica para instituciones en Churubusco.","Instalación de Salas de Juicios Orales en Churubusco | Blegam Corp","Blegam Corp es especialista en instalación de salas de juicios orales en churubusco. Diseñamos e implementamos salas de oralidad llave en mano con audio, video, videograbación, redes, almacenamiento NAS y software MASOD® para instituciones.","https://wa.me/525517390097?text=SW-%20Hola%20quisiera%20m%C3%A1s%20informaci%C3%B3n%20de%20sus%20servicios%20de%20%22Instalaci%C3%B3n%20de%20Salas%20de%20Juicios%20Orales%20en%20Churubusco%22","Churubusco","Ciudad de México","Instalación de Salas de Juicios Orales","d105a81d-f710-4ca0-a800-c32c067b19aa",2026-06-26T21:50:04Z,2026-06-26T21:52:46Z,"45119e62-fb47-42df-8e3f-62a36597ee45"
"Instalación de Salas de Juicios Orales en Venustiano Carranza","instalacion-salas-de-juicios-orales-venustiano-carranza","Instalación de Salas de Juicios Orales en Venustiano Carranza","Modernizamos salas de audiencia con audio, video, software MASOD® e infraestructura tecnológica para instituciones en Venustiano Carranza.","Instalación de Salas de Juicios Orales en Venustiano Carranza | Blegam Corp","Blegam Corp es especialista en instalación de salas de juicios orales en venustiano carranza. Diseñamos e implementamos salas de oralidad llave en mano con audio, video, videograbación, redes, almacenamiento NAS y software MASOD® para instituciones.","https://wa.me/525517390097?text=SW-%20Hola%20quisiera%20m%C3%A1s%20informaci%C3%B3n%20de%20sus%20servicios%20de%20%22Instalaci%C3%B3n%20de%20Salas%20de%20Juicios%20Orales%20en%20Venustiano%20Carranza%22","Venustiano Carranza","Ciudad de México","Instalación de Salas de Juicios Orales","d1d323e1-1f1c-404c-a0f8-1202399cc78b",2026-06-26T21:50:04Z,2026-06-26T21:52:46Z,"45119e62-fb47-42df-8e3f-62a36597ee45"
"Instalación de Salas de Juicios Orales en Fuentes del Valle","instalacion-salas-de-juicios-orales-fuentes-del-valle","Instalación de Salas de Juicios Orales en Fuentes del Valle","Modernizamos salas de audiencia con audio, video, software MASOD® e infraestructura tecnológica para instituciones en Fuentes del Valle.","Instalación de Salas de Juicios Orales en Fuentes del Valle | Blegam Corp","Blegam Corp es especialista en instalación de salas de juicios orales en fuentes del valle. Diseñamos e implementamos salas de oralidad llave en mano con audio, video, videograbación, redes, almacenamiento NAS y software MASOD® para instituciones.","https://wa.me/525517390097?text=SW-%20Hola%20quisiera%20m%C3%A1s%20informaci%C3%B3n%20de%20sus%20servicios%20de%20%22Instalaci%C3%B3n%20de%20Salas%20de%20Juicios%20Orales%20en%20Fuentes%20del%20Valle%22","Fuentes del Valle","Nuevo León","Instalación de Salas de Juicios Orales","d264dfdf-6832-4a1f-bb47-5d555ac6cb21",2026-06-26T21:50:04Z,2026-06-26T21:52:46Z,"45119e62-fb47-42df-8e3f-62a36597ee45"
"Instalación de Salas de Juicios Orales en Guerrero","instalacion-salas-de-juicios-orales-guerrero","Instalación de Salas de Juicios Orales en Guerrero","Modernizamos salas de audiencia con audio, video, software MASOD® e infraestructura tecnológica para instituciones en Guerrero.","Instalación de Salas de Juicios Orales en Guerrero | Blegam Corp","Blegam Corp es especialista en instalación de salas de juicios orales en guerrero. Diseñamos e implementamos salas de oralidad llave en mano con audio, video, videograbación, redes, almacenamiento NAS y software MASOD® para instituciones.","https://wa.me/525517390097?text=SW-%20Hola%20quisiera%20m%C3%A1s%20informaci%C3%B3n%20de%20sus%20servicios%20de%20%22Instalaci%C3%B3n%20de%20Salas%20de%20Juicios%20Orales%20en%20Guerrero%22","Guerrero","Guerrero","Instalación de Salas de Juicios Orales","d3138073-dbe7-4acc-80e4-aa650c4abccc",2026-06-26T21:50:04Z,2026-06-26T21:52:46Z,"45119e62-fb47-42df-8e3f-62a36597ee45"
"Instalación de Salas de Juicios Orales en Coahuila","instalacion-salas-de-juicios-orales-coahuila","Instalación de Salas de Juicios Orales en Coahuila","Modernizamos salas de audiencia con audio, video, software MASOD® e infraestructura tecnológica para instituciones en Coahuila.","Instalación de Salas de Juicios Orales en Coahuila | Blegam Corp","Blegam Corp es especialista en instalación de salas de juicios orales en coahuila. Diseñamos e implementamos salas de oralidad llave en mano con audio, video, videograbación, redes, almacenamiento NAS y software MASOD® para instituciones.","https://wa.me/525517390097?text=SW-%20Hola%20quisiera%20m%C3%A1s%20informaci%C3%B3n%20de%20sus%20servicios%20de%20%22Instalaci%C3%B3n%20de%20Salas%20de%20Juicios%20Orales%20en%20Coahuila%22","Coahuila","Coahuila","Instalación de Salas de Juicios Orales","d40becd8-1983-4d50-9ed3-a664c15a7023",2026-06-26T21:50:04Z,2026-06-26T21:52:46Z,"45119e62-fb47-42df-8e3f-62a36597ee45"
"Instalación de Salas de Juicios Orales en Zamora","instalacion-salas-de-juicios-orales-zamora","Instalación de Salas de Juicios Orales en Zamora","Modernizamos salas de audiencia con audio, video, software MASOD® e infraestructura tecnológica para instituciones en Zamora.","Instalación de Salas de Juicios Orales en Zamora | Blegam Corp","Blegam Corp es especialista en instalación de salas de juicios orales en zamora. Diseñamos e implementamos salas de oralidad llave en mano con audio, video, videograbación, redes, almacenamiento NAS y software MASOD® para instituciones.","https://wa.me/525517390097?text=SW-%20Hola%20quisiera%20m%C3%A1s%20informaci%C3%B3n%20de%20sus%20servicios%20de%20%22Instalaci%C3%B3n%20de%20Salas%20de%20Juicios%20Orales%20en%20Zamora%22","Zamora","Michoacán","Instalación de Salas de Juicios Orales","d7c12eba-3d54-4304-9fe0-453887c01e6c",2026-06-26T21:50:04Z,2026-06-26T21:52:46Z,"45119e62-fb47-42df-8e3f-62a36597ee45"
"Instalación de Salas de Juicios Orales en Cuautla","instalacion-salas-de-juicios-orales-cuautla","Instalación de Salas de Juicios Orales en Cuautla","Modernizamos salas de audiencia con audio, video, software MASOD® e infraestructura tecnológica para instituciones en Cuautla.","Instalación de Salas de Juicios Orales en Cuautla | Blegam Corp","Blegam Corp es especialista en instalación de salas de juicios orales en cuautla. Diseñamos e implementamos salas de oralidad llave en mano con audio, video, videograbación, redes, almacenamiento NAS y software MASOD® para instituciones.","https://wa.me/525517390097?text=SW-%20Hola%20quisiera%20m%C3%A1s%20informaci%C3%B3n%20de%20sus%20servicios%20de%20%22Instalaci%C3%B3n%20de%20Salas%20de%20Juicios%20Orales%20en%20Cuautla%22","Cuautla","Morelos","Instalación de Salas de Juicios Orales","d826c3b1-f514-47de-b53e-cd115047816d",2026-06-26T21:50:04Z,2026-06-26T21:52:46Z,"45119e62-fb47-42df-8e3f-62a36597ee45"
"Instalación de Salas de Juicios Orales en Santa Catarina","instalacion-salas-de-juicios-orales-santa-catarina","Instalación de Salas de Juicios Orales en Santa Catarina","Modernizamos salas de audiencia con audio, video, software MASOD® e infraestructura tecnológica para instituciones en Santa Catarina.","Instalación de Salas de Juicios Orales en Santa Catarina | Blegam Corp","Blegam Corp es especialista en instalación de salas de juicios orales en santa catarina. Diseñamos e implementamos salas de oralidad llave en mano con audio, video, videograbación, redes, almacenamiento NAS y software MASOD® para instituciones.","https://wa.me/525517390097?text=SW-%20Hola%20quisiera%20m%C3%A1s%20informaci%C3%B3n%20de%20sus%20servicios%20de%20%22Instalaci%C3%B3n%20de%20Salas%20de%20Juicios%20Orales%20en%20Santa%20Catarina%22","Santa Catarina","Nuevo León","Instalación de Salas de Juicios Orales","d842eb52-937f-4c65-a4a8-5f29d4e17b1e",2026-06-26T21:50:04Z,2026-06-26T21:52:46Z,"45119e62-fb47-42df-8e3f-62a36597ee45"
"Instalación de Salas de Juicios Orales en Mineral de la Reforma, Hidalgo","instalacion-salas-de-juicios-orales-mineral-de-la-reforma-hidalgo","Instalación de Salas de Juicios Orales en Mineral de la Reforma, Hidalgo","Modernizamos salas de audiencia con audio, video, software MASOD® e infraestructura tecnológica para instituciones en Mineral de la Reforma, Hidalgo.","Instalación de Salas de Juicios Orales en Mineral de la Reforma, Hidalgo | Blegam Corp","Blegam Corp es especialista en instalación de salas de juicios orales en mineral de la reforma, hidalgo. Diseñamos e implementamos salas de oralidad llave en mano con audio, video, videograbación, redes, almacenamiento NAS y software MASOD® para instituciones.","https://wa.me/525517390097?text=SW-%20Hola%20quisiera%20m%C3%A1s%20informaci%C3%B3n%20de%20sus%20servicios%20de%20%22Instalaci%C3%B3n%20de%20Salas%20de%20Juicios%20Orales%20en%20Mineral%20de%20la%20Reforma%2C%20Hidalgo%22","Mineral de la Reforma","Hidalgo","Instalación de Salas de Juicios Orales","d8769bd6-844a-4d9f-9dcb-7a435a4ea8ee",2026-06-26T21:50:04Z,2026-06-26T21:52:46Z,"45119e62-fb47-42df-8e3f-62a36597ee45"
"Instalación de Salas de Juicios Orales en Nápoles","instalacion-salas-de-juicios-orales-napoles","Instalación de Salas de Juicios Orales en Nápoles","Modernizamos salas de audiencia con audio, video, software MASOD® e infraestructura tecnológica para instituciones en Nápoles.","Instalación de Salas de Juicios Orales en Nápoles | Blegam Corp","Blegam Corp es especialista en instalación de salas de juicios orales en nápoles. Diseñamos e implementamos salas de oralidad llave en mano con audio, video, videograbación, redes, almacenamiento NAS y software MASOD® para instituciones.","https://wa.me/525517390097?text=SW-%20Hola%20quisiera%20m%C3%A1s%20informaci%C3%B3n%20de%20sus%20servicios%20de%20%22Instalaci%C3%B3n%20de%20Salas%20de%20Juicios%20Orales%20en%20N%C3%A1poles%22","Nápoles","Ciudad de México","Instalación de Salas de Juicios Orales","d9e42b57-0b0e-4d8e-92c6-eba8fdb06676",2026-06-26T21:50:04Z,2026-06-26T21:52:46Z,"45119e62-fb47-42df-8e3f-62a36597ee45"
"Instalación de Salas de Juicios Orales en Michoacán","instalacion-salas-de-juicios-orales-michoacan","Instalación de Salas de Juicios Orales en Michoacán","Modernizamos salas de audiencia con audio, video, software MASOD® e infraestructura tecnológica para instituciones en Michoacán.","Instalación de Salas de Juicios Orales en Michoacán | Blegam Corp","Blegam Corp es especialista en instalación de salas de juicios orales en michoacán. Diseñamos e implementamos salas de oralidad llave en mano con audio, video, videograbación, redes, almacenamiento NAS y software MASOD® para instituciones.","https://wa.me/525517390097?text=SW-%20Hola%20quisiera%20m%C3%A1s%20informaci%C3%B3n%20de%20sus%20servicios%20de%20%22Instalaci%C3%B3n%20de%20Salas%20de%20Juicios%20Orales%20en%20Michoac%C3%A1n%22","Michoacán","Michoacán","Instalación de Salas de Juicios Orales","da2305d8-4144-4de6-a637-f509107a7372",2026-06-26T21:50:04Z,2026-06-26T21:52:46Z,"45119e62-fb47-42df-8e3f-62a36597ee45"
"Instalación de Salas de Juicios Orales en Cuauhtémoc","instalacion-salas-de-juicios-orales-cuauhtemoc","Instalación de Salas de Juicios Orales en Cuauhtémoc","Modernizamos salas de audiencia con audio, video, software MASOD® e infraestructura tecnológica para instituciones en Cuauhtémoc.","Instalación de Salas de Juicios Orales en Cuauhtémoc | Blegam Corp","Blegam Corp es especialista en instalación de salas de juicios orales en cuauhtémoc. Diseñamos e implementamos salas de oralidad llave en mano con audio, video, videograbación, redes, almacenamiento NAS y software MASOD® para instituciones.","https://wa.me/525517390097?text=SW-%20Hola%20quisiera%20m%C3%A1s%20informaci%C3%B3n%20de%20sus%20servicios%20de%20%22Instalaci%C3%B3n%20de%20Salas%20de%20Juicios%20Orales%20en%20Cuauht%C3%A9moc%22","Cuauhtémoc","Chihuahua","Instalación de Salas de Juicios Orales","dad56af0-7031-41ec-a43d-b3bd6522e545",2026-06-26T21:50:04Z,2026-06-26T21:52:46Z,"45119e62-fb47-42df-8e3f-62a36597ee45"
"Instalación de Salas de Juicios Orales en San Ángel","instalacion-salas-de-juicios-orales-san-angel","Instalación de Salas de Juicios Orales en San Ángel","Modernizamos salas de audiencia con audio, video, software MASOD® e infraestructura tecnológica para instituciones en San Ángel.","Instalación de Salas de Juicios Orales en San Ángel | Blegam Corp","Blegam Corp es especialista en instalación de salas de juicios orales en san ángel. Diseñamos e implementamos salas de oralidad llave en mano con audio, video, videograbación, redes, almacenamiento NAS y software MASOD® para instituciones.","https://wa.me/525517390097?text=SW-%20Hola%20quisiera%20m%C3%A1s%20informaci%C3%B3n%20de%20sus%20servicios%20de%20%22Instalaci%C3%B3n%20de%20Salas%20de%20Juicios%20Orales%20en%20San%20%C3%81ngel%22","San Ángel","Ciudad de México","Instalación de Salas de Juicios Orales","dd99993b-f05b-4743-92e9-b8897420319c",2026-06-26T21:50:04Z,2026-06-26T21:52:46Z,"45119e62-fb47-42df-8e3f-62a36597ee45"
"Instalación de Salas de Juicios Orales en Delicias","instalacion-salas-de-juicios-orales-delicias","Instalación de Salas de Juicios Orales en Delicias","Modernizamos salas de audiencia con audio, video, software MASOD® e infraestructura tecnológica para instituciones en Delicias.","Instalación de Salas de Juicios Orales en Delicias | Blegam Corp","Blegam Corp es especialista en instalación de salas de juicios orales en delicias. Diseñamos e implementamos salas de oralidad llave en mano con audio, video, videograbación, redes, almacenamiento NAS y software MASOD® para instituciones.","https://wa.me/525517390097?text=SW-%20Hola%20quisiera%20m%C3%A1s%20informaci%C3%B3n%20de%20sus%20servicios%20de%20%22Instalaci%C3%B3n%20de%20Salas%20de%20Juicios%20Orales%20en%20Delicias%22","Delicias","Chihuahua","Instalación de Salas de Juicios Orales","dde70736-aa1b-450d-aeaf-d3f75d49e77d",2026-06-26T21:50:04Z,2026-06-26T21:52:46Z,"45119e62-fb47-42df-8e3f-62a36597ee45"
"Instalación de Salas de Juicios Orales en San Cristóbal de las Casas, Chiapas","instalacion-salas-de-juicios-orales-san-cristobal-de-las-casas-chiapas","Instalación de Salas de Juicios Orales en San Cristóbal de las Casas, Chiapas","Modernizamos salas de audiencia con audio, video, software MASOD® e infraestructura tecnológica para instituciones en San Cristóbal de las Casas, Chiapas.","Instalación de Salas de Juicios Orales en San Cristóbal de las Casas, Chiapas | Blegam Corp","Blegam Corp es especialista en instalación de salas de juicios orales en san cristóbal de las casas, chiapas. Diseñamos e implementamos salas de oralidad llave en mano con audio, video, videograbación, redes, almacenamiento NAS y software MASOD® para instituciones.","https://wa.me/525517390097?text=SW-%20Hola%20quisiera%20m%C3%A1s%20informaci%C3%B3n%20de%20sus%20servicios%20de%20%22Instalaci%C3%B3n%20de%20Salas%20de%20Juicios%20Orales%20en%20San%20Crist%C3%B3bal%20de%20las%20Casas%2C%20Chiapas%22","San Cristóbal de las Casas","Chiapas","Instalación de Salas de Juicios Orales","df44808e-14a3-44ef-aa3d-9b15d42d21e4",2026-06-26T21:50:04Z,2026-06-26T21:52:46Z,"45119e62-fb47-42df-8e3f-62a36597ee45"
"Instalación de Salas de Juicios Orales en Huamantla","instalacion-salas-de-juicios-orales-huamantla","Instalación de Salas de Juicios Orales en Huamantla","Modernizamos salas de audiencia con audio, video, software MASOD® e infraestructura tecnológica para instituciones en Huamantla.","Instalación de Salas de Juicios Orales en Huamantla | Blegam Corp","Blegam Corp es especialista en instalación de salas de juicios orales en huamantla. Diseñamos e implementamos salas de oralidad llave en mano con audio, video, videograbación, redes, almacenamiento NAS y software MASOD® para instituciones.","https://wa.me/525517390097?text=SW-%20Hola%20quisiera%20m%C3%A1s%20informaci%C3%B3n%20de%20sus%20servicios%20de%20%22Instalaci%C3%B3n%20de%20Salas%20de%20Juicios%20Orales%20en%20Huamantla%22","Huamantla","Tlaxcala","Instalación de Salas de Juicios Orales","dfb804f7-d601-422b-81c6-cef96c3892bf",2026-06-26T21:50:04Z,2026-06-26T21:52:46Z,"45119e62-fb47-42df-8e3f-62a36597ee45"
"Instalación de Salas de Juicios Orales en Ixtapa Zihuatanejo","instalacion-salas-de-juicios-orales-ixtapa-zihuatanejo","Instalación de Salas de Juicios Orales en Ixtapa Zihuatanejo","Modernizamos salas de audiencia con audio, video, software MASOD® e infraestructura tecnológica para instituciones en Ixtapa Zihuatanejo.","Instalación de Salas de Juicios Orales en Ixtapa Zihuatanejo | Blegam Corp","Blegam Corp es especialista en instalación de salas de juicios orales en ixtapa zihuatanejo. Diseñamos e implementamos salas de oralidad llave en mano con audio, video, videograbación, redes, almacenamiento NAS y software MASOD® para instituciones.","https://wa.me/525517390097?text=SW-%20Hola%20quisiera%20m%C3%A1s%20informaci%C3%B3n%20de%20sus%20servicios%20de%20%22Instalaci%C3%B3n%20de%20Salas%20de%20Juicios%20Orales%20en%20Ixtapa%20Zihuatanejo%22","Ixtapa Zihuatanejo","Guerrero","Instalación de Salas de Juicios Orales","e18719d5-622a-4212-8b42-c7aa12cbe82a",2026-06-26T21:50:04Z,2026-06-26T21:52:46Z,"45119e62-fb47-42df-8e3f-62a36597ee45"
"Instalación de Salas de Juicios Orales en Arcos Vallarta","instalacion-salas-de-juicios-orales-arcos-vallarta","Instalación de Salas de Juicios Orales en Arcos Vallarta","Modernizamos salas de audiencia con audio, video, software MASOD® e infraestructura tecnológica para instituciones en Arcos Vallarta.","Instalación de Salas de Juicios Orales en Arcos Vallarta | Blegam Corp","Blegam Corp es especialista en instalación de salas de juicios orales en arcos vallarta. Diseñamos e implementamos salas de oralidad llave en mano con audio, video, videograbación, redes, almacenamiento NAS y software MASOD® para instituciones.","https://wa.me/525517390097?text=SW-%20Hola%20quisiera%20m%C3%A1s%20informaci%C3%B3n%20de%20sus%20servicios%20de%20%22Instalaci%C3%B3n%20de%20Salas%20de%20Juicios%20Orales%20en%20Arcos%20Vallarta%22","Arcos Vallarta","Jalisco","Instalación de Salas de Juicios Orales","e58b5c5e-13a7-4d1e-bed6-841747b8a749",2026-06-26T21:50:04Z,2026-06-26T21:52:46Z,"45119e62-fb47-42df-8e3f-62a36597ee45"
"Instalación de Salas de Juicios Orales en Sierra Alta","instalacion-salas-de-juicios-orales-sierra-alta","Instalación de Salas de Juicios Orales en Sierra Alta","Modernizamos salas de audiencia con audio, video, software MASOD® e infraestructura tecnológica para instituciones en Sierra Alta.","Instalación de Salas de Juicios Orales en Sierra Alta | Blegam Corp","Blegam Corp es especialista en instalación de salas de juicios orales en sierra alta. Diseñamos e implementamos salas de oralidad llave en mano con audio, video, videograbación, redes, almacenamiento NAS y software MASOD® para instituciones.","https://wa.me/525517390097?text=SW-%20Hola%20quisiera%20m%C3%A1s%20informaci%C3%B3n%20de%20sus%20servicios%20de%20%22Instalaci%C3%B3n%20de%20Salas%20de%20Juicios%20Orales%20en%20Sierra%20Alta%22","Sierra Alta","Nuevo León","Instalación de Salas de Juicios Orales","e7529682-04c5-44c5-9e65-be64a3699243",2026-06-26T21:50:04Z,2026-06-26T21:52:46Z,"45119e62-fb47-42df-8e3f-62a36597ee45"
"Instalación de Salas de Juicios Orales en Valle Alto","instalacion-salas-de-juicios-orales-valle-alto","Instalación de Salas de Juicios Orales en Valle Alto","Modernizamos salas de audiencia con audio, video, software MASOD® e infraestructura tecnológica para instituciones en Valle Alto.","Instalación de Salas de Juicios Orales en Valle Alto | Blegam Corp","Blegam Corp es especialista en instalación de salas de juicios orales en valle alto. Diseñamos e implementamos salas de oralidad llave en mano con audio, video, videograbación, redes, almacenamiento NAS y software MASOD® para instituciones.","https://wa.me/525517390097?text=SW-%20Hola%20quisiera%20m%C3%A1s%20informaci%C3%B3n%20de%20sus%20servicios%20de%20%22Instalaci%C3%B3n%20de%20Salas%20de%20Juicios%20Orales%20en%20Valle%20Alto%22","Valle Alto","Nuevo León","Instalación de Salas de Juicios Orales","e781daeb-100a-49e1-95b9-51235198f225",2026-06-26T21:50:04Z,2026-06-26T21:52:46Z,"45119e62-fb47-42df-8e3f-62a36597ee45"
"Instalación de Salas de Juicios Orales en Cuautitlán Izcalli","instalacion-salas-de-juicios-orales-cuautitlan-izcalli","Instalación de Salas de Juicios Orales en Cuautitlán Izcalli","Modernizamos salas de audiencia con audio, video, software MASOD® e infraestructura tecnológica para instituciones en Cuautitlán Izcalli.","Instalación de Salas de Juicios Orales en Cuautitlán Izcalli | Blegam Corp","Blegam Corp es especialista en instalación de salas de juicios orales en cuautitlán izcalli. Diseñamos e implementamos salas de oralidad llave en mano con audio, video, videograbación, redes, almacenamiento NAS y software MASOD® para instituciones.","https://wa.me/525517390097?text=SW-%20Hola%20quisiera%20m%C3%A1s%20informaci%C3%B3n%20de%20sus%20servicios%20de%20%22Instalaci%C3%B3n%20de%20Salas%20de%20Juicios%20Orales%20en%20Cuautitl%C3%A1n%20Izcalli%22","Cuautitlán Izcalli","Estado de México","Instalación de Salas de Juicios Orales","e829be92-6eda-49ed-881a-4053e9aa36c0",2026-06-26T21:50:04Z,2026-06-26T21:52:46Z,"45119e62-fb47-42df-8e3f-62a36597ee45"
"Instalación de Salas de Juicios Orales en Tlalnepantla","instalacion-salas-de-juicios-orales-tlalnepantla","Instalación de Salas de Juicios Orales en Tlalnepantla","Modernizamos salas de audiencia con audio, video, software MASOD® e infraestructura tecnológica para instituciones en Tlalnepantla.","Instalación de Salas de Juicios Orales en Tlalnepantla | Blegam Corp","Blegam Corp es especialista en instalación de salas de juicios orales en tlalnepantla. Diseñamos e implementamos salas de oralidad llave en mano con audio, video, videograbación, redes, almacenamiento NAS y software MASOD® para instituciones.","https://wa.me/525517390097?text=SW-%20Hola%20quisiera%20m%C3%A1s%20informaci%C3%B3n%20de%20sus%20servicios%20de%20%22Instalaci%C3%B3n%20de%20Salas%20de%20Juicios%20Orales%20en%20Tlalnepantla%22","Tlalnepantla","Estado de México","Instalación de Salas de Juicios Orales","e92a0f3f-c061-41ac-9024-026f7f1f3208",2026-06-26T21:50:04Z,2026-06-26T21:52:46Z,"45119e62-fb47-42df-8e3f-62a36597ee45"
"Instalación de Salas de Juicios Orales en Zacatecas","instalacion-salas-de-juicios-orales-zacatecas","Instalación de Salas de Juicios Orales en Zacatecas","Modernizamos salas de audiencia con audio, video, software MASOD® e infraestructura tecnológica para instituciones en Zacatecas.","Instalación de Salas de Juicios Orales en Zacatecas | Blegam Corp","Blegam Corp es especialista en instalación de salas de juicios orales en zacatecas. Diseñamos e implementamos salas de oralidad llave en mano con audio, video, videograbación, redes, almacenamiento NAS y software MASOD® para instituciones.","https://wa.me/525517390097?text=SW-%20Hola%20quisiera%20m%C3%A1s%20informaci%C3%B3n%20de%20sus%20servicios%20de%20%22Instalaci%C3%B3n%20de%20Salas%20de%20Juicios%20Orales%20en%20Zacatecas%22","Zacatecas","Zacatecas","Instalación de Salas de Juicios Orales","e9a15e69-ab50-42f2-8c51-005148602e3e",2026-06-26T21:50:04Z,2026-06-26T21:52:46Z,"45119e62-fb47-42df-8e3f-62a36597ee45"
"Instalación de Salas de Juicios Orales en Nicolás Romero","instalacion-salas-de-juicios-orales-nicolas-romero","Instalación de Salas de Juicios Orales en Nicolás Romero","Modernizamos salas de audiencia con audio, video, software MASOD® e infraestructura tecnológica para instituciones en Nicolás Romero.","Instalación de Salas de Juicios Orales en Nicolás Romero | Blegam Corp","Blegam Corp es especialista en instalación de salas de juicios orales en nicolás romero. Diseñamos e implementamos salas de oralidad llave en mano con audio, video, videograbación, redes, almacenamiento NAS y software MASOD® para instituciones.","https://wa.me/525517390097?text=SW-%20Hola%20quisiera%20m%C3%A1s%20informaci%C3%B3n%20de%20sus%20servicios%20de%20%22Instalaci%C3%B3n%20de%20Salas%20de%20Juicios%20Orales%20en%20Nicol%C3%A1s%20Romero%22","Nicolás Romero","Estado de México","Instalación de Salas de Juicios Orales","ea947eba-47ef-4473-9422-fe685784a81f",2026-06-26T21:50:04Z,2026-06-26T21:52:46Z,"45119e62-fb47-42df-8e3f-62a36597ee45"
"Instalación de Salas de Juicios Orales en Tecate","instalacion-salas-de-juicios-orales-tecate","Instalación de Salas de Juicios Orales en Tecate","Modernizamos salas de audiencia con audio, video, software MASOD® e infraestructura tecnológica para instituciones en Tecate.","Instalación de Salas de Juicios Orales en Tecate | Blegam Corp","Blegam Corp es especialista en instalación de salas de juicios orales en tecate. Diseñamos e implementamos salas de oralidad llave en mano con audio, video, videograbación, redes, almacenamiento NAS y software MASOD® para instituciones.","https://wa.me/525517390097?text=SW-%20Hola%20quisiera%20m%C3%A1s%20informaci%C3%B3n%20de%20sus%20servicios%20de%20%22Instalaci%C3%B3n%20de%20Salas%20de%20Juicios%20Orales%20en%20Tecate%22","Tecate","Baja California","Instalación de Salas de Juicios Orales","ea9f2eb0-a512-42e7-8bb6-47716cff8578",2026-06-26T21:50:04Z,2026-06-26T21:52:46Z,"45119e62-fb47-42df-8e3f-62a36597ee45"
"Instalación de Salas de Juicios Orales en Oaxaca","instalacion-salas-de-juicios-orales-oaxaca","Instalación de Salas de Juicios Orales en Oaxaca","Modernizamos salas de audiencia con audio, video, software MASOD® e infraestructura tecnológica para instituciones en Oaxaca.","Instalación de Salas de Juicios Orales en Oaxaca | Blegam Corp","Blegam Corp es especialista en instalación de salas de juicios orales en oaxaca. Diseñamos e implementamos salas de oralidad llave en mano con audio, video, videograbación, redes, almacenamiento NAS y software MASOD® para instituciones.","https://wa.me/525517390097?text=SW-%20Hola%20quisiera%20m%C3%A1s%20informaci%C3%B3n%20de%20sus%20servicios%20de%20%22Instalaci%C3%B3n%20de%20Salas%20de%20Juicios%20Orales%20en%20Oaxaca%22","Oaxaca","Oaxaca","Instalación de Salas de Juicios Orales","eacca4b1-a72b-4ce3-8b02-001e95f7f692",2026-06-26T21:50:04Z,2026-06-26T21:52:46Z,"45119e62-fb47-42df-8e3f-62a36597ee45"
"Instalación de Salas de Juicios Orales en Chapalita","instalacion-salas-de-juicios-orales-chapalita","Instalación de Salas de Juicios Orales en Chapalita","Modernizamos salas de audiencia con audio, video, software MASOD® e infraestructura tecnológica para instituciones en Chapalita.","Instalación de Salas de Juicios Orales en Chapalita | Blegam Corp","Blegam Corp es especialista en instalación de salas de juicios orales en chapalita. Diseñamos e implementamos salas de oralidad llave en mano con audio, video, videograbación, redes, almacenamiento NAS y software MASOD® para instituciones.","https://wa.me/525517390097?text=SW-%20Hola%20quisiera%20m%C3%A1s%20informaci%C3%B3n%20de%20sus%20servicios%20de%20%22Instalaci%C3%B3n%20de%20Salas%20de%20Juicios%20Orales%20en%20Chapalita%22","Chapalita","Jalisco","Instalación de Salas de Juicios Orales","eaec20b6-5619-4112-be0e-96196347b4a0",2026-06-26T21:50:04Z,2026-06-26T21:52:46Z,"45119e62-fb47-42df-8e3f-62a36597ee45"
"Instalación de Salas de Juicios Orales en Coyoacán","instalacion-salas-de-juicios-orales-coyoacan","Instalación de Salas de Juicios Orales en Coyoacán","Modernizamos salas de audiencia con audio, video, software MASOD® e infraestructura tecnológica para instituciones en Coyoacán.","Instalación de Salas de Juicios Orales en Coyoacán | Blegam Corp","Blegam Corp es especialista en instalación de salas de juicios orales en coyoacán. Diseñamos e implementamos salas de oralidad llave en mano con audio, video, videograbación, redes, almacenamiento NAS y software MASOD® para instituciones.","https://wa.me/525517390097?text=SW-%20Hola%20quisiera%20m%C3%A1s%20informaci%C3%B3n%20de%20sus%20servicios%20de%20%22Instalaci%C3%B3n%20de%20Salas%20de%20Juicios%20Orales%20en%20Coyoac%C3%A1n%22","Coyoacán","Ciudad de México","Instalación de Salas de Juicios Orales","eaed145e-1770-44f2-a9e6-151fe9651c39",2026-06-26T21:50:04Z,2026-06-26T21:52:46Z,"45119e62-fb47-42df-8e3f-62a36597ee45"
"Instalación de Salas de Juicios Orales en Rosarito","instalacion-salas-de-juicios-orales-rosarito","Instalación de Salas de Juicios Orales en Rosarito","Modernizamos salas de audiencia con audio, video, software MASOD® e infraestructura tecnológica para instituciones en Rosarito.","Instalación de Salas de Juicios Orales en Rosarito | Blegam Corp","Blegam Corp es especialista en instalación de salas de juicios orales en rosarito. Diseñamos e implementamos salas de oralidad llave en mano con audio, video, videograbación, redes, almacenamiento NAS y software MASOD® para instituciones.","https://wa.me/525517390097?text=SW-%20Hola%20quisiera%20m%C3%A1s%20informaci%C3%B3n%20de%20sus%20servicios%20de%20%22Instalaci%C3%B3n%20de%20Salas%20de%20Juicios%20Orales%20en%20Rosarito%22","Rosarito","Baja California","Instalación de Salas de Juicios Orales","ec457179-6eec-48b4-8e40-ed3ec05dfd81",2026-06-26T21:50:04Z,2026-06-26T21:52:46Z,"45119e62-fb47-42df-8e3f-62a36597ee45"
"Instalación de Salas de Juicios Orales en Roma Norte","instalacion-salas-de-juicios-orales-roma-norte","Instalación de Salas de Juicios Orales en Roma Norte","Modernizamos salas de audiencia con audio, video, software MASOD® e infraestructura tecnológica para instituciones en Roma Norte.","Instalación de Salas de Juicios Orales en Roma Norte | Blegam Corp","Blegam Corp es especialista en instalación de salas de juicios orales en roma norte. Diseñamos e implementamos salas de oralidad llave en mano con audio, video, videograbación, redes, almacenamiento NAS y software MASOD® para instituciones.","https://wa.me/525517390097?text=SW-%20Hola%20quisiera%20m%C3%A1s%20informaci%C3%B3n%20de%20sus%20servicios%20de%20%22Instalaci%C3%B3n%20de%20Salas%20de%20Juicios%20Orales%20en%20Roma%20Norte%22","Roma Norte","Ciudad de México","Instalación de Salas de Juicios Orales","ec74f17a-9eb2-4921-ad03-ac679d80083f",2026-06-26T21:50:04Z,2026-06-26T21:52:46Z,"45119e62-fb47-42df-8e3f-62a36597ee45"
"Instalación de Salas de Juicios Orales en Los Cabos, Baja California Sur","instalacion-salas-de-juicios-orales-los-cabos-baja-california-sur","Instalación de Salas de Juicios Orales en Los Cabos, Baja California Sur","Modernizamos salas de audiencia con audio, video, software MASOD® e infraestructura tecnológica para instituciones en Los Cabos, Baja California Sur.","Instalación de Salas de Juicios Orales en Los Cabos, Baja California Sur | Blegam Corp","Blegam Corp es especialista en instalación de salas de juicios orales en los cabos, baja california sur. Diseñamos e implementamos salas de oralidad llave en mano con audio, video, videograbación, redes, almacenamiento NAS y software MASOD® para instituciones.","https://wa.me/525517390097?text=SW-%20Hola%20quisiera%20m%C3%A1s%20informaci%C3%B3n%20de%20sus%20servicios%20de%20%22Instalaci%C3%B3n%20de%20Salas%20de%20Juicios%20Orales%20en%20Los%20Cabos%2C%20Baja%20California%20Sur%22","Los Cabos","Baja California Sur","Instalación de Salas de Juicios Orales","ec768e24-1561-4b25-a86d-6f6c6974332b",2026-06-26T21:50:04Z,2026-06-26T21:52:46Z,"45119e62-fb47-42df-8e3f-62a36597ee45"
"Instalación de Salas de Juicios Orales en Tamaulipas","instalacion-salas-de-juicios-orales-tamaulipas","Instalación de Salas de Juicios Orales en Tamaulipas","Modernizamos salas de audiencia con audio, video, software MASOD® e infraestructura tecnológica para instituciones en Tamaulipas.","Instalación de Salas de Juicios Orales en Tamaulipas | Blegam Corp","Blegam Corp es especialista en instalación de salas de juicios orales en tamaulipas. Diseñamos e implementamos salas de oralidad llave en mano con audio, video, videograbación, redes, almacenamiento NAS y software MASOD® para instituciones.","https://wa.me/525517390097?text=SW-%20Hola%20quisiera%20m%C3%A1s%20informaci%C3%B3n%20de%20sus%20servicios%20de%20%22Instalaci%C3%B3n%20de%20Salas%20de%20Juicios%20Orales%20en%20Tamaulipas%22","Tamaulipas","Tamaulipas","Instalación de Salas de Juicios Orales","efdfa1f6-44d6-40f6-9535-97cbd823210f",2026-06-26T21:50:04Z,2026-06-26T21:52:46Z,"45119e62-fb47-42df-8e3f-62a36597ee45"
"Instalación de Salas de Juicios Orales en Pachuca","instalacion-salas-de-juicios-orales-pachuca","Instalación de Salas de Juicios Orales en Pachuca","Modernizamos salas de audiencia con audio, video, software MASOD® e infraestructura tecnológica para instituciones en Pachuca.","Instalación de Salas de Juicios Orales en Pachuca | Blegam Corp","Blegam Corp es especialista en instalación de salas de juicios orales en pachuca. Diseñamos e implementamos salas de oralidad llave en mano con audio, video, videograbación, redes, almacenamiento NAS y software MASOD® para instituciones.","https://wa.me/525517390097?text=SW-%20Hola%20quisiera%20m%C3%A1s%20informaci%C3%B3n%20de%20sus%20servicios%20de%20%22Instalaci%C3%B3n%20de%20Salas%20de%20Juicios%20Orales%20en%20Pachuca%22","Pachuca","Hidalgo","Instalación de Salas de Juicios Orales","f09b3f0d-ef41-4f79-963b-72cf3387dbd1",2026-06-26T21:50:04Z,2026-06-26T21:52:46Z,"45119e62-fb47-42df-8e3f-62a36597ee45"
"Instalación de Salas de Juicios Orales en Nezahualcóyotl","instalacion-salas-de-juicios-orales-nezahualcoyotl","Instalación de Salas de Juicios Orales en Nezahualcóyotl","Modernizamos salas de audiencia con audio, video, software MASOD® e infraestructura tecnológica para instituciones en Nezahualcóyotl.","Instalación de Salas de Juicios Orales en Nezahualcóyotl | Blegam Corp","Blegam Corp es especialista en instalación de salas de juicios orales en nezahualcóyotl. Diseñamos e implementamos salas de oralidad llave en mano con audio, video, videograbación, redes, almacenamiento NAS y software MASOD® para instituciones.","https://wa.me/525517390097?text=SW-%20Hola%20quisiera%20m%C3%A1s%20informaci%C3%B3n%20de%20sus%20servicios%20de%20%22Instalaci%C3%B3n%20de%20Salas%20de%20Juicios%20Orales%20en%20Nezahualc%C3%B3yotl%22","Nezahualcóyotl","Estado de México","Instalación de Salas de Juicios Orales","f10ccb24-3c7b-45df-9107-f99c590e04d3",2026-06-26T21:50:04Z,2026-06-26T21:52:46Z,"45119e62-fb47-42df-8e3f-62a36597ee45"
"Instalación de Salas de Juicios Orales en Granada","instalacion-salas-de-juicios-orales-granada","Instalación de Salas de Juicios Orales en Granada","Modernizamos salas de audiencia con audio, video, software MASOD® e infraestructura tecnológica para instituciones en Granada.","Instalación de Salas de Juicios Orales en Granada | Blegam Corp","Blegam Corp es especialista en instalación de salas de juicios orales en granada. Diseñamos e implementamos salas de oralidad llave en mano con audio, video, videograbación, redes, almacenamiento NAS y software MASOD® para instituciones.","https://wa.me/525517390097?text=SW-%20Hola%20quisiera%20m%C3%A1s%20informaci%C3%B3n%20de%20sus%20servicios%20de%20%22Instalaci%C3%B3n%20de%20Salas%20de%20Juicios%20Orales%20en%20Granada%22","Granada","Ciudad de México","Instalación de Salas de Juicios Orales","f21471b5-799c-477d-a336-402c274dd257",2026-06-26T21:50:04Z,2026-06-26T21:52:46Z,"45119e62-fb47-42df-8e3f-62a36597ee45"
"Instalación de Salas de Juicios Orales en Toluca","instalacion-salas-de-juicios-orales-toluca","Instalación de Salas de Juicios Orales en Toluca","Modernizamos salas de audiencia con audio, video, software MASOD® e infraestructura tecnológica para instituciones en Toluca.","Instalación de Salas de Juicios Orales en Toluca | Blegam Corp","Blegam Corp es especialista en instalación de salas de juicios orales en toluca. Diseñamos e implementamos salas de oralidad llave en mano con audio, video, videograbación, redes, almacenamiento NAS y software MASOD® para instituciones.","https://wa.me/525517390097?text=SW-%20Hola%20quisiera%20m%C3%A1s%20informaci%C3%B3n%20de%20sus%20servicios%20de%20%22Instalaci%C3%B3n%20de%20Salas%20de%20Juicios%20Orales%20en%20Toluca%22","Toluca","Estado de México","Instalación de Salas de Juicios Orales","f3f4f716-7938-4f49-a289-18f016b3c021",2026-06-26T21:50:04Z,2026-06-26T21:52:46Z,"45119e62-fb47-42df-8e3f-62a36597ee45"
"Instalación de Salas de Juicios Orales en Texcoco","instalacion-salas-de-juicios-orales-texcoco","Instalación de Salas de Juicios Orales en Texcoco","Modernizamos salas de audiencia con audio, video, software MASOD® e infraestructura tecnológica para instituciones en Texcoco.","Instalación de Salas de Juicios Orales en Texcoco | Blegam Corp","Blegam Corp es especialista en instalación de salas de juicios orales en texcoco. Diseñamos e implementamos salas de oralidad llave en mano con audio, video, videograbación, redes, almacenamiento NAS y software MASOD® para instituciones.","https://wa.me/525517390097?text=SW-%20Hola%20quisiera%20m%C3%A1s%20informaci%C3%B3n%20de%20sus%20servicios%20de%20%22Instalaci%C3%B3n%20de%20Salas%20de%20Juicios%20Orales%20en%20Texcoco%22","Texcoco","Estado de México","Instalación de Salas de Juicios Orales","f43c1eba-1381-44a3-952e-1cba6c71cbc3",2026-06-26T21:50:04Z,2026-06-26T21:52:46Z,"45119e62-fb47-42df-8e3f-62a36597ee45"
"Instalación de Salas de Juicios Orales en Escobedo","instalacion-salas-de-juicios-orales-escobedo","Instalación de Salas de Juicios Orales en Escobedo","Modernizamos salas de audiencia con audio, video, software MASOD® e infraestructura tecnológica para instituciones en Escobedo.","Instalación de Salas de Juicios Orales en Escobedo | Blegam Corp","Blegam Corp es especialista en instalación de salas de juicios orales en escobedo. Diseñamos e implementamos salas de oralidad llave en mano con audio, video, videograbación, redes, almacenamiento NAS y software MASOD® para instituciones.","https://wa.me/525517390097?text=SW-%20Hola%20quisiera%20m%C3%A1s%20informaci%C3%B3n%20de%20sus%20servicios%20de%20%22Instalaci%C3%B3n%20de%20Salas%20de%20Juicios%20Orales%20en%20Escobedo%22","Escobedo","Nuevo León","Instalación de Salas de Juicios Orales","f58296c7-2a29-4a52-87c8-2244a103c0fa",2026-06-26T21:50:04Z,2026-06-26T21:52:46Z,"45119e62-fb47-42df-8e3f-62a36597ee45"
"Instalación de Salas de Juicios Orales en Tulum","instalacion-salas-de-juicios-orales-tulum","Instalación de Salas de Juicios Orales en Tulum","Modernizamos salas de audiencia con audio, video, software MASOD® e infraestructura tecnológica para instituciones en Tulum.","Instalación de Salas de Juicios Orales en Tulum | Blegam Corp","Blegam Corp es especialista en instalación de salas de juicios orales en tulum. Diseñamos e implementamos salas de oralidad llave en mano con audio, video, videograbación, redes, almacenamiento NAS y software MASOD® para instituciones.","https://wa.me/525517390097?text=SW-%20Hola%20quisiera%20m%C3%A1s%20informaci%C3%B3n%20de%20sus%20servicios%20de%20%22Instalaci%C3%B3n%20de%20Salas%20de%20Juicios%20Orales%20en%20Tulum%22","Tulum","Quintana Roo","Instalación de Salas de Juicios Orales","f603c703-d67c-438b-8ace-91050ca5a306",2026-06-26T21:50:04Z,2026-06-26T21:52:46Z,"45119e62-fb47-42df-8e3f-62a36597ee45"
"Instalación de Salas de Juicios Orales en Tabasco","instalacion-salas-de-juicios-orales-tabasco","Instalación de Salas de Juicios Orales en Tabasco","Modernizamos salas de audiencia con audio, video, software MASOD® e infraestructura tecnológica para instituciones en Tabasco.","Instalación de Salas de Juicios Orales en Tabasco | Blegam Corp","Blegam Corp es especialista en instalación de salas de juicios orales en tabasco. Diseñamos e implementamos salas de oralidad llave en mano con audio, video, videograbación, redes, almacenamiento NAS y software MASOD® para instituciones.","https://wa.me/525517390097?text=SW-%20Hola%20quisiera%20m%C3%A1s%20informaci%C3%B3n%20de%20sus%20servicios%20de%20%22Instalaci%C3%B3n%20de%20Salas%20de%20Juicios%20Orales%20en%20Tabasco%22","Tabasco","Tabasco","Instalación de Salas de Juicios Orales","f622e3ab-a67e-460d-ac2f-4be13573fe7b",2026-06-26T21:50:04Z,2026-06-26T21:52:46Z,"45119e62-fb47-42df-8e3f-62a36597ee45"
"Instalación de Salas de Juicios Orales en Sinaloa","instalacion-salas-de-juicios-orales-sinaloa","Instalación de Salas de Juicios Orales en Sinaloa","Modernizamos salas de audiencia con audio, video, software MASOD® e infraestructura tecnológica para instituciones en Sinaloa.","Instalación de Salas de Juicios Orales en Sinaloa | Blegam Corp","Blegam Corp es especialista en instalación de salas de juicios orales en sinaloa. Diseñamos e implementamos salas de oralidad llave en mano con audio, video, videograbación, redes, almacenamiento NAS y software MASOD® para instituciones.","https://wa.me/525517390097?text=SW-%20Hola%20quisiera%20m%C3%A1s%20informaci%C3%B3n%20de%20sus%20servicios%20de%20%22Instalaci%C3%B3n%20de%20Salas%20de%20Juicios%20Orales%20en%20Sinaloa%22","Sinaloa","Sinaloa","Instalación de Salas de Juicios Orales","f6e1eee8-4a46-4dfd-905d-cff12435a34a",2026-06-26T21:50:04Z,2026-06-26T21:52:46Z,"45119e62-fb47-42df-8e3f-62a36597ee45"
"Instalación de Salas de Juicios Orales en Escandón","instalacion-salas-de-juicios-orales-escandon","Instalación de Salas de Juicios Orales en Escandón","Modernizamos salas de audiencia con audio, video, software MASOD® e infraestructura tecnológica para instituciones en Escandón.","Instalación de Salas de Juicios Orales en Escandón | Blegam Corp","Blegam Corp es especialista en instalación de salas de juicios orales en escandón. Diseñamos e implementamos salas de oralidad llave en mano con audio, video, videograbación, redes, almacenamiento NAS y software MASOD® para instituciones.","https://wa.me/525517390097?text=SW-%20Hola%20quisiera%20m%C3%A1s%20informaci%C3%B3n%20de%20sus%20servicios%20de%20%22Instalaci%C3%B3n%20de%20Salas%20de%20Juicios%20Orales%20en%20Escand%C3%B3n%22","Escandón","Ciudad de México","Instalación de Salas de Juicios Orales","f790e9a2-624c-4d32-87a1-ad2b693872de",2026-06-26T21:50:04Z,2026-06-26T21:52:46Z,"45119e62-fb47-42df-8e3f-62a36597ee45"
"Instalación de Salas de Juicios Orales en Mexicali","instalacion-salas-de-juicios-orales-mexicali","Instalación de Salas de Juicios Orales en Mexicali","Modernizamos salas de audiencia con audio, video, software MASOD® e infraestructura tecnológica para instituciones en Mexicali.","Instalación de Salas de Juicios Orales en Mexicali | Blegam Corp","Blegam Corp es especialista en instalación de salas de juicios orales en mexicali. Diseñamos e implementamos salas de oralidad llave en mano con audio, video, videograbación, redes, almacenamiento NAS y software MASOD® para instituciones.","https://wa.me/525517390097?text=SW-%20Hola%20quisiera%20m%C3%A1s%20informaci%C3%B3n%20de%20sus%20servicios%20de%20%22Instalaci%C3%B3n%20de%20Salas%20de%20Juicios%20Orales%20en%20Mexicali%22","Mexicali","Baja California","Instalación de Salas de Juicios Orales","f7bc5f05-5204-4703-84f6-fe4df271df61",2026-06-26T21:50:04Z,2026-06-26T21:52:46Z,"45119e62-fb47-42df-8e3f-62a36597ee45"
"Instalación de Salas de Juicios Orales en Puerto Escondido","instalacion-salas-de-juicios-orales-puerto-escondido","Instalación de Salas de Juicios Orales en Puerto Escondido","Modernizamos salas de audiencia con audio, video, software MASOD® e infraestructura tecnológica para instituciones en Puerto Escondido.","Instalación de Salas de Juicios Orales en Puerto Escondido | Blegam Corp","Blegam Corp es especialista en instalación de salas de juicios orales en puerto escondido. Diseñamos e implementamos salas de oralidad llave en mano con audio, video, videograbación, redes, almacenamiento NAS y software MASOD® para instituciones.","https://wa.me/525517390097?text=SW-%20Hola%20quisiera%20m%C3%A1s%20informaci%C3%B3n%20de%20sus%20servicios%20de%20%22Instalaci%C3%B3n%20de%20Salas%20de%20Juicios%20Orales%20en%20Puerto%20Escondido%22","Puerto Escondido","Oaxaca","Instalación de Salas de Juicios Orales","f7f2bdfb-acef-4c06-a4a8-e4c16d55ff3f",2026-06-26T21:50:04Z,2026-06-26T21:52:46Z,"45119e62-fb47-42df-8e3f-62a36597ee45"
"Instalación de Salas de Juicios Orales en Tecamachalco","instalacion-salas-de-juicios-orales-tecamachalco","Instalación de Salas de Juicios Orales en Tecamachalco","Modernizamos salas de audiencia con audio, video, software MASOD® e infraestructura tecnológica para instituciones en Tecamachalco.","Instalación de Salas de Juicios Orales en Tecamachalco | Blegam Corp","Blegam Corp es especialista en instalación de salas de juicios orales en tecamachalco. Diseñamos e implementamos salas de oralidad llave en mano con audio, video, videograbación, redes, almacenamiento NAS y software MASOD® para instituciones.","https://wa.me/525517390097?text=SW-%20Hola%20quisiera%20m%C3%A1s%20informaci%C3%B3n%20de%20sus%20servicios%20de%20%22Instalaci%C3%B3n%20de%20Salas%20de%20Juicios%20Orales%20en%20Tecamachalco%22","Tecamachalco","Ciudad de México","Instalación de Salas de Juicios Orales","f9d941d3-d36f-401e-a5c3-362cc62b25da",2026-06-26T21:50:04Z,2026-06-26T21:52:46Z,"45119e62-fb47-42df-8e3f-62a36597ee45"
"Instalación de Salas de Juicios Orales en Matamoros","instalacion-salas-de-juicios-orales-matamoros","Instalación de Salas de Juicios Orales en Matamoros","Modernizamos salas de audiencia con audio, video, software MASOD® e infraestructura tecnológica para instituciones en Matamoros.","Instalación de Salas de Juicios Orales en Matamoros | Blegam Corp","Blegam Corp es especialista en instalación de salas de juicios orales en matamoros. Diseñamos e implementamos salas de oralidad llave en mano con audio, video, videograbación, redes, almacenamiento NAS y software MASOD® para instituciones.","https://wa.me/525517390097?text=SW-%20Hola%20quisiera%20m%C3%A1s%20informaci%C3%B3n%20de%20sus%20servicios%20de%20%22Instalaci%C3%B3n%20de%20Salas%20de%20Juicios%20Orales%20en%20Matamoros%22","Matamoros","Tamaulipas","Instalación de Salas de Juicios Orales","fb1654f7-16d7-40f7-a658-cd9e3ae75cf2",2026-06-26T21:50:04Z,2026-06-26T21:52:46Z,"45119e62-fb47-42df-8e3f-62a36597ee45"
"Instalación de Salas de Juicios Orales en Hermosillo","instalacion-salas-de-juicios-orales-hermosillo","Instalación de Salas de Juicios Orales en Hermosillo","Modernizamos salas de audiencia con audio, video, software MASOD® e infraestructura tecnológica para instituciones en Hermosillo.","Instalación de Salas de Juicios Orales en Hermosillo | Blegam Corp","Blegam Corp es especialista en instalación de salas de juicios orales en hermosillo. Diseñamos e implementamos salas de oralidad llave en mano con audio, video, videograbación, redes, almacenamiento NAS y software MASOD® para instituciones.","https://wa.me/525517390097?text=SW-%20Hola%20quisiera%20m%C3%A1s%20informaci%C3%B3n%20de%20sus%20servicios%20de%20%22Instalaci%C3%B3n%20de%20Salas%20de%20Juicios%20Orales%20en%20Hermosillo%22","Hermosillo","Sonora","Instalación de Salas de Juicios Orales","fce14ed0-a22a-42b7-afdf-c407cede2531",2026-06-26T21:50:04Z,2026-06-26T21:52:46Z,"45119e62-fb47-42df-8e3f-62a36597ee45"
"Instalación de Salas de Juicios Orales en La Paz, Baja California Sur","instalacion-salas-de-juicios-orales-la-paz-baja-california-sur","Instalación de Salas de Juicios Orales en La Paz, Baja California Sur","Modernizamos salas de audiencia con audio, video, software MASOD® e infraestructura tecnológica para instituciones en La Paz, Baja California Sur.","Instalación de Salas de Juicios Orales en La Paz, Baja California Sur | Blegam Corp","Blegam Corp es especialista en instalación de salas de juicios orales en la paz, baja california sur. Diseñamos e implementamos salas de oralidad llave en mano con audio, video, videograbación, redes, almacenamiento NAS y software MASOD® para instituciones.","https://wa.me/525517390097?text=SW-%20Hola%20quisiera%20m%C3%A1s%20informaci%C3%B3n%20de%20sus%20servicios%20de%20%22Instalaci%C3%B3n%20de%20Salas%20de%20Juicios%20Orales%20en%20La%20Paz%2C%20Baja%20California%20Sur%22","La Paz","Baja California Sur","Instalación de Salas de Juicios Orales","fdb69852-807f-4ff8-bc26-6f15738846d2",2026-06-26T21:50:04Z,2026-06-26T21:52:46Z,"45119e62-fb47-42df-8e3f-62a36597ee45"
"Instalación de Salas de Juicios Orales en Guanajuato","instalacion-salas-de-juicios-orales-guanajuato","Instalación de Salas de Juicios Orales en Guanajuato","Modernizamos salas de audiencia con audio, video, software MASOD® e infraestructura tecnológica para instituciones en Guanajuato.","Instalación de Salas de Juicios Orales en Guanajuato | Blegam Corp","Blegam Corp es especialista en instalación de salas de juicios orales en guanajuato. Diseñamos e implementamos salas de oralidad llave en mano con audio, video, videograbación, redes, almacenamiento NAS y software MASOD® para instituciones.","https://wa.me/525517390097?text=SW-%20Hola%20quisiera%20m%C3%A1s%20informaci%C3%B3n%20de%20sus%20servicios%20de%20%22Instalaci%C3%B3n%20de%20Salas%20de%20Juicios%20Orales%20en%20Guanajuato%22","Guanajuato","Guanajuato","Instalación de Salas de Juicios Orales","fe2cd43e-324f-4ef5-90c8-d923136d3cce",2026-06-26T21:50:04Z,2026-06-26T21:52:46Z,"45119e62-fb47-42df-8e3f-62a36597ee45"
"Instalación de Salas de Juicios Orales en Ciudad Obregón","instalacion-salas-de-juicios-orales-ciudad-obregon","Instalación de Salas de Juicios Orales en Ciudad Obregón","Modernizamos salas de audiencia con audio, video, software MASOD® e infraestructura tecnológica para instituciones en Ciudad Obregón.","Instalación de Salas de Juicios Orales en Ciudad Obregón | Blegam Corp","Blegam Corp es especialista en instalación de salas de juicios orales en ciudad obregón. Diseñamos e implementamos salas de oralidad llave en mano con audio, video, videograbación, redes, almacenamiento NAS y software MASOD® para instituciones.","https://wa.me/525517390097?text=SW-%20Hola%20quisiera%20m%C3%A1s%20informaci%C3%B3n%20de%20sus%20servicios%20de%20%22Instalaci%C3%B3n%20de%20Salas%20de%20Juicios%20Orales%20en%20Ciudad%20Obreg%C3%B3n%22","Ciudad Obregón","Sonora","Instalación de Salas de Juicios Orales","fe41751f-e91a-45c6-a4f6-15963a349dae",2026-06-26T21:50:04Z,2026-06-26T21:52:46Z,"45119e62-fb47-42df-8e3f-62a36597ee45"
"Instalación de Salas de Juicios Orales en Aguascalientes","instalacion-salas-de-juicios-orales-aguascalientes","Instalación de Salas de Juicios Orales en Aguascalientes","Modernizamos salas de audiencia con audio, video, software MASOD® e infraestructura tecnológica para instituciones en Aguascalientes.","Instalación de Salas de Juicios Orales en Aguascalientes | Blegam Corp","Blegam Corp es especialista en instalación de salas de juicios orales en aguascalientes. Diseñamos e implementamos salas de oralidad llave en mano con audio, video, videograbación, redes, almacenamiento NAS y software MASOD® para instituciones.","https://wa.me/525517390097?text=SW-%20Hola%20quisiera%20m%C3%A1s%20informaci%C3%B3n%20de%20sus%20servicios%20de%20%22Instalaci%C3%B3n%20de%20Salas%20de%20Juicios%20Orales%20en%20Aguascalientes%22","Aguascalientes","Aguascalientes","Instalación de Salas de Juicios Orales","fefe9f41-7640-4107-bedf-25ed9c8e7c0e",2026-06-26T21:50:04Z,2026-06-26T21:52:46Z,"45119e62-fb47-42df-8e3f-62a36597ee45"
"Instalación de Salas de Juicios Orales en La Estancia, Jalisco","instalacion-salas-de-juicios-orales-la-estancia-jalisco","Instalación de Salas de Juicios Orales en La Estancia, Jalisco","Modernizamos salas de audiencia con audio, video, software MASOD® e infraestructura tecnológica para instituciones en La Estancia, Jalisco.","Instalación de Salas de Juicios Orales en La Estancia, Jalisco | Blegam Corp","Blegam Corp es especialista en instalación de salas de juicios orales en la estancia, jalisco. Diseñamos e implementamos salas de oralidad llave en mano con audio, video, videograbación, redes, almacenamiento NAS y software MASOD® para instituciones.","https://wa.me/525517390097?text=SW-%20Hola%20quisiera%20m%C3%A1s%20informaci%C3%B3n%20de%20sus%20servicios%20de%20%22Instalaci%C3%B3n%20de%20Salas%20de%20Juicios%20Orales%20en%20La%20Estancia%2C%20Jalisco%22","La Estancia","Jalisco","Instalación de Salas de Juicios Orales","ff934e48-9340-4fd8-b21d-3fa20e4f07c3",2026-06-26T21:50:04Z,2026-06-26T21:52:46Z,"45119e62-fb47-42df-8e3f-62a36597ee45"
