"Title","slug","Titulo de página","Excerpt d epágina","Titulo de SEO","Metadescripción","whatsapp url","Palabra","Ciudad","Estado","ID","Created Date","Updated Date","Owner"
"Proveedor de infraestructura tecnológica en Delicias","proveedor-infraestructura-tecnologica-delicias","Proveedor de Infraestructura Tecnológica para Empresas en Delicias","Implementamos infraestructura tecnológica, redes, audio, video y seguridad para empresas en Delicias.","Proveedor de Infraestructura Tecnológica en Delicias | Blegam Corp","Blegam Corp es tu Proveedor de infraestructura tecnológica en Delicias. Implementamos redes, cableado estructurado, soluciones IT, audio, video, seguridad electrónica, control de acceso y videovigilancia para empresas e instituciones. Solicita una cotización.","https://wa.me/525517390097?text=SW-%20Hola%20quisiera%20m%C3%A1s%20informaci%C3%B3n%20de%20sus%20servicios%20de%20Proveedor%20de%20infraestructura%20tecnol%C3%B3gica%20en%20Delicias.","Proveedor de Infraestructura Tecnológica para Empresas","Delicias","Chihuahua","014659c4-0783-4ca8-9743-b19e0952f870",2026-06-26T21:33:56Z,2026-06-26T21:35:40Z,"45119e62-fb47-42df-8e3f-62a36597ee45"
"Proveedor de infraestructura tecnológica en Coahuila","proveedor-infraestructura-tecnologica-coahuila","Proveedor de Infraestructura Tecnológica para Empresas en Coahuila","Implementamos infraestructura tecnológica, redes, audio, video y seguridad para empresas en Coahuila.","Proveedor de Infraestructura Tecnológica en Coahuila | Blegam Corp","Blegam Corp es tu Proveedor de infraestructura tecnológica en Coahuila. Implementamos redes, cableado estructurado, soluciones IT, audio, video, seguridad electrónica, control de acceso y videovigilancia para empresas e instituciones. Solicita una cotización.","https://wa.me/525517390097?text=SW-%20Hola%20quisiera%20m%C3%A1s%20informaci%C3%B3n%20de%20sus%20servicios%20de%20Proveedor%20de%20infraestructura%20tecnol%C3%B3gica%20en%20Coahuila.","Proveedor de Infraestructura Tecnológica para Empresas","Coahuila","Coahuila","016cdb5c-4519-46ef-bfb1-93a992583403",2026-06-26T21:33:56Z,2026-06-26T21:35:40Z,"45119e62-fb47-42df-8e3f-62a36597ee45"
"Proveedor de infraestructura tecnológica en Tlaxcala","proveedor-infraestructura-tecnologica-tlaxcala","Proveedor de Infraestructura Tecnológica para Empresas en Tlaxcala","Implementamos infraestructura tecnológica, redes, audio, video y seguridad para empresas en Tlaxcala.","Proveedor de Infraestructura Tecnológica en Tlaxcala | Blegam Corp","Blegam Corp es tu Proveedor de infraestructura tecnológica en Tlaxcala. Implementamos redes, cableado estructurado, soluciones IT, audio, video, seguridad electrónica, control de acceso y videovigilancia para empresas e instituciones. Solicita una cotización.","https://wa.me/525517390097?text=SW-%20Hola%20quisiera%20m%C3%A1s%20informaci%C3%B3n%20de%20sus%20servicios%20de%20Proveedor%20de%20infraestructura%20tecnol%C3%B3gica%20en%20Tlaxcala.","Proveedor de Infraestructura Tecnológica para Empresas","Tlaxcala","Tlaxcala","03af9acb-f7d6-4a55-80d7-5a768350fb07",2026-06-26T21:33:56Z,2026-06-26T21:35:40Z,"45119e62-fb47-42df-8e3f-62a36597ee45"
"Proveedor de infraestructura tecnológica en Tamaulipas","proveedor-infraestructura-tecnologica-tamaulipas","Proveedor de Infraestructura Tecnológica para Empresas en Tamaulipas","Implementamos infraestructura tecnológica, redes, audio, video y seguridad para empresas en Tamaulipas.","Proveedor de Infraestructura Tecnológica en Tamaulipas | Blegam Corp","Blegam Corp es tu Proveedor de infraestructura tecnológica en Tamaulipas. Implementamos redes, cableado estructurado, soluciones IT, audio, video, seguridad electrónica, control de acceso y videovigilancia para empresas e instituciones. Solicita una cotización.","https://wa.me/525517390097?text=SW-%20Hola%20quisiera%20m%C3%A1s%20informaci%C3%B3n%20de%20sus%20servicios%20de%20Proveedor%20de%20infraestructura%20tecnol%C3%B3gica%20en%20Tamaulipas.","Proveedor de Infraestructura Tecnológica para Empresas","Tamaulipas","Tamaulipas","06dd4922-df48-4572-af72-aba01ed69a70",2026-06-26T21:33:56Z,2026-06-26T21:35:40Z,"45119e62-fb47-42df-8e3f-62a36597ee45"
"Proveedor de infraestructura tecnológica en Poza Rica","proveedor-infraestructura-tecnologica-poza-rica","Proveedor de Infraestructura Tecnológica para Empresas en Poza Rica","Implementamos infraestructura tecnológica, redes, audio, video y seguridad para empresas en Poza Rica.","Proveedor de Infraestructura Tecnológica en Poza Rica | Blegam Corp","Blegam Corp es tu Proveedor de infraestructura tecnológica en Poza Rica. Implementamos redes, cableado estructurado, soluciones IT, audio, video, seguridad electrónica, control de acceso y videovigilancia para empresas e instituciones. Solicita una cotización.","https://wa.me/525517390097?text=SW-%20Hola%20quisiera%20m%C3%A1s%20informaci%C3%B3n%20de%20sus%20servicios%20de%20Proveedor%20de%20infraestructura%20tecnol%C3%B3gica%20en%20Poza%20Rica.","Proveedor de Infraestructura Tecnológica para Empresas","Poza Rica","Veracruz","07a4520b-697c-4e1a-8ff2-f7aacd6a5c27",2026-06-26T21:33:56Z,2026-06-26T21:35:40Z,"45119e62-fb47-42df-8e3f-62a36597ee45"
"Proveedor de infraestructura tecnológica en Americana, Jalisco","proveedor-infraestructura-tecnologica-americana-jalisco","Proveedor de Infraestructura Tecnológica para Empresas en Americana, Jalisco","Implementamos infraestructura tecnológica, redes, audio, video y seguridad para empresas en Americana, Jalisco.","Proveedor de Infraestructura Tecnológica en Americana, Jalisco | Blegam Corp","Blegam Corp es tu Proveedor de infraestructura tecnológica en Americana, Jalisco. Implementamos redes, cableado estructurado, soluciones IT, audio, video, seguridad electrónica, control de acceso y videovigilancia para empresas e instituciones. Solicita una cotización.","https://wa.me/525517390097?text=SW-%20Hola%20quisiera%20m%C3%A1s%20informaci%C3%B3n%20de%20sus%20servicios%20de%20Proveedor%20de%20infraestructura%20tecnol%C3%B3gica%20en%20Americana%2C%20Jalisco.","Proveedor de Infraestructura Tecnológica para Empresas","Americana","Jalisco","08fe3f8d-5ad6-4d9b-9bd7-6772d9918f0e",2026-06-26T21:33:56Z,2026-06-26T21:35:40Z,"45119e62-fb47-42df-8e3f-62a36597ee45"
"Proveedor de infraestructura tecnológica en San Luis Potosí","proveedor-infraestructura-tecnologica-san-luis-potosi","Proveedor de Infraestructura Tecnológica para Empresas en San Luis Potosí","Implementamos infraestructura tecnológica, redes, audio, video y seguridad para empresas en San Luis Potosí.","Proveedor de Infraestructura Tecnológica en San Luis Potosí | Blegam Corp","Blegam Corp es tu Proveedor de infraestructura tecnológica en San Luis Potosí. Implementamos redes, cableado estructurado, soluciones IT, audio, video, seguridad electrónica, control de acceso y videovigilancia para empresas e instituciones. Solicita una cotización.","https://wa.me/525517390097?text=SW-%20Hola%20quisiera%20m%C3%A1s%20informaci%C3%B3n%20de%20sus%20servicios%20de%20Proveedor%20de%20infraestructura%20tecnol%C3%B3gica%20en%20San%20Luis%20Potosí.","Proveedor de Infraestructura Tecnológica para Empresas","San Luis Potosí","San Luis Potosí","09536b68-37ce-4a71-9bba-c4474a2a5e7c",2026-06-26T21:33:56Z,2026-06-26T21:35:40Z,"45119e62-fb47-42df-8e3f-62a36597ee45"
"Proveedor de infraestructura tecnológica en Residencial Chipinque, Nuevo León","proveedor-infraestructura-tecnologica-residencial-chipinque-nuevo-leon","Proveedor de Infraestructura Tecnológica para Empresas en Residencial Chipinque, Nuevo León","Implementamos infraestructura tecnológica, redes, audio, video y seguridad para empresas en Residencial Chipinque, Nuevo León.","Proveedor de Infraestructura Tecnológica en Residencial Chipinque, Nuevo León | Blegam Corp","Blegam Corp es tu Proveedor de infraestructura tecnológica en Residencial Chipinque, Nuevo León. Implementamos redes, cableado estructurado, soluciones IT, audio, video, seguridad electrónica, control de acceso y videovigilancia para empresas e instituciones. Solicita una cotización.","https://wa.me/525517390097?text=SW-%20Hola%20quisiera%20m%C3%A1s%20informaci%C3%B3n%20de%20sus%20servicios%20de%20Proveedor%20de%20infraestructura%20tecnol%C3%B3gica%20en%20Residencial%20Chipinque%2C%20Nuevo%20León.","Proveedor de Infraestructura Tecnológica para Empresas","Residencial Chipinque","Nuevo León","0a9a98da-f9f4-4272-b531-96f00c5f8e5a",2026-06-26T21:33:56Z,2026-06-26T21:35:40Z,"45119e62-fb47-42df-8e3f-62a36597ee45"
"Proveedor de infraestructura tecnológica en Valle Oriente, Nuevo León","proveedor-infraestructura-tecnologica-valle-oriente-nuevo-leon","Proveedor de Infraestructura Tecnológica para Empresas en Valle Oriente, Nuevo León","Implementamos infraestructura tecnológica, redes, audio, video y seguridad para empresas en Valle Oriente, Nuevo León.","Proveedor de Infraestructura Tecnológica en Valle Oriente, Nuevo León | Blegam Corp","Blegam Corp es tu Proveedor de infraestructura tecnológica en Valle Oriente, Nuevo León. Implementamos redes, cableado estructurado, soluciones IT, audio, video, seguridad electrónica, control de acceso y videovigilancia para empresas e instituciones. Solicita una cotización.","https://wa.me/525517390097?text=SW-%20Hola%20quisiera%20m%C3%A1s%20informaci%C3%B3n%20de%20sus%20servicios%20de%20Proveedor%20de%20infraestructura%20tecnol%C3%B3gica%20en%20Valle%20Oriente%2C%20Nuevo%20León.","Proveedor de Infraestructura Tecnológica para Empresas","Valle Oriente","Nuevo León","0cf307fe-52c9-426a-81d3-9b5827e70ae4",2026-06-26T21:33:56Z,2026-06-26T21:35:40Z,"45119e62-fb47-42df-8e3f-62a36597ee45"
"Proveedor de infraestructura tecnológica en Del Valle, Ciudad de México","proveedor-infraestructura-tecnologica-del-valle-ciudad-de-mexico","Proveedor de Infraestructura Tecnológica para Empresas en Del Valle, Ciudad de México","Implementamos infraestructura tecnológica, redes, audio, video y seguridad para empresas en Del Valle, Ciudad de México.","Proveedor de Infraestructura Tecnológica en Del Valle, Ciudad de México | Blegam Corp","Blegam Corp es tu Proveedor de infraestructura tecnológica en Del Valle, Ciudad de México. Implementamos redes, cableado estructurado, soluciones IT, audio, video, seguridad electrónica, control de acceso y videovigilancia para empresas e instituciones. Solicita una cotización.","https://wa.me/525517390097?text=SW-%20Hola%20quisiera%20m%C3%A1s%20informaci%C3%B3n%20de%20sus%20servicios%20de%20Proveedor%20de%20infraestructura%20tecnol%C3%B3gica%20en%20Del%20Valle%2C%20Ciudad%20de%20México.","Proveedor de Infraestructura Tecnológica para Empresas","Del Valle","Ciudad de México","0e41f62a-6462-497b-af3b-94fbac91f9f7",2026-06-26T21:33:56Z,2026-06-26T21:35:40Z,"45119e62-fb47-42df-8e3f-62a36597ee45"
"Proveedor de infraestructura tecnológica en Guerrero","proveedor-infraestructura-tecnologica-guerrero","Proveedor de Infraestructura Tecnológica para Empresas en Guerrero","Implementamos infraestructura tecnológica, redes, audio, video y seguridad para empresas en Guerrero.","Proveedor de Infraestructura Tecnológica en Guerrero | Blegam Corp","Blegam Corp es tu Proveedor de infraestructura tecnológica en Guerrero. Implementamos redes, cableado estructurado, soluciones IT, audio, video, seguridad electrónica, control de acceso y videovigilancia para empresas e instituciones. Solicita una cotización.","https://wa.me/525517390097?text=SW-%20Hola%20quisiera%20m%C3%A1s%20informaci%C3%B3n%20de%20sus%20servicios%20de%20Proveedor%20de%20infraestructura%20tecnol%C3%B3gica%20en%20Guerrero.","Proveedor de Infraestructura Tecnológica para Empresas","Guerrero","Guerrero","0e451996-6998-4d71-83fc-9f4c8ecdda79",2026-06-26T21:33:56Z,2026-06-26T21:35:40Z,"45119e62-fb47-42df-8e3f-62a36597ee45"
"Proveedor de infraestructura tecnológica en Ciudad Obregón","proveedor-infraestructura-tecnologica-ciudad-obregon","Proveedor de Infraestructura Tecnológica para Empresas en Ciudad Obregón","Implementamos infraestructura tecnológica, redes, audio, video y seguridad para empresas en Ciudad Obregón.","Proveedor de Infraestructura Tecnológica en Ciudad Obregón | Blegam Corp","Blegam Corp es tu Proveedor de infraestructura tecnológica en Ciudad Obregón. Implementamos redes, cableado estructurado, soluciones IT, audio, video, seguridad electrónica, control de acceso y videovigilancia para empresas e instituciones. Solicita una cotización.","https://wa.me/525517390097?text=SW-%20Hola%20quisiera%20m%C3%A1s%20informaci%C3%B3n%20de%20sus%20servicios%20de%20Proveedor%20de%20infraestructura%20tecnol%C3%B3gica%20en%20Ciudad%20Obregón.","Proveedor de Infraestructura Tecnológica para Empresas","Ciudad Obregón","Sonora","0e7c04ac-fe95-49a0-8b40-f83f2d584817",2026-06-26T21:33:56Z,2026-06-26T21:35:40Z,"45119e62-fb47-42df-8e3f-62a36597ee45"
"Proveedor de infraestructura tecnológica en Interlomas, Ciudad de México","proveedor-infraestructura-tecnologica-interlomas-ciudad-de-mexico","Proveedor de Infraestructura Tecnológica para Empresas en Interlomas, Ciudad de México","Implementamos infraestructura tecnológica, redes, audio, video y seguridad para empresas en Interlomas, Ciudad de México.","Proveedor de Infraestructura Tecnológica en Interlomas, Ciudad de México | Blegam Corp","Blegam Corp es tu Proveedor de infraestructura tecnológica en Interlomas, Ciudad de México. Implementamos redes, cableado estructurado, soluciones IT, audio, video, seguridad electrónica, control de acceso y videovigilancia para empresas e instituciones. Solicita una cotización.","https://wa.me/525517390097?text=SW-%20Hola%20quisiera%20m%C3%A1s%20informaci%C3%B3n%20de%20sus%20servicios%20de%20Proveedor%20de%20infraestructura%20tecnol%C3%B3gica%20en%20Interlomas%2C%20Ciudad%20de%20México.","Proveedor de Infraestructura Tecnológica para Empresas","Interlomas","Ciudad de México","0e988991-d864-4e9d-85a8-ae7a3babaa31",2026-06-26T21:33:56Z,2026-06-26T21:35:40Z,"45119e62-fb47-42df-8e3f-62a36597ee45"
"Proveedor de infraestructura tecnológica en Hermosillo","proveedor-infraestructura-tecnologica-hermosillo","Proveedor de Infraestructura Tecnológica para Empresas en Hermosillo","Implementamos infraestructura tecnológica, redes, audio, video y seguridad para empresas en Hermosillo.","Proveedor de Infraestructura Tecnológica en Hermosillo | Blegam Corp","Blegam Corp es tu Proveedor de infraestructura tecnológica en Hermosillo. Implementamos redes, cableado estructurado, soluciones IT, audio, video, seguridad electrónica, control de acceso y videovigilancia para empresas e instituciones. Solicita una cotización.","https://wa.me/525517390097?text=SW-%20Hola%20quisiera%20m%C3%A1s%20informaci%C3%B3n%20de%20sus%20servicios%20de%20Proveedor%20de%20infraestructura%20tecnol%C3%B3gica%20en%20Hermosillo.","Proveedor de Infraestructura Tecnológica para Empresas","Hermosillo","Sonora","0eecc5b3-5d5a-487d-a1e0-7bd959cdc8cb",2026-06-26T21:33:56Z,2026-06-26T21:35:40Z,"45119e62-fb47-42df-8e3f-62a36597ee45"
"Proveedor de infraestructura tecnológica en Tultitlán","proveedor-infraestructura-tecnologica-tultitlan","Proveedor de Infraestructura Tecnológica para Empresas en Tultitlán","Implementamos infraestructura tecnológica, redes, audio, video y seguridad para empresas en Tultitlán.","Proveedor de Infraestructura Tecnológica en Tultitlán | Blegam Corp","Blegam Corp es tu Proveedor de infraestructura tecnológica en Tultitlán. Implementamos redes, cableado estructurado, soluciones IT, audio, video, seguridad electrónica, control de acceso y videovigilancia para empresas e instituciones. Solicita una cotización.","https://wa.me/525517390097?text=SW-%20Hola%20quisiera%20m%C3%A1s%20informaci%C3%B3n%20de%20sus%20servicios%20de%20Proveedor%20de%20infraestructura%20tecnol%C3%B3gica%20en%20Tultitlán.","Proveedor de Infraestructura Tecnológica para Empresas","Tultitlán","Estado de México","11fe194a-8e4d-40fa-8428-e5af01f4419a",2026-06-26T21:33:56Z,2026-06-26T21:35:40Z,"45119e62-fb47-42df-8e3f-62a36597ee45"
"Proveedor de infraestructura tecnológica en Lomas Altas, Ciudad de México","proveedor-infraestructura-tecnologica-lomas-altas-ciudad-de-mexico","Proveedor de Infraestructura Tecnológica para Empresas en Lomas Altas, Ciudad de México","Implementamos infraestructura tecnológica, redes, audio, video y seguridad para empresas en Lomas Altas, Ciudad de México.","Proveedor de Infraestructura Tecnológica en Lomas Altas, Ciudad de México | Blegam Corp","Blegam Corp es tu Proveedor de infraestructura tecnológica en Lomas Altas, Ciudad de México. Implementamos redes, cableado estructurado, soluciones IT, audio, video, seguridad electrónica, control de acceso y videovigilancia para empresas e instituciones. Solicita una cotización.","https://wa.me/525517390097?text=SW-%20Hola%20quisiera%20m%C3%A1s%20informaci%C3%B3n%20de%20sus%20servicios%20de%20Proveedor%20de%20infraestructura%20tecnol%C3%B3gica%20en%20Lomas%20Altas%2C%20Ciudad%20de%20México.","Proveedor de Infraestructura Tecnológica para Empresas","Lomas Altas","Ciudad de México","12b4a8bc-83f9-447d-b7a7-8b4c0be5e2e9",2026-06-26T21:33:56Z,2026-06-26T21:35:40Z,"45119e62-fb47-42df-8e3f-62a36597ee45"
"Proveedor de infraestructura tecnológica en Ciudad del Carmen","proveedor-infraestructura-tecnologica-ciudad-del-carmen","Proveedor de Infraestructura Tecnológica para Empresas en Ciudad del Carmen","Implementamos infraestructura tecnológica, redes, audio, video y seguridad para empresas en Ciudad del Carmen.","Proveedor de Infraestructura Tecnológica en Ciudad del Carmen | Blegam Corp","Blegam Corp es tu Proveedor de infraestructura tecnológica en Ciudad del Carmen. Implementamos redes, cableado estructurado, soluciones IT, audio, video, seguridad electrónica, control de acceso y videovigilancia para empresas e instituciones. Solicita una cotización.","https://wa.me/525517390097?text=SW-%20Hola%20quisiera%20m%C3%A1s%20informaci%C3%B3n%20de%20sus%20servicios%20de%20Proveedor%20de%20infraestructura%20tecnol%C3%B3gica%20en%20Ciudad%20del%20Carmen.","Proveedor de Infraestructura Tecnológica para Empresas","Ciudad del Carmen","Campeche","131ab715-e268-4dc5-a9d7-62e7845ecdb0",2026-06-26T21:33:56Z,2026-06-26T21:35:40Z,"45119e62-fb47-42df-8e3f-62a36597ee45"
"Proveedor de infraestructura tecnológica en Lázaro Cárdenas","proveedor-infraestructura-tecnologica-lazaro-cardenas","Proveedor de Infraestructura Tecnológica para Empresas en Lázaro Cárdenas","Implementamos infraestructura tecnológica, redes, audio, video y seguridad para empresas en Lázaro Cárdenas.","Proveedor de Infraestructura Tecnológica en Lázaro Cárdenas | Blegam Corp","Blegam Corp es tu Proveedor de infraestructura tecnológica en Lázaro Cárdenas. Implementamos redes, cableado estructurado, soluciones IT, audio, video, seguridad electrónica, control de acceso y videovigilancia para empresas e instituciones. Solicita una cotización.","https://wa.me/525517390097?text=SW-%20Hola%20quisiera%20m%C3%A1s%20informaci%C3%B3n%20de%20sus%20servicios%20de%20Proveedor%20de%20infraestructura%20tecnol%C3%B3gica%20en%20Lázaro%20Cárdenas.","Proveedor de Infraestructura Tecnológica para Empresas","Lázaro Cárdenas","Michoacán","1570a7b5-3061-417f-9c06-092c99c0d5fe",2026-06-26T21:33:56Z,2026-06-26T21:35:40Z,"45119e62-fb47-42df-8e3f-62a36597ee45"
"Proveedor de infraestructura tecnológica en Corregidora","proveedor-infraestructura-tecnologica-corregidora","Proveedor de Infraestructura Tecnológica para Empresas en Corregidora","Implementamos infraestructura tecnológica, redes, audio, video y seguridad para empresas en Corregidora.","Proveedor de Infraestructura Tecnológica en Corregidora | Blegam Corp","Blegam Corp es tu Proveedor de infraestructura tecnológica en Corregidora. Implementamos redes, cableado estructurado, soluciones IT, audio, video, seguridad electrónica, control de acceso y videovigilancia para empresas e instituciones. Solicita una cotización.","https://wa.me/525517390097?text=SW-%20Hola%20quisiera%20m%C3%A1s%20informaci%C3%B3n%20de%20sus%20servicios%20de%20Proveedor%20de%20infraestructura%20tecnol%C3%B3gica%20en%20Corregidora.","Proveedor de Infraestructura Tecnológica para Empresas","Corregidora","Querétaro","17ac4cdf-ac1e-4c7f-9973-76e4d5cd2236",2026-06-26T21:33:56Z,2026-06-26T21:35:40Z,"45119e62-fb47-42df-8e3f-62a36597ee45"
"Proveedor de infraestructura tecnológica en Ixtapaluca","proveedor-infraestructura-tecnologica-ixtapaluca","Proveedor de Infraestructura Tecnológica para Empresas en Ixtapaluca","Implementamos infraestructura tecnológica, redes, audio, video y seguridad para empresas en Ixtapaluca.","Proveedor de Infraestructura Tecnológica en Ixtapaluca | Blegam Corp","Blegam Corp es tu Proveedor de infraestructura tecnológica en Ixtapaluca. Implementamos redes, cableado estructurado, soluciones IT, audio, video, seguridad electrónica, control de acceso y videovigilancia para empresas e instituciones. Solicita una cotización.","https://wa.me/525517390097?text=SW-%20Hola%20quisiera%20m%C3%A1s%20informaci%C3%B3n%20de%20sus%20servicios%20de%20Proveedor%20de%20infraestructura%20tecnol%C3%B3gica%20en%20Ixtapaluca.","Proveedor de Infraestructura Tecnológica para Empresas","Ixtapaluca","Estado de México","18149a0a-775f-4638-8e97-8a172bbebeda",2026-06-26T21:33:56Z,2026-06-26T21:35:40Z,"45119e62-fb47-42df-8e3f-62a36597ee45"
"Proveedor de infraestructura tecnológica en Los Mochis","proveedor-infraestructura-tecnologica-los-mochis","Proveedor de Infraestructura Tecnológica para Empresas en Los Mochis","Implementamos infraestructura tecnológica, redes, audio, video y seguridad para empresas en Los Mochis.","Proveedor de Infraestructura Tecnológica en Los Mochis | Blegam Corp","Blegam Corp es tu Proveedor de infraestructura tecnológica en Los Mochis. Implementamos redes, cableado estructurado, soluciones IT, audio, video, seguridad electrónica, control de acceso y videovigilancia para empresas e instituciones. Solicita una cotización.","https://wa.me/525517390097?text=SW-%20Hola%20quisiera%20m%C3%A1s%20informaci%C3%B3n%20de%20sus%20servicios%20de%20Proveedor%20de%20infraestructura%20tecnol%C3%B3gica%20en%20Los%20Mochis.","Proveedor de Infraestructura Tecnológica para Empresas","Los Mochis","Sinaloa","18ba3777-77c5-4b89-a16b-194ec987f488",2026-06-26T21:33:56Z,2026-06-26T21:35:40Z,"45119e62-fb47-42df-8e3f-62a36597ee45"
"Proveedor de infraestructura tecnológica en Taxco","proveedor-infraestructura-tecnologica-taxco","Proveedor de Infraestructura Tecnológica para Empresas en Taxco","Implementamos infraestructura tecnológica, redes, audio, video y seguridad para empresas en Taxco.","Proveedor de Infraestructura Tecnológica en Taxco | Blegam Corp","Blegam Corp es tu Proveedor de infraestructura tecnológica en Taxco. Implementamos redes, cableado estructurado, soluciones IT, audio, video, seguridad electrónica, control de acceso y videovigilancia para empresas e instituciones. Solicita una cotización.","https://wa.me/525517390097?text=SW-%20Hola%20quisiera%20m%C3%A1s%20informaci%C3%B3n%20de%20sus%20servicios%20de%20Proveedor%20de%20infraestructura%20tecnol%C3%B3gica%20en%20Taxco.","Proveedor de Infraestructura Tecnológica para Empresas","Taxco","Guerrero","19dc7d75-2887-422c-a976-447930b43329",2026-06-26T21:33:56Z,2026-06-26T21:35:40Z,"45119e62-fb47-42df-8e3f-62a36597ee45"
"Proveedor de infraestructura tecnológica en Nápoles, Ciudad de México","proveedor-infraestructura-tecnologica-napoles-ciudad-de-mexico","Proveedor de Infraestructura Tecnológica para Empresas en Nápoles, Ciudad de México","Implementamos infraestructura tecnológica, redes, audio, video y seguridad para empresas en Nápoles, Ciudad de México.","Proveedor de Infraestructura Tecnológica en Nápoles, Ciudad de México | Blegam Corp","Blegam Corp es tu Proveedor de infraestructura tecnológica en Nápoles, Ciudad de México. Implementamos redes, cableado estructurado, soluciones IT, audio, video, seguridad electrónica, control de acceso y videovigilancia para empresas e instituciones. Solicita una cotización.","https://wa.me/525517390097?text=SW-%20Hola%20quisiera%20m%C3%A1s%20informaci%C3%B3n%20de%20sus%20servicios%20de%20Proveedor%20de%20infraestructura%20tecnol%C3%B3gica%20en%20Nápoles%2C%20Ciudad%20de%20México.","Proveedor de Infraestructura Tecnológica para Empresas","Nápoles","Ciudad de México","1b596e36-33da-405a-86e8-e9b3b517a37b",2026-06-26T21:33:56Z,2026-06-26T21:35:40Z,"45119e62-fb47-42df-8e3f-62a36597ee45"
"Proveedor de infraestructura tecnológica en Puerta Las Lomas, Jalisco","proveedor-infraestructura-tecnologica-puerta-las-lomas-jalisco","Proveedor de Infraestructura Tecnológica para Empresas en Puerta Las Lomas, Jalisco","Implementamos infraestructura tecnológica, redes, audio, video y seguridad para empresas en Puerta Las Lomas, Jalisco.","Proveedor de Infraestructura Tecnológica en Puerta Las Lomas, Jalisco | Blegam Corp","Blegam Corp es tu Proveedor de infraestructura tecnológica en Puerta Las Lomas, Jalisco. Implementamos redes, cableado estructurado, soluciones IT, audio, video, seguridad electrónica, control de acceso y videovigilancia para empresas e instituciones. Solicita una cotización.","https://wa.me/525517390097?text=SW-%20Hola%20quisiera%20m%C3%A1s%20informaci%C3%B3n%20de%20sus%20servicios%20de%20Proveedor%20de%20infraestructura%20tecnol%C3%B3gica%20en%20Puerta%20Las%20Lomas%2C%20Jalisco.","Proveedor de Infraestructura Tecnológica para Empresas","Puerta Las Lomas","Jalisco","1ba0a992-bb3b-4762-80e4-8ca87a2fd9a8",2026-06-26T21:33:56Z,2026-06-26T21:35:40Z,"45119e62-fb47-42df-8e3f-62a36597ee45"
"Proveedor de infraestructura tecnológica en Tlalnepantla","proveedor-infraestructura-tecnologica-tlalnepantla","Proveedor de Infraestructura Tecnológica para Empresas en Tlalnepantla","Implementamos infraestructura tecnológica, redes, audio, video y seguridad para empresas en Tlalnepantla.","Proveedor de Infraestructura Tecnológica en Tlalnepantla | Blegam Corp","Blegam Corp es tu Proveedor de infraestructura tecnológica en Tlalnepantla. Implementamos redes, cableado estructurado, soluciones IT, audio, video, seguridad electrónica, control de acceso y videovigilancia para empresas e instituciones. Solicita una cotización.","https://wa.me/525517390097?text=SW-%20Hola%20quisiera%20m%C3%A1s%20informaci%C3%B3n%20de%20sus%20servicios%20de%20Proveedor%20de%20infraestructura%20tecnol%C3%B3gica%20en%20Tlalnepantla.","Proveedor de Infraestructura Tecnológica para Empresas","Tlalnepantla","Estado de México","1d053b0f-5032-48aa-81a2-295c0dd31e02",2026-06-26T21:33:56Z,2026-06-26T21:35:40Z,"45119e62-fb47-42df-8e3f-62a36597ee45"
"Proveedor de infraestructura tecnológica en Zamora","proveedor-infraestructura-tecnologica-zamora","Proveedor de Infraestructura Tecnológica para Empresas en Zamora","Implementamos infraestructura tecnológica, redes, audio, video y seguridad para empresas en Zamora.","Proveedor de Infraestructura Tecnológica en Zamora | Blegam Corp","Blegam Corp es tu Proveedor de infraestructura tecnológica en Zamora. Implementamos redes, cableado estructurado, soluciones IT, audio, video, seguridad electrónica, control de acceso y videovigilancia para empresas e instituciones. Solicita una cotización.","https://wa.me/525517390097?text=SW-%20Hola%20quisiera%20m%C3%A1s%20informaci%C3%B3n%20de%20sus%20servicios%20de%20Proveedor%20de%20infraestructura%20tecnol%C3%B3gica%20en%20Zamora.","Proveedor de Infraestructura Tecnológica para Empresas","Zamora","Michoacán","1f80a20e-93ae-415e-a0c7-a6ecde238da5",2026-06-26T21:33:56Z,2026-06-26T21:35:40Z,"45119e62-fb47-42df-8e3f-62a36597ee45"
"Proveedor de infraestructura tecnológica en Granada, Ciudad de México","proveedor-infraestructura-tecnologica-granada-ciudad-de-mexico","Proveedor de Infraestructura Tecnológica para Empresas en Granada, Ciudad de México","Implementamos infraestructura tecnológica, redes, audio, video y seguridad para empresas en Granada, Ciudad de México.","Proveedor de Infraestructura Tecnológica en Granada, Ciudad de México | Blegam Corp","Blegam Corp es tu Proveedor de infraestructura tecnológica en Granada, Ciudad de México. Implementamos redes, cableado estructurado, soluciones IT, audio, video, seguridad electrónica, control de acceso y videovigilancia para empresas e instituciones. Solicita una cotización.","https://wa.me/525517390097?text=SW-%20Hola%20quisiera%20m%C3%A1s%20informaci%C3%B3n%20de%20sus%20servicios%20de%20Proveedor%20de%20infraestructura%20tecnol%C3%B3gica%20en%20Granada%2C%20Ciudad%20de%20México.","Proveedor de Infraestructura Tecnológica para Empresas","Granada","Ciudad de México","252ea34f-78ee-44ae-aa61-c396ef7f6140",2026-06-26T21:33:56Z,2026-06-26T21:35:40Z,"45119e62-fb47-42df-8e3f-62a36597ee45"
"Proveedor de infraestructura tecnológica en Salina Cruz","proveedor-infraestructura-tecnologica-salina-cruz","Proveedor de Infraestructura Tecnológica para Empresas en Salina Cruz","Implementamos infraestructura tecnológica, redes, audio, video y seguridad para empresas en Salina Cruz.","Proveedor de Infraestructura Tecnológica en Salina Cruz | Blegam Corp","Blegam Corp es tu Proveedor de infraestructura tecnológica en Salina Cruz. Implementamos redes, cableado estructurado, soluciones IT, audio, video, seguridad electrónica, control de acceso y videovigilancia para empresas e instituciones. Solicita una cotización.","https://wa.me/525517390097?text=SW-%20Hola%20quisiera%20m%C3%A1s%20informaci%C3%B3n%20de%20sus%20servicios%20de%20Proveedor%20de%20infraestructura%20tecnol%C3%B3gica%20en%20Salina%20Cruz.","Proveedor de Infraestructura Tecnológica para Empresas","Salina Cruz","Oaxaca","25b88811-6c78-4088-b656-5222b0e147b5",2026-06-26T21:33:56Z,2026-06-26T21:35:40Z,"45119e62-fb47-42df-8e3f-62a36597ee45"
"Proveedor de infraestructura tecnológica en Villahermosa","proveedor-infraestructura-tecnologica-villahermosa","Proveedor de Infraestructura Tecnológica para Empresas en Villahermosa","Implementamos infraestructura tecnológica, redes, audio, video y seguridad para empresas en Villahermosa.","Proveedor de Infraestructura Tecnológica en Villahermosa | Blegam Corp","Blegam Corp es tu Proveedor de infraestructura tecnológica en Villahermosa. Implementamos redes, cableado estructurado, soluciones IT, audio, video, seguridad electrónica, control de acceso y videovigilancia para empresas e instituciones. Solicita una cotización.","https://wa.me/525517390097?text=SW-%20Hola%20quisiera%20m%C3%A1s%20informaci%C3%B3n%20de%20sus%20servicios%20de%20Proveedor%20de%20infraestructura%20tecnol%C3%B3gica%20en%20Villahermosa.","Proveedor de Infraestructura Tecnológica para Empresas","Villahermosa","Tabasco","26a3d086-df39-4809-bd32-2b14b4a85097",2026-06-26T21:33:56Z,2026-06-26T21:35:40Z,"45119e62-fb47-42df-8e3f-62a36597ee45"
"Proveedor de infraestructura tecnológica en Ciudad de México","proveedor-infraestructura-tecnologica-ciudad-de-mexico","Proveedor de Infraestructura Tecnológica para Empresas en Ciudad de México","Implementamos infraestructura tecnológica, redes, audio, video y seguridad para empresas en Ciudad de México.","Proveedor de Infraestructura Tecnológica en Ciudad de México | Blegam Corp","Blegam Corp es tu Proveedor de infraestructura tecnológica en Ciudad de México. Implementamos redes, cableado estructurado, soluciones IT, audio, video, seguridad electrónica, control de acceso y videovigilancia para empresas e instituciones. Solicita una cotización.","https://wa.me/525517390097?text=SW-%20Hola%20quisiera%20m%C3%A1s%20informaci%C3%B3n%20de%20sus%20servicios%20de%20Proveedor%20de%20infraestructura%20tecnol%C3%B3gica%20en%20Ciudad%20de%20México.","Proveedor de Infraestructura Tecnológica para Empresas","Ciudad de México","Ciudad de México","29417ae7-d62c-468a-83a1-19e87067cbd4",2026-06-26T21:33:56Z,2026-06-26T21:35:40Z,"45119e62-fb47-42df-8e3f-62a36597ee45"
"Proveedor de infraestructura tecnológica en Hipódromo, Ciudad de México","proveedor-infraestructura-tecnologica-hipodromo-ciudad-de-mexico","Proveedor de Infraestructura Tecnológica para Empresas en Hipódromo, Ciudad de México","Implementamos infraestructura tecnológica, redes, audio, video y seguridad para empresas en Hipódromo, Ciudad de México.","Proveedor de Infraestructura Tecnológica en Hipódromo, Ciudad de México | Blegam Corp","Blegam Corp es tu Proveedor de infraestructura tecnológica en Hipódromo, Ciudad de México. Implementamos redes, cableado estructurado, soluciones IT, audio, video, seguridad electrónica, control de acceso y videovigilancia para empresas e instituciones. Solicita una cotización.","https://wa.me/525517390097?text=SW-%20Hola%20quisiera%20m%C3%A1s%20informaci%C3%B3n%20de%20sus%20servicios%20de%20Proveedor%20de%20infraestructura%20tecnol%C3%B3gica%20en%20Hipódromo%2C%20Ciudad%20de%20México.","Proveedor de Infraestructura Tecnológica para Empresas","Hipódromo","Ciudad de México","2a64a693-97b0-4290-bf51-1dae70c86237",2026-06-26T21:33:56Z,2026-06-26T21:35:40Z,"45119e62-fb47-42df-8e3f-62a36597ee45"
"Proveedor de infraestructura tecnológica en Reforma, Ciudad de México","proveedor-infraestructura-tecnologica-reforma-ciudad-de-mexico","Proveedor de Infraestructura Tecnológica para Empresas en Reforma, Ciudad de México","Implementamos infraestructura tecnológica, redes, audio, video y seguridad para empresas en Reforma, Ciudad de México.","Proveedor de Infraestructura Tecnológica en Reforma, Ciudad de México | Blegam Corp","Blegam Corp es tu Proveedor de infraestructura tecnológica en Reforma, Ciudad de México. Implementamos redes, cableado estructurado, soluciones IT, audio, video, seguridad electrónica, control de acceso y videovigilancia para empresas e instituciones. Solicita una cotización.","https://wa.me/525517390097?text=SW-%20Hola%20quisiera%20m%C3%A1s%20informaci%C3%B3n%20de%20sus%20servicios%20de%20Proveedor%20de%20infraestructura%20tecnol%C3%B3gica%20en%20Reforma%2C%20Ciudad%20de%20México.","Proveedor de Infraestructura Tecnológica para Empresas","Reforma","Ciudad de México","2aa5adad-8b7d-4c82-80c4-ee1bfdcd2be6",2026-06-26T21:33:56Z,2026-06-26T21:35:40Z,"45119e62-fb47-42df-8e3f-62a36597ee45"
"Proveedor de infraestructura tecnológica en Cozumel","proveedor-infraestructura-tecnologica-cozumel","Proveedor de Infraestructura Tecnológica para Empresas en Cozumel","Implementamos infraestructura tecnológica, redes, audio, video y seguridad para empresas en Cozumel.","Proveedor de Infraestructura Tecnológica en Cozumel | Blegam Corp","Blegam Corp es tu Proveedor de infraestructura tecnológica en Cozumel. Implementamos redes, cableado estructurado, soluciones IT, audio, video, seguridad electrónica, control de acceso y videovigilancia para empresas e instituciones. Solicita una cotización.","https://wa.me/525517390097?text=SW-%20Hola%20quisiera%20m%C3%A1s%20informaci%C3%B3n%20de%20sus%20servicios%20de%20Proveedor%20de%20infraestructura%20tecnol%C3%B3gica%20en%20Cozumel.","Proveedor de Infraestructura Tecnológica para Empresas","Cozumel","Quintana Roo","2bb7804a-bf4f-4c81-88cd-3c37a88f2de2",2026-06-26T21:33:56Z,2026-06-26T21:35:40Z,"45119e62-fb47-42df-8e3f-62a36597ee45"
"Proveedor de infraestructura tecnológica en Colorines, Nuevo León","proveedor-infraestructura-tecnologica-colorines-nuevo-leon","Proveedor de Infraestructura Tecnológica para Empresas en Colorines, Nuevo León","Implementamos infraestructura tecnológica, redes, audio, video y seguridad para empresas en Colorines, Nuevo León.","Proveedor de Infraestructura Tecnológica en Colorines, Nuevo León | Blegam Corp","Blegam Corp es tu Proveedor de infraestructura tecnológica en Colorines, Nuevo León. Implementamos redes, cableado estructurado, soluciones IT, audio, video, seguridad electrónica, control de acceso y videovigilancia para empresas e instituciones. Solicita una cotización.","https://wa.me/525517390097?text=SW-%20Hola%20quisiera%20m%C3%A1s%20informaci%C3%B3n%20de%20sus%20servicios%20de%20Proveedor%20de%20infraestructura%20tecnol%C3%B3gica%20en%20Colorines%2C%20Nuevo%20León.","Proveedor de Infraestructura Tecnológica para Empresas","Colorines","Nuevo León","2e48c5cd-1f89-4ea8-9eed-62187566f8c8",2026-06-26T21:33:56Z,2026-06-26T21:35:40Z,"45119e62-fb47-42df-8e3f-62a36597ee45"
"Proveedor de infraestructura tecnológica en Cancún","proveedor-infraestructura-tecnologica-cancun","Proveedor de Infraestructura Tecnológica para Empresas en Cancún","Implementamos infraestructura tecnológica, redes, audio, video y seguridad para empresas en Cancún.","Proveedor de Infraestructura Tecnológica en Cancún | Blegam Corp","Blegam Corp es tu Proveedor de infraestructura tecnológica en Cancún. Implementamos redes, cableado estructurado, soluciones IT, audio, video, seguridad electrónica, control de acceso y videovigilancia para empresas e instituciones. Solicita una cotización.","https://wa.me/525517390097?text=SW-%20Hola%20quisiera%20m%C3%A1s%20informaci%C3%B3n%20de%20sus%20servicios%20de%20Proveedor%20de%20infraestructura%20tecnol%C3%B3gica%20en%20Cancún.","Proveedor de Infraestructura Tecnológica para Empresas","Cancún","Quintana Roo","2e536f72-809d-4791-b645-40358070878f",2026-06-26T21:33:56Z,2026-06-26T21:35:40Z,"45119e62-fb47-42df-8e3f-62a36597ee45"
"Proveedor de infraestructura tecnológica en Nuevo Laredo","proveedor-infraestructura-tecnologica-nuevo-laredo","Proveedor de Infraestructura Tecnológica para Empresas en Nuevo Laredo","Implementamos infraestructura tecnológica, redes, audio, video y seguridad para empresas en Nuevo Laredo.","Proveedor de Infraestructura Tecnológica en Nuevo Laredo | Blegam Corp","Blegam Corp es tu Proveedor de infraestructura tecnológica en Nuevo Laredo. Implementamos redes, cableado estructurado, soluciones IT, audio, video, seguridad electrónica, control de acceso y videovigilancia para empresas e instituciones. Solicita una cotización.","https://wa.me/525517390097?text=SW-%20Hola%20quisiera%20m%C3%A1s%20informaci%C3%B3n%20de%20sus%20servicios%20de%20Proveedor%20de%20infraestructura%20tecnol%C3%B3gica%20en%20Nuevo%20Laredo.","Proveedor de Infraestructura Tecnológica para Empresas","Nuevo Laredo","Tamaulipas","2ed8723c-4c4e-4005-acb3-c02a5e620f4d",2026-06-26T21:33:56Z,2026-06-26T21:35:40Z,"45119e62-fb47-42df-8e3f-62a36597ee45"
"Proveedor de infraestructura tecnológica en Tecámac","proveedor-infraestructura-tecnologica-tecamac","Proveedor de Infraestructura Tecnológica para Empresas en Tecámac","Implementamos infraestructura tecnológica, redes, audio, video y seguridad para empresas en Tecámac.","Proveedor de Infraestructura Tecnológica en Tecámac | Blegam Corp","Blegam Corp es tu Proveedor de infraestructura tecnológica en Tecámac. Implementamos redes, cableado estructurado, soluciones IT, audio, video, seguridad electrónica, control de acceso y videovigilancia para empresas e instituciones. Solicita una cotización.","https://wa.me/525517390097?text=SW-%20Hola%20quisiera%20m%C3%A1s%20informaci%C3%B3n%20de%20sus%20servicios%20de%20Proveedor%20de%20infraestructura%20tecnol%C3%B3gica%20en%20Tecámac.","Proveedor de Infraestructura Tecnológica para Empresas","Tecámac","Estado de México","305cc041-d63d-40f6-b3a6-45dc3551386b",2026-06-26T21:33:56Z,2026-06-26T21:35:40Z,"45119e62-fb47-42df-8e3f-62a36597ee45"
"Proveedor de infraestructura tecnológica en Tepic","proveedor-infraestructura-tecnologica-tepic","Proveedor de Infraestructura Tecnológica para Empresas en Tepic","Implementamos infraestructura tecnológica, redes, audio, video y seguridad para empresas en Tepic.","Proveedor de Infraestructura Tecnológica en Tepic | Blegam Corp","Blegam Corp es tu Proveedor de infraestructura tecnológica en Tepic. Implementamos redes, cableado estructurado, soluciones IT, audio, video, seguridad electrónica, control de acceso y videovigilancia para empresas e instituciones. Solicita una cotización.","https://wa.me/525517390097?text=SW-%20Hola%20quisiera%20m%C3%A1s%20informaci%C3%B3n%20de%20sus%20servicios%20de%20Proveedor%20de%20infraestructura%20tecnol%C3%B3gica%20en%20Tepic.","Proveedor de Infraestructura Tecnológica para Empresas","Tepic","Nayarit","31a08974-938b-4f21-9c10-2c8fec5ec23b",2026-06-26T21:33:56Z,2026-06-26T21:35:40Z,"45119e62-fb47-42df-8e3f-62a36597ee45"
"Proveedor de infraestructura tecnológica en Emiliano Zapata","proveedor-infraestructura-tecnologica-emiliano-zapata","Proveedor de Infraestructura Tecnológica para Empresas en Emiliano Zapata","Implementamos infraestructura tecnológica, redes, audio, video y seguridad para empresas en Emiliano Zapata.","Proveedor de Infraestructura Tecnológica en Emiliano Zapata | Blegam Corp","Blegam Corp es tu Proveedor de infraestructura tecnológica en Emiliano Zapata. Implementamos redes, cableado estructurado, soluciones IT, audio, video, seguridad electrónica, control de acceso y videovigilancia para empresas e instituciones. Solicita una cotización.","https://wa.me/525517390097?text=SW-%20Hola%20quisiera%20m%C3%A1s%20informaci%C3%B3n%20de%20sus%20servicios%20de%20Proveedor%20de%20infraestructura%20tecnol%C3%B3gica%20en%20Emiliano%20Zapata.","Proveedor de Infraestructura Tecnológica para Empresas","Emiliano Zapata","Morelos","35e80920-9ee5-40c5-ac8a-4147f3d5bf9b",2026-06-26T21:33:56Z,2026-06-26T21:35:40Z,"45119e62-fb47-42df-8e3f-62a36597ee45"
"Proveedor de infraestructura tecnológica en La Rioja, Nuevo León","proveedor-infraestructura-tecnologica-la-rioja-nuevo-leon","Proveedor de Infraestructura Tecnológica para Empresas en La Rioja, Nuevo León","Implementamos infraestructura tecnológica, redes, audio, video y seguridad para empresas en La Rioja, Nuevo León.","Proveedor de Infraestructura Tecnológica en La Rioja, Nuevo León | Blegam Corp","Blegam Corp es tu Proveedor de infraestructura tecnológica en La Rioja, Nuevo León. Implementamos redes, cableado estructurado, soluciones IT, audio, video, seguridad electrónica, control de acceso y videovigilancia para empresas e instituciones. Solicita una cotización.","https://wa.me/525517390097?text=SW-%20Hola%20quisiera%20m%C3%A1s%20informaci%C3%B3n%20de%20sus%20servicios%20de%20Proveedor%20de%20infraestructura%20tecnol%C3%B3gica%20en%20La%20Rioja%2C%20Nuevo%20León.","Proveedor de Infraestructura Tecnológica para Empresas","La Rioja","Nuevo León","36ff20e6-25f6-4a23-8fe9-24df6c104c14",2026-06-26T21:33:56Z,2026-06-26T21:35:40Z,"45119e62-fb47-42df-8e3f-62a36597ee45"
"Proveedor de infraestructura tecnológica en Escobedo","proveedor-infraestructura-tecnologica-escobedo","Proveedor de Infraestructura Tecnológica para Empresas en Escobedo","Implementamos infraestructura tecnológica, redes, audio, video y seguridad para empresas en Escobedo.","Proveedor de Infraestructura Tecnológica en Escobedo | Blegam Corp","Blegam Corp es tu Proveedor de infraestructura tecnológica en Escobedo. Implementamos redes, cableado estructurado, soluciones IT, audio, video, seguridad electrónica, control de acceso y videovigilancia para empresas e instituciones. Solicita una cotización.","https://wa.me/525517390097?text=SW-%20Hola%20quisiera%20m%C3%A1s%20informaci%C3%B3n%20de%20sus%20servicios%20de%20Proveedor%20de%20infraestructura%20tecnol%C3%B3gica%20en%20Escobedo.","Proveedor de Infraestructura Tecnológica para Empresas","Escobedo","Nuevo León","39f4d9bd-477d-476c-9745-a30d41266199",2026-06-26T21:33:56Z,2026-06-26T21:35:40Z,"45119e62-fb47-42df-8e3f-62a36597ee45"
"Proveedor de infraestructura tecnológica en Nezahualcóyotl","proveedor-infraestructura-tecnologica-nezahualcoyotl","Proveedor de Infraestructura Tecnológica para Empresas en Nezahualcóyotl","Implementamos infraestructura tecnológica, redes, audio, video y seguridad para empresas en Nezahualcóyotl.","Proveedor de Infraestructura Tecnológica en Nezahualcóyotl | Blegam Corp","Blegam Corp es tu Proveedor de infraestructura tecnológica en Nezahualcóyotl. Implementamos redes, cableado estructurado, soluciones IT, audio, video, seguridad electrónica, control de acceso y videovigilancia para empresas e instituciones. Solicita una cotización.","https://wa.me/525517390097?text=SW-%20Hola%20quisiera%20m%C3%A1s%20informaci%C3%B3n%20de%20sus%20servicios%20de%20Proveedor%20de%20infraestructura%20tecnol%C3%B3gica%20en%20Nezahualcóyotl.","Proveedor de Infraestructura Tecnológica para Empresas","Nezahualcóyotl","Estado de México","3a6d4573-8023-4c56-a3ce-bc2730615b6c",2026-06-26T21:33:56Z,2026-06-26T21:35:40Z,"45119e62-fb47-42df-8e3f-62a36597ee45"
"Proveedor de infraestructura tecnológica en Cuautla","proveedor-infraestructura-tecnologica-cuautla","Proveedor de Infraestructura Tecnológica para Empresas en Cuautla","Implementamos infraestructura tecnológica, redes, audio, video y seguridad para empresas en Cuautla.","Proveedor de Infraestructura Tecnológica en Cuautla | Blegam Corp","Blegam Corp es tu Proveedor de infraestructura tecnológica en Cuautla. Implementamos redes, cableado estructurado, soluciones IT, audio, video, seguridad electrónica, control de acceso y videovigilancia para empresas e instituciones. Solicita una cotización.","https://wa.me/525517390097?text=SW-%20Hola%20quisiera%20m%C3%A1s%20informaci%C3%B3n%20de%20sus%20servicios%20de%20Proveedor%20de%20infraestructura%20tecnol%C3%B3gica%20en%20Cuautla.","Proveedor de Infraestructura Tecnológica para Empresas","Cuautla","Morelos","3a8a55f7-d1df-4a8c-8acb-cbd201e4135a",2026-06-26T21:33:56Z,2026-06-26T21:35:40Z,"45119e62-fb47-42df-8e3f-62a36597ee45"
"Proveedor de infraestructura tecnológica en Lomas del Valle, Nuevo León","proveedor-infraestructura-tecnologica-lomas-del-valle-nuevo-leon","Proveedor de Infraestructura Tecnológica para Empresas en Lomas del Valle, Nuevo León","Implementamos infraestructura tecnológica, redes, audio, video y seguridad para empresas en Lomas del Valle, Nuevo León.","Proveedor de Infraestructura Tecnológica en Lomas del Valle, Nuevo León | Blegam Corp","Blegam Corp es tu Proveedor de infraestructura tecnológica en Lomas del Valle, Nuevo León. Implementamos redes, cableado estructurado, soluciones IT, audio, video, seguridad electrónica, control de acceso y videovigilancia para empresas e instituciones. Solicita una cotización.","https://wa.me/525517390097?text=SW-%20Hola%20quisiera%20m%C3%A1s%20informaci%C3%B3n%20de%20sus%20servicios%20de%20Proveedor%20de%20infraestructura%20tecnol%C3%B3gica%20en%20Lomas%20del%20Valle%2C%20Nuevo%20León.","Proveedor de Infraestructura Tecnológica para Empresas","Lomas del Valle","Nuevo León","3c804276-90d3-485a-a776-c5f1a72fa3ea",2026-06-26T21:33:56Z,2026-06-26T21:35:40Z,"45119e62-fb47-42df-8e3f-62a36597ee45"
"Proveedor de infraestructura tecnológica en Monraz, Jalisco","proveedor-infraestructura-tecnologica-monraz-jalisco","Proveedor de Infraestructura Tecnológica para Empresas en Monraz, Jalisco","Implementamos infraestructura tecnológica, redes, audio, video y seguridad para empresas en Monraz, Jalisco.","Proveedor de Infraestructura Tecnológica en Monraz, Jalisco | Blegam Corp","Blegam Corp es tu Proveedor de infraestructura tecnológica en Monraz, Jalisco. Implementamos redes, cableado estructurado, soluciones IT, audio, video, seguridad electrónica, control de acceso y videovigilancia para empresas e instituciones. Solicita una cotización.","https://wa.me/525517390097?text=SW-%20Hola%20quisiera%20m%C3%A1s%20informaci%C3%B3n%20de%20sus%20servicios%20de%20Proveedor%20de%20infraestructura%20tecnol%C3%B3gica%20en%20Monraz%2C%20Jalisco.","Proveedor de Infraestructura Tecnológica para Empresas","Monraz","Jalisco","3cb20d81-9a23-4a5b-a914-6b89b8518063",2026-06-26T21:33:56Z,2026-06-26T21:35:40Z,"45119e62-fb47-42df-8e3f-62a36597ee45"
"Proveedor de infraestructura tecnológica en Gómez Palacio","proveedor-infraestructura-tecnologica-gomez-palacio","Proveedor de Infraestructura Tecnológica para Empresas en Gómez Palacio","Implementamos infraestructura tecnológica, redes, audio, video y seguridad para empresas en Gómez Palacio.","Proveedor de Infraestructura Tecnológica en Gómez Palacio | Blegam Corp","Blegam Corp es tu Proveedor de infraestructura tecnológica en Gómez Palacio. Implementamos redes, cableado estructurado, soluciones IT, audio, video, seguridad electrónica, control de acceso y videovigilancia para empresas e instituciones. Solicita una cotización.","https://wa.me/525517390097?text=SW-%20Hola%20quisiera%20m%C3%A1s%20informaci%C3%B3n%20de%20sus%20servicios%20de%20Proveedor%20de%20infraestructura%20tecnol%C3%B3gica%20en%20Gómez%20Palacio.","Proveedor de Infraestructura Tecnológica para Empresas","Gómez Palacio","Durango","3d82c752-6d45-48cc-9f12-ee6c701b0bbd",2026-06-26T21:33:56Z,2026-06-26T21:35:40Z,"45119e62-fb47-42df-8e3f-62a36597ee45"
"Proveedor de infraestructura tecnológica en Chetumal","proveedor-infraestructura-tecnologica-chetumal","Proveedor de Infraestructura Tecnológica para Empresas en Chetumal","Implementamos infraestructura tecnológica, redes, audio, video y seguridad para empresas en Chetumal.","Proveedor de Infraestructura Tecnológica en Chetumal | Blegam Corp","Blegam Corp es tu Proveedor de infraestructura tecnológica en Chetumal. Implementamos redes, cableado estructurado, soluciones IT, audio, video, seguridad electrónica, control de acceso y videovigilancia para empresas e instituciones. Solicita una cotización.","https://wa.me/525517390097?text=SW-%20Hola%20quisiera%20m%C3%A1s%20informaci%C3%B3n%20de%20sus%20servicios%20de%20Proveedor%20de%20infraestructura%20tecnol%C3%B3gica%20en%20Chetumal.","Proveedor de Infraestructura Tecnológica para Empresas","Chetumal","Quintana Roo","4052f9c3-5bcd-4a4b-9d9b-cfff7a379455",2026-06-26T21:33:56Z,2026-06-26T21:35:40Z,"45119e62-fb47-42df-8e3f-62a36597ee45"
"Proveedor de infraestructura tecnológica en Escandón, Ciudad de México","proveedor-infraestructura-tecnologica-escandon-ciudad-de-mexico","Proveedor de Infraestructura Tecnológica para Empresas en Escandón, Ciudad de México","Implementamos infraestructura tecnológica, redes, audio, video y seguridad para empresas en Escandón, Ciudad de México.","Proveedor de Infraestructura Tecnológica en Escandón, Ciudad de México | Blegam Corp","Blegam Corp es tu Proveedor de infraestructura tecnológica en Escandón, Ciudad de México. Implementamos redes, cableado estructurado, soluciones IT, audio, video, seguridad electrónica, control de acceso y videovigilancia para empresas e instituciones. Solicita una cotización.","https://wa.me/525517390097?text=SW-%20Hola%20quisiera%20m%C3%A1s%20informaci%C3%B3n%20de%20sus%20servicios%20de%20Proveedor%20de%20infraestructura%20tecnol%C3%B3gica%20en%20Escandón%2C%20Ciudad%20de%20México.","Proveedor de Infraestructura Tecnológica para Empresas","Escandón","Ciudad de México","41b99bd7-7a24-4324-b463-54e0761fc071",2026-06-26T21:33:56Z,2026-06-26T21:35:40Z,"45119e62-fb47-42df-8e3f-62a36597ee45"
"Proveedor de infraestructura tecnológica en Monterrey","proveedor-infraestructura-tecnologica-monterrey","Proveedor de Infraestructura Tecnológica para Empresas en Monterrey","Implementamos infraestructura tecnológica, redes, audio, video y seguridad para empresas en Monterrey.","Proveedor de Infraestructura Tecnológica en Monterrey | Blegam Corp","Blegam Corp es tu Proveedor de infraestructura tecnológica en Monterrey. Implementamos redes, cableado estructurado, soluciones IT, audio, video, seguridad electrónica, control de acceso y videovigilancia para empresas e instituciones. Solicita una cotización.","https://wa.me/525517390097?text=SW-%20Hola%20quisiera%20m%C3%A1s%20informaci%C3%B3n%20de%20sus%20servicios%20de%20Proveedor%20de%20infraestructura%20tecnol%C3%B3gica%20en%20Monterrey.","Proveedor de Infraestructura Tecnológica para Empresas","Monterrey","Nuevo León","41c7e940-196c-4ac9-a7c3-33cec07a26b4",2026-06-26T21:33:56Z,2026-06-26T21:35:40Z,"45119e62-fb47-42df-8e3f-62a36597ee45"
"Proveedor de infraestructura tecnológica en Pachuca","proveedor-infraestructura-tecnologica-pachuca","Proveedor de Infraestructura Tecnológica para Empresas en Pachuca","Implementamos infraestructura tecnológica, redes, audio, video y seguridad para empresas en Pachuca.","Proveedor de Infraestructura Tecnológica en Pachuca | Blegam Corp","Blegam Corp es tu Proveedor de infraestructura tecnológica en Pachuca. Implementamos redes, cableado estructurado, soluciones IT, audio, video, seguridad electrónica, control de acceso y videovigilancia para empresas e instituciones. Solicita una cotización.","https://wa.me/525517390097?text=SW-%20Hola%20quisiera%20m%C3%A1s%20informaci%C3%B3n%20de%20sus%20servicios%20de%20Proveedor%20de%20infraestructura%20tecnol%C3%B3gica%20en%20Pachuca.","Proveedor de Infraestructura Tecnológica para Empresas","Pachuca","Hidalgo","42c9d5ad-2073-4655-b574-33fa2477e7a1",2026-06-26T21:33:56Z,2026-06-26T21:35:40Z,"45119e62-fb47-42df-8e3f-62a36597ee45"
"Proveedor de infraestructura tecnológica en Ixtapa Zihuatanejo","proveedor-infraestructura-tecnologica-ixtapa-zihuatanejo","Proveedor de Infraestructura Tecnológica para Empresas en Ixtapa Zihuatanejo","Implementamos infraestructura tecnológica, redes, audio, video y seguridad para empresas en Ixtapa Zihuatanejo.","Proveedor de Infraestructura Tecnológica en Ixtapa Zihuatanejo | Blegam Corp","Blegam Corp es tu Proveedor de infraestructura tecnológica en Ixtapa Zihuatanejo. Implementamos redes, cableado estructurado, soluciones IT, audio, video, seguridad electrónica, control de acceso y videovigilancia para empresas e instituciones. Solicita una cotización.","https://wa.me/525517390097?text=SW-%20Hola%20quisiera%20m%C3%A1s%20informaci%C3%B3n%20de%20sus%20servicios%20de%20Proveedor%20de%20infraestructura%20tecnol%C3%B3gica%20en%20Ixtapa%20Zihuatanejo.","Proveedor de Infraestructura Tecnológica para Empresas","Ixtapa Zihuatanejo","Guerrero","4305d3aa-859f-4e62-829f-a93de948dcac",2026-06-26T21:33:56Z,2026-06-26T21:35:40Z,"45119e62-fb47-42df-8e3f-62a36597ee45"
"Proveedor de infraestructura tecnológica en Xalapa","proveedor-infraestructura-tecnologica-xalapa","Proveedor de Infraestructura Tecnológica para Empresas en Xalapa","Implementamos infraestructura tecnológica, redes, audio, video y seguridad para empresas en Xalapa.","Proveedor de Infraestructura Tecnológica en Xalapa | Blegam Corp","Blegam Corp es tu Proveedor de infraestructura tecnológica en Xalapa. Implementamos redes, cableado estructurado, soluciones IT, audio, video, seguridad electrónica, control de acceso y videovigilancia para empresas e instituciones. Solicita una cotización.","https://wa.me/525517390097?text=SW-%20Hola%20quisiera%20m%C3%A1s%20informaci%C3%B3n%20de%20sus%20servicios%20de%20Proveedor%20de%20infraestructura%20tecnol%C3%B3gica%20en%20Xalapa.","Proveedor de Infraestructura Tecnológica para Empresas","Xalapa","Veracruz","4445a9ee-78bd-4a7c-826d-b943a5325242",2026-06-26T21:33:56Z,2026-06-26T21:35:40Z,"45119e62-fb47-42df-8e3f-62a36597ee45"
"Proveedor de infraestructura tecnológica en Sinaloa","proveedor-infraestructura-tecnologica-sinaloa","Proveedor de Infraestructura Tecnológica para Empresas en Sinaloa","Implementamos infraestructura tecnológica, redes, audio, video y seguridad para empresas en Sinaloa.","Proveedor de Infraestructura Tecnológica en Sinaloa | Blegam Corp","Blegam Corp es tu Proveedor de infraestructura tecnológica en Sinaloa. Implementamos redes, cableado estructurado, soluciones IT, audio, video, seguridad electrónica, control de acceso y videovigilancia para empresas e instituciones. Solicita una cotización.","https://wa.me/525517390097?text=SW-%20Hola%20quisiera%20m%C3%A1s%20informaci%C3%B3n%20de%20sus%20servicios%20de%20Proveedor%20de%20infraestructura%20tecnol%C3%B3gica%20en%20Sinaloa.","Proveedor de Infraestructura Tecnológica para Empresas","Sinaloa","Sinaloa","44870b82-1187-4c55-862a-d8851b509e35",2026-06-26T21:33:56Z,2026-06-26T21:35:40Z,"45119e62-fb47-42df-8e3f-62a36597ee45"
"Proveedor de infraestructura tecnológica en Ensenada","proveedor-infraestructura-tecnologica-ensenada","Proveedor de Infraestructura Tecnológica para Empresas en Ensenada","Implementamos infraestructura tecnológica, redes, audio, video y seguridad para empresas en Ensenada.","Proveedor de Infraestructura Tecnológica en Ensenada | Blegam Corp","Blegam Corp es tu Proveedor de infraestructura tecnológica en Ensenada. Implementamos redes, cableado estructurado, soluciones IT, audio, video, seguridad electrónica, control de acceso y videovigilancia para empresas e instituciones. Solicita una cotización.","https://wa.me/525517390097?text=SW-%20Hola%20quisiera%20m%C3%A1s%20informaci%C3%B3n%20de%20sus%20servicios%20de%20Proveedor%20de%20infraestructura%20tecnol%C3%B3gica%20en%20Ensenada.","Proveedor de Infraestructura Tecnológica para Empresas","Ensenada","Baja California","469efa72-ba1d-43a2-acc6-413bdf6cbc89",2026-06-26T21:33:56Z,2026-06-26T21:35:40Z,"45119e62-fb47-42df-8e3f-62a36597ee45"
"Proveedor de infraestructura tecnológica en Saltillo","proveedor-infraestructura-tecnologica-saltillo","Proveedor de Infraestructura Tecnológica para Empresas en Saltillo","Implementamos infraestructura tecnológica, redes, audio, video y seguridad para empresas en Saltillo.","Proveedor de Infraestructura Tecnológica en Saltillo | Blegam Corp","Blegam Corp es tu Proveedor de infraestructura tecnológica en Saltillo. Implementamos redes, cableado estructurado, soluciones IT, audio, video, seguridad electrónica, control de acceso y videovigilancia para empresas e instituciones. Solicita una cotización.","https://wa.me/525517390097?text=SW-%20Hola%20quisiera%20m%C3%A1s%20informaci%C3%B3n%20de%20sus%20servicios%20de%20Proveedor%20de%20infraestructura%20tecnol%C3%B3gica%20en%20Saltillo.","Proveedor de Infraestructura Tecnológica para Empresas","Saltillo","Coahuila","4ac4f2cf-044e-4ae7-b3b0-a7566d9b61c1",2026-06-26T21:33:56Z,2026-06-26T21:35:40Z,"45119e62-fb47-42df-8e3f-62a36597ee45"
"Proveedor de infraestructura tecnológica en Fresnillo","proveedor-infraestructura-tecnologica-fresnillo","Proveedor de Infraestructura Tecnológica para Empresas en Fresnillo","Implementamos infraestructura tecnológica, redes, audio, video y seguridad para empresas en Fresnillo.","Proveedor de Infraestructura Tecnológica en Fresnillo | Blegam Corp","Blegam Corp es tu Proveedor de infraestructura tecnológica en Fresnillo. Implementamos redes, cableado estructurado, soluciones IT, audio, video, seguridad electrónica, control de acceso y videovigilancia para empresas e instituciones. Solicita una cotización.","https://wa.me/525517390097?text=SW-%20Hola%20quisiera%20m%C3%A1s%20informaci%C3%B3n%20de%20sus%20servicios%20de%20Proveedor%20de%20infraestructura%20tecnol%C3%B3gica%20en%20Fresnillo.","Proveedor de Infraestructura Tecnológica para Empresas","Fresnillo","Zacatecas","4b16430c-df73-49aa-a854-763652fa3f8a",2026-06-26T21:33:56Z,2026-06-26T21:35:40Z,"45119e62-fb47-42df-8e3f-62a36597ee45"
"Proveedor de infraestructura tecnológica en Valladolid","proveedor-infraestructura-tecnologica-valladolid","Proveedor de Infraestructura Tecnológica para Empresas en Valladolid","Implementamos infraestructura tecnológica, redes, audio, video y seguridad para empresas en Valladolid.","Proveedor de Infraestructura Tecnológica en Valladolid | Blegam Corp","Blegam Corp es tu Proveedor de infraestructura tecnológica en Valladolid. Implementamos redes, cableado estructurado, soluciones IT, audio, video, seguridad electrónica, control de acceso y videovigilancia para empresas e instituciones. Solicita una cotización.","https://wa.me/525517390097?text=SW-%20Hola%20quisiera%20m%C3%A1s%20informaci%C3%B3n%20de%20sus%20servicios%20de%20Proveedor%20de%20infraestructura%20tecnol%C3%B3gica%20en%20Valladolid.","Proveedor de Infraestructura Tecnológica para Empresas","Valladolid","Yucatán","4b607871-3fb2-4aa0-9b18-df3af2fe43e9",2026-06-26T21:33:56Z,2026-06-26T21:35:40Z,"45119e62-fb47-42df-8e3f-62a36597ee45"
"Proveedor de infraestructura tecnológica en Tláhuac","proveedor-infraestructura-tecnologica-tlahuac","Proveedor de Infraestructura Tecnológica para Empresas en Tláhuac","Implementamos infraestructura tecnológica, redes, audio, video y seguridad para empresas en Tláhuac.","Proveedor de Infraestructura Tecnológica en Tláhuac | Blegam Corp","Blegam Corp es tu Proveedor de infraestructura tecnológica en Tláhuac. Implementamos redes, cableado estructurado, soluciones IT, audio, video, seguridad electrónica, control de acceso y videovigilancia para empresas e instituciones. Solicita una cotización.","https://wa.me/525517390097?text=SW-%20Hola%20quisiera%20m%C3%A1s%20informaci%C3%B3n%20de%20sus%20servicios%20de%20Proveedor%20de%20infraestructura%20tecnol%C3%B3gica%20en%20Tláhuac.","Proveedor de Infraestructura Tecnológica para Empresas","Tláhuac","Ciudad de México","4b742a9a-5b2b-4316-ae98-15d4cc09b979",2026-06-26T21:33:56Z,2026-06-26T21:35:40Z,"45119e62-fb47-42df-8e3f-62a36597ee45"
"Proveedor de infraestructura tecnológica en Ciudad Granja, Jalisco","proveedor-infraestructura-tecnologica-ciudad-granja-jalisco","Proveedor de Infraestructura Tecnológica para Empresas en Ciudad Granja, Jalisco","Implementamos infraestructura tecnológica, redes, audio, video y seguridad para empresas en Ciudad Granja, Jalisco.","Proveedor de Infraestructura Tecnológica en Ciudad Granja, Jalisco | Blegam Corp","Blegam Corp es tu Proveedor de infraestructura tecnológica en Ciudad Granja, Jalisco. Implementamos redes, cableado estructurado, soluciones IT, audio, video, seguridad electrónica, control de acceso y videovigilancia para empresas e instituciones. Solicita una cotización.","https://wa.me/525517390097?text=SW-%20Hola%20quisiera%20m%C3%A1s%20informaci%C3%B3n%20de%20sus%20servicios%20de%20Proveedor%20de%20infraestructura%20tecnol%C3%B3gica%20en%20Ciudad%20Granja%2C%20Jalisco.","Proveedor de Infraestructura Tecnológica para Empresas","Ciudad Granja","Jalisco","4dcc474c-d4be-4ba8-9218-ae4762f74e27",2026-06-26T21:33:56Z,2026-06-26T21:35:40Z,"45119e62-fb47-42df-8e3f-62a36597ee45"
"Proveedor de infraestructura tecnológica en Carretera Nacional, Nuevo León","proveedor-infraestructura-tecnologica-carretera-nacional-nuevo-leon","Proveedor de Infraestructura Tecnológica para Empresas en Carretera Nacional, Nuevo León","Implementamos infraestructura tecnológica, redes, audio, video y seguridad para empresas en Carretera Nacional, Nuevo León.","Proveedor de Infraestructura Tecnológica en Carretera Nacional, Nuevo León | Blegam Corp","Blegam Corp es tu Proveedor de infraestructura tecnológica en Carretera Nacional, Nuevo León. Implementamos redes, cableado estructurado, soluciones IT, audio, video, seguridad electrónica, control de acceso y videovigilancia para empresas e instituciones. Solicita una cotización.","https://wa.me/525517390097?text=SW-%20Hola%20quisiera%20m%C3%A1s%20informaci%C3%B3n%20de%20sus%20servicios%20de%20Proveedor%20de%20infraestructura%20tecnol%C3%B3gica%20en%20Carretera%20Nacional%2C%20Nuevo%20León.","Proveedor de Infraestructura Tecnológica para Empresas","Carretera Nacional","Nuevo León","4df652e8-b60a-426c-830f-17e6275de74c",2026-06-26T21:33:56Z,2026-06-26T21:35:40Z,"45119e62-fb47-42df-8e3f-62a36597ee45"
"Proveedor de infraestructura tecnológica en Tepatitlán","proveedor-infraestructura-tecnologica-tepatitlan","Proveedor de Infraestructura Tecnológica para Empresas en Tepatitlán","Implementamos infraestructura tecnológica, redes, audio, video y seguridad para empresas en Tepatitlán.","Proveedor de Infraestructura Tecnológica en Tepatitlán | Blegam Corp","Blegam Corp es tu Proveedor de infraestructura tecnológica en Tepatitlán. Implementamos redes, cableado estructurado, soluciones IT, audio, video, seguridad electrónica, control de acceso y videovigilancia para empresas e instituciones. Solicita una cotización.","https://wa.me/525517390097?text=SW-%20Hola%20quisiera%20m%C3%A1s%20informaci%C3%B3n%20de%20sus%20servicios%20de%20Proveedor%20de%20infraestructura%20tecnol%C3%B3gica%20en%20Tepatitlán.","Proveedor de Infraestructura Tecnológica para Empresas","Tepatitlán","Jalisco","4f949e72-1afc-4667-b398-fd62ff46f48a",2026-06-26T21:33:56Z,2026-06-26T21:35:40Z,"45119e62-fb47-42df-8e3f-62a36597ee45"
"Proveedor de infraestructura tecnológica en San Juan del Río","proveedor-infraestructura-tecnologica-san-juan-del-rio","Proveedor de Infraestructura Tecnológica para Empresas en San Juan del Río","Implementamos infraestructura tecnológica, redes, audio, video y seguridad para empresas en San Juan del Río.","Proveedor de Infraestructura Tecnológica en San Juan del Río | Blegam Corp","Blegam Corp es tu Proveedor de infraestructura tecnológica en San Juan del Río. Implementamos redes, cableado estructurado, soluciones IT, audio, video, seguridad electrónica, control de acceso y videovigilancia para empresas e instituciones. Solicita una cotización.","https://wa.me/525517390097?text=SW-%20Hola%20quisiera%20m%C3%A1s%20informaci%C3%B3n%20de%20sus%20servicios%20de%20Proveedor%20de%20infraestructura%20tecnol%C3%B3gica%20en%20San%20Juan%20del%20Río.","Proveedor de Infraestructura Tecnológica para Empresas","San Juan del Río","Querétaro","508a14dc-6569-4824-975e-05033daa315f",2026-06-26T21:33:56Z,2026-06-26T21:35:40Z,"45119e62-fb47-42df-8e3f-62a36597ee45"
"Proveedor de infraestructura tecnológica en Contadero, Ciudad de México","proveedor-infraestructura-tecnologica-contadero-ciudad-de-mexico","Proveedor de Infraestructura Tecnológica para Empresas en Contadero, Ciudad de México","Implementamos infraestructura tecnológica, redes, audio, video y seguridad para empresas en Contadero, Ciudad de México.","Proveedor de Infraestructura Tecnológica en Contadero, Ciudad de México | Blegam Corp","Blegam Corp es tu Proveedor de infraestructura tecnológica en Contadero, Ciudad de México. Implementamos redes, cableado estructurado, soluciones IT, audio, video, seguridad electrónica, control de acceso y videovigilancia para empresas e instituciones. Solicita una cotización.","https://wa.me/525517390097?text=SW-%20Hola%20quisiera%20m%C3%A1s%20informaci%C3%B3n%20de%20sus%20servicios%20de%20Proveedor%20de%20infraestructura%20tecnol%C3%B3gica%20en%20Contadero%2C%20Ciudad%20de%20México.","Proveedor de Infraestructura Tecnológica para Empresas","Contadero","Ciudad de México","50d8bb40-f344-4c5c-9f55-f71a65a5ef81",2026-06-26T21:33:56Z,2026-06-26T21:35:40Z,"45119e62-fb47-42df-8e3f-62a36597ee45"
"Proveedor de infraestructura tecnológica en Solares, Jalisco","proveedor-infraestructura-tecnologica-solares-jalisco","Proveedor de Infraestructura Tecnológica para Empresas en Solares, Jalisco","Implementamos infraestructura tecnológica, redes, audio, video y seguridad para empresas en Solares, Jalisco.","Proveedor de Infraestructura Tecnológica en Solares, Jalisco | Blegam Corp","Blegam Corp es tu Proveedor de infraestructura tecnológica en Solares, Jalisco. Implementamos redes, cableado estructurado, soluciones IT, audio, video, seguridad electrónica, control de acceso y videovigilancia para empresas e instituciones. Solicita una cotización.","https://wa.me/525517390097?text=SW-%20Hola%20quisiera%20m%C3%A1s%20informaci%C3%B3n%20de%20sus%20servicios%20de%20Proveedor%20de%20infraestructura%20tecnol%C3%B3gica%20en%20Solares%2C%20Jalisco.","Proveedor de Infraestructura Tecnológica para Empresas","Solares","Jalisco","54ab7455-803a-455d-a5fd-4232d3a51ed9",2026-06-26T21:33:56Z,2026-06-26T21:35:40Z,"45119e62-fb47-42df-8e3f-62a36597ee45"
"Proveedor de infraestructura tecnológica en La Paz","proveedor-infraestructura-tecnologica-la-paz","Proveedor de Infraestructura Tecnológica para Empresas en La Paz","Implementamos infraestructura tecnológica, redes, audio, video y seguridad para empresas en La Paz.","Proveedor de Infraestructura Tecnológica en La Paz | Blegam Corp","Blegam Corp es tu Proveedor de infraestructura tecnológica en La Paz. Implementamos redes, cableado estructurado, soluciones IT, audio, video, seguridad electrónica, control de acceso y videovigilancia para empresas e instituciones. Solicita una cotización.","https://wa.me/525517390097?text=SW-%20Hola%20quisiera%20m%C3%A1s%20informaci%C3%B3n%20de%20sus%20servicios%20de%20Proveedor%20de%20infraestructura%20tecnol%C3%B3gica%20en%20La%20Paz.","Proveedor de Infraestructura Tecnológica para Empresas","La Paz","Baja California Sur","56a7e404-63a6-42e4-83ca-20858578a136",2026-06-26T21:33:56Z,2026-06-26T21:35:40Z,"45119e62-fb47-42df-8e3f-62a36597ee45"
"Proveedor de infraestructura tecnológica en Jardines del Pedregal, Ciudad de México","proveedor-infraestructura-tecnologica-jardines-del-pedregal-ciudad-de-mexico","Proveedor de Infraestructura Tecnológica para Empresas en Jardines del Pedregal, Ciudad de México","Implementamos infraestructura tecnológica, redes, audio, video y seguridad para empresas en Jardines del Pedregal, Ciudad de México.","Proveedor de Infraestructura Tecnológica en Jardines del Pedregal, Ciudad de México | Blegam Corp","Blegam Corp es tu Proveedor de infraestructura tecnológica en Jardines del Pedregal, Ciudad de México. Implementamos redes, cableado estructurado, soluciones IT, audio, video, seguridad electrónica, control de acceso y videovigilancia para empresas e instituciones. Solicita una cotización.","https://wa.me/525517390097?text=SW-%20Hola%20quisiera%20m%C3%A1s%20informaci%C3%B3n%20de%20sus%20servicios%20de%20Proveedor%20de%20infraestructura%20tecnol%C3%B3gica%20en%20Jardines%20del%20Pedregal%2C%20Ciudad%20de%20México.","Proveedor de Infraestructura Tecnológica para Empresas","Jardines del Pedregal","Ciudad de México","56dfcc5b-aade-4a5c-af73-666c20d6289f",2026-06-26T21:33:56Z,2026-06-26T21:35:40Z,"45119e62-fb47-42df-8e3f-62a36597ee45"
"Proveedor de infraestructura tecnológica en Hipódromo Condesa, Ciudad de México","proveedor-infraestructura-tecnologica-hipodromo-condesa-ciudad-de-mexico","Proveedor de Infraestructura Tecnológica para Empresas en Hipódromo Condesa, Ciudad de México","Implementamos infraestructura tecnológica, redes, audio, video y seguridad para empresas en Hipódromo Condesa, Ciudad de México.","Proveedor de Infraestructura Tecnológica en Hipódromo Condesa, Ciudad de México | Blegam Corp","Blegam Corp es tu Proveedor de infraestructura tecnológica en Hipódromo Condesa, Ciudad de México. Implementamos redes, cableado estructurado, soluciones IT, audio, video, seguridad electrónica, control de acceso y videovigilancia para empresas e instituciones. Solicita una cotización.","https://wa.me/525517390097?text=SW-%20Hola%20quisiera%20m%C3%A1s%20informaci%C3%B3n%20de%20sus%20servicios%20de%20Proveedor%20de%20infraestructura%20tecnol%C3%B3gica%20en%20Hipódromo%20Condesa%2C%20Ciudad%20de%20México.","Proveedor de Infraestructura Tecnológica para Empresas","Hipódromo Condesa","Ciudad de México","56e282de-10a5-4e88-bf1d-38bf0371582f",2026-06-26T21:33:56Z,2026-06-26T21:35:40Z,"45119e62-fb47-42df-8e3f-62a36597ee45"
"Proveedor de infraestructura tecnológica en Amozoc","proveedor-infraestructura-tecnologica-amozoc","Proveedor de Infraestructura Tecnológica para Empresas en Amozoc","Implementamos infraestructura tecnológica, redes, audio, video y seguridad para empresas en Amozoc.","Proveedor de Infraestructura Tecnológica en Amozoc | Blegam Corp","Blegam Corp es tu Proveedor de infraestructura tecnológica en Amozoc. Implementamos redes, cableado estructurado, soluciones IT, audio, video, seguridad electrónica, control de acceso y videovigilancia para empresas e instituciones. Solicita una cotización.","https://wa.me/525517390097?text=SW-%20Hola%20quisiera%20m%C3%A1s%20informaci%C3%B3n%20de%20sus%20servicios%20de%20Proveedor%20de%20infraestructura%20tecnol%C3%B3gica%20en%20Amozoc.","Proveedor de Infraestructura Tecnológica para Empresas","Amozoc","Puebla","57f0bf11-b719-47fa-be01-306e7d57b0c0",2026-06-26T21:33:56Z,2026-06-26T21:35:40Z,"45119e62-fb47-42df-8e3f-62a36597ee45"
"Proveedor de infraestructura tecnológica en El Marqués","proveedor-infraestructura-tecnologica-el-marques","Proveedor de Infraestructura Tecnológica para Empresas en El Marqués","Implementamos infraestructura tecnológica, redes, audio, video y seguridad para empresas en El Marqués.","Proveedor de Infraestructura Tecnológica en El Marqués | Blegam Corp","Blegam Corp es tu Proveedor de infraestructura tecnológica en El Marqués. Implementamos redes, cableado estructurado, soluciones IT, audio, video, seguridad electrónica, control de acceso y videovigilancia para empresas e instituciones. Solicita una cotización.","https://wa.me/525517390097?text=SW-%20Hola%20quisiera%20m%C3%A1s%20informaci%C3%B3n%20de%20sus%20servicios%20de%20Proveedor%20de%20infraestructura%20tecnol%C3%B3gica%20en%20El%20Marqués.","Proveedor de Infraestructura Tecnológica para Empresas","El Marqués","Querétaro","583910b3-c2d4-47c8-a375-7b4c355c0a8c",2026-06-26T21:33:56Z,2026-06-26T21:35:40Z,"45119e62-fb47-42df-8e3f-62a36597ee45"
"Proveedor de infraestructura tecnológica en Texcoco","proveedor-infraestructura-tecnologica-texcoco","Proveedor de Infraestructura Tecnológica para Empresas en Texcoco","Implementamos infraestructura tecnológica, redes, audio, video y seguridad para empresas en Texcoco.","Proveedor de Infraestructura Tecnológica en Texcoco | Blegam Corp","Blegam Corp es tu Proveedor de infraestructura tecnológica en Texcoco. Implementamos redes, cableado estructurado, soluciones IT, audio, video, seguridad electrónica, control de acceso y videovigilancia para empresas e instituciones. Solicita una cotización.","https://wa.me/525517390097?text=SW-%20Hola%20quisiera%20m%C3%A1s%20informaci%C3%B3n%20de%20sus%20servicios%20de%20Proveedor%20de%20infraestructura%20tecnol%C3%B3gica%20en%20Texcoco.","Proveedor de Infraestructura Tecnológica para Empresas","Texcoco","Estado de México","58b1cc6b-6f74-4b03-bfc8-afd36135b6c4",2026-06-26T21:33:56Z,2026-06-26T21:35:40Z,"45119e62-fb47-42df-8e3f-62a36597ee45"
"Proveedor de infraestructura tecnológica en Roma Norte, Ciudad de México","proveedor-infraestructura-tecnologica-roma-norte-ciudad-de-mexico","Proveedor de Infraestructura Tecnológica para Empresas en Roma Norte, Ciudad de México","Implementamos infraestructura tecnológica, redes, audio, video y seguridad para empresas en Roma Norte, Ciudad de México.","Proveedor de Infraestructura Tecnológica en Roma Norte, Ciudad de México | Blegam Corp","Blegam Corp es tu Proveedor de infraestructura tecnológica en Roma Norte, Ciudad de México. Implementamos redes, cableado estructurado, soluciones IT, audio, video, seguridad electrónica, control de acceso y videovigilancia para empresas e instituciones. Solicita una cotización.","https://wa.me/525517390097?text=SW-%20Hola%20quisiera%20m%C3%A1s%20informaci%C3%B3n%20de%20sus%20servicios%20de%20Proveedor%20de%20infraestructura%20tecnol%C3%B3gica%20en%20Roma%20Norte%2C%20Ciudad%20de%20México.","Proveedor de Infraestructura Tecnológica para Empresas","Roma Norte","Ciudad de México","58d38327-d808-4d29-9c97-fd11ae34e956",2026-06-26T21:33:56Z,2026-06-26T21:35:40Z,"45119e62-fb47-42df-8e3f-62a36597ee45"
"Proveedor de infraestructura tecnológica en Nuevo Polanco, Ciudad de México","proveedor-infraestructura-tecnologica-nuevo-polanco-ciudad-de-mexico","Proveedor de Infraestructura Tecnológica para Empresas en Nuevo Polanco, Ciudad de México","Implementamos infraestructura tecnológica, redes, audio, video y seguridad para empresas en Nuevo Polanco, Ciudad de México.","Proveedor de Infraestructura Tecnológica en Nuevo Polanco, Ciudad de México | Blegam Corp","Blegam Corp es tu Proveedor de infraestructura tecnológica en Nuevo Polanco, Ciudad de México. Implementamos redes, cableado estructurado, soluciones IT, audio, video, seguridad electrónica, control de acceso y videovigilancia para empresas e instituciones. Solicita una cotización.","https://wa.me/525517390097?text=SW-%20Hola%20quisiera%20m%C3%A1s%20informaci%C3%B3n%20de%20sus%20servicios%20de%20Proveedor%20de%20infraestructura%20tecnol%C3%B3gica%20en%20Nuevo%20Polanco%2C%20Ciudad%20de%20México.","Proveedor de Infraestructura Tecnológica para Empresas","Nuevo Polanco","Ciudad de México","59d79593-cd49-43db-bc9d-08dea7ca21e2",2026-06-26T21:33:56Z,2026-06-26T21:35:40Z,"45119e62-fb47-42df-8e3f-62a36597ee45"
"Proveedor de infraestructura tecnológica en Bugambilias, Jalisco","proveedor-infraestructura-tecnologica-bugambilias-jalisco","Proveedor de Infraestructura Tecnológica para Empresas en Bugambilias, Jalisco","Implementamos infraestructura tecnológica, redes, audio, video y seguridad para empresas en Bugambilias, Jalisco.","Proveedor de Infraestructura Tecnológica en Bugambilias, Jalisco | Blegam Corp","Blegam Corp es tu Proveedor de infraestructura tecnológica en Bugambilias, Jalisco. Implementamos redes, cableado estructurado, soluciones IT, audio, video, seguridad electrónica, control de acceso y videovigilancia para empresas e instituciones. Solicita una cotización.","https://wa.me/525517390097?text=SW-%20Hola%20quisiera%20m%C3%A1s%20informaci%C3%B3n%20de%20sus%20servicios%20de%20Proveedor%20de%20infraestructura%20tecnol%C3%B3gica%20en%20Bugambilias%2C%20Jalisco.","Proveedor de Infraestructura Tecnológica para Empresas","Bugambilias","Jalisco","5a641919-5dcd-4ef1-b87a-21f40a18636b",2026-06-26T21:33:56Z,2026-06-26T21:35:40Z,"45119e62-fb47-42df-8e3f-62a36597ee45"
"Proveedor de infraestructura tecnológica en Colinas de San Javier, Jalisco","proveedor-infraestructura-tecnologica-colinas-de-san-javier-jalisco","Proveedor de Infraestructura Tecnológica para Empresas en Colinas de San Javier, Jalisco","Implementamos infraestructura tecnológica, redes, audio, video y seguridad para empresas en Colinas de San Javier, Jalisco.","Proveedor de Infraestructura Tecnológica en Colinas de San Javier, Jalisco | Blegam Corp","Blegam Corp es tu Proveedor de infraestructura tecnológica en Colinas de San Javier, Jalisco. Implementamos redes, cableado estructurado, soluciones IT, audio, video, seguridad electrónica, control de acceso y videovigilancia para empresas e instituciones. Solicita una cotización.","https://wa.me/525517390097?text=SW-%20Hola%20quisiera%20m%C3%A1s%20informaci%C3%B3n%20de%20sus%20servicios%20de%20Proveedor%20de%20infraestructura%20tecnol%C3%B3gica%20en%20Colinas%20de%20San%20Javier%2C%20Jalisco.","Proveedor de Infraestructura Tecnológica para Empresas","Colinas de San Javier","Jalisco","5b5594fb-a280-4708-be60-4a8f7ace72ca",2026-06-26T21:33:56Z,2026-06-26T21:35:40Z,"45119e62-fb47-42df-8e3f-62a36597ee45"
"Proveedor de infraestructura tecnológica en San Jerónimo, Nuevo León","proveedor-infraestructura-tecnologica-san-jeronimo-nuevo-leon","Proveedor de Infraestructura Tecnológica para Empresas en San Jerónimo, Nuevo León","Implementamos infraestructura tecnológica, redes, audio, video y seguridad para empresas en San Jerónimo, Nuevo León.","Proveedor de Infraestructura Tecnológica en San Jerónimo, Nuevo León | Blegam Corp","Blegam Corp es tu Proveedor de infraestructura tecnológica en San Jerónimo, Nuevo León. Implementamos redes, cableado estructurado, soluciones IT, audio, video, seguridad electrónica, control de acceso y videovigilancia para empresas e instituciones. Solicita una cotización.","https://wa.me/525517390097?text=SW-%20Hola%20quisiera%20m%C3%A1s%20informaci%C3%B3n%20de%20sus%20servicios%20de%20Proveedor%20de%20infraestructura%20tecnol%C3%B3gica%20en%20San%20Jerónimo%2C%20Nuevo%20León.","Proveedor de Infraestructura Tecnológica para Empresas","San Jerónimo","Nuevo León","5c1e2a16-24ca-42fa-b074-16f16b92e9b1",2026-06-26T21:33:56Z,2026-06-26T21:35:40Z,"45119e62-fb47-42df-8e3f-62a36597ee45"
"Proveedor de infraestructura tecnológica en Coatzacoalcos","proveedor-infraestructura-tecnologica-coatzacoalcos","Proveedor de Infraestructura Tecnológica para Empresas en Coatzacoalcos","Implementamos infraestructura tecnológica, redes, audio, video y seguridad para empresas en Coatzacoalcos.","Proveedor de Infraestructura Tecnológica en Coatzacoalcos | Blegam Corp","Blegam Corp es tu Proveedor de infraestructura tecnológica en Coatzacoalcos. Implementamos redes, cableado estructurado, soluciones IT, audio, video, seguridad electrónica, control de acceso y videovigilancia para empresas e instituciones. Solicita una cotización.","https://wa.me/525517390097?text=SW-%20Hola%20quisiera%20m%C3%A1s%20informaci%C3%B3n%20de%20sus%20servicios%20de%20Proveedor%20de%20infraestructura%20tecnol%C3%B3gica%20en%20Coatzacoalcos.","Proveedor de Infraestructura Tecnológica para Empresas","Coatzacoalcos","Veracruz","5d96e43a-3aeb-46f6-a1de-a322806d25a5",2026-06-26T21:33:56Z,2026-06-26T21:35:40Z,"45119e62-fb47-42df-8e3f-62a36597ee45"
"Proveedor de infraestructura tecnológica en Cabo San Lucas","proveedor-infraestructura-tecnologica-cabo-san-lucas","Proveedor de Infraestructura Tecnológica para Empresas en Cabo San Lucas","Implementamos infraestructura tecnológica, redes, audio, video y seguridad para empresas en Cabo San Lucas.","Proveedor de Infraestructura Tecnológica en Cabo San Lucas | Blegam Corp","Blegam Corp es tu Proveedor de infraestructura tecnológica en Cabo San Lucas. Implementamos redes, cableado estructurado, soluciones IT, audio, video, seguridad electrónica, control de acceso y videovigilancia para empresas e instituciones. Solicita una cotización.","https://wa.me/525517390097?text=SW-%20Hola%20quisiera%20m%C3%A1s%20informaci%C3%B3n%20de%20sus%20servicios%20de%20Proveedor%20de%20infraestructura%20tecnol%C3%B3gica%20en%20Cabo%20San%20Lucas.","Proveedor de Infraestructura Tecnológica para Empresas","Cabo San Lucas","Baja California Sur","5e91ebbb-bcf1-4800-8479-08b4a184ff5e",2026-06-26T21:33:56Z,2026-06-26T21:35:40Z,"45119e62-fb47-42df-8e3f-62a36597ee45"
"Proveedor de infraestructura tecnológica en Santa Catarina","proveedor-infraestructura-tecnologica-santa-catarina","Proveedor de Infraestructura Tecnológica para Empresas en Santa Catarina","Implementamos infraestructura tecnológica, redes, audio, video y seguridad para empresas en Santa Catarina.","Proveedor de Infraestructura Tecnológica en Santa Catarina | Blegam Corp","Blegam Corp es tu Proveedor de infraestructura tecnológica en Santa Catarina. Implementamos redes, cableado estructurado, soluciones IT, audio, video, seguridad electrónica, control de acceso y videovigilancia para empresas e instituciones. Solicita una cotización.","https://wa.me/525517390097?text=SW-%20Hola%20quisiera%20m%C3%A1s%20informaci%C3%B3n%20de%20sus%20servicios%20de%20Proveedor%20de%20infraestructura%20tecnol%C3%B3gica%20en%20Santa%20Catarina.","Proveedor de Infraestructura Tecnológica para Empresas","Santa Catarina","Nuevo León","5eeb792b-5afb-44f9-9e15-bd5458c7b221",2026-06-26T21:33:56Z,2026-06-26T21:35:40Z,"45119e62-fb47-42df-8e3f-62a36597ee45"
"Proveedor de infraestructura tecnológica en Nuevo Vallarta","proveedor-infraestructura-tecnologica-nuevo-vallarta","Proveedor de Infraestructura Tecnológica para Empresas en Nuevo Vallarta","Implementamos infraestructura tecnológica, redes, audio, video y seguridad para empresas en Nuevo Vallarta.","Proveedor de Infraestructura Tecnológica en Nuevo Vallarta | Blegam Corp","Blegam Corp es tu Proveedor de infraestructura tecnológica en Nuevo Vallarta. Implementamos redes, cableado estructurado, soluciones IT, audio, video, seguridad electrónica, control de acceso y videovigilancia para empresas e instituciones. Solicita una cotización.","https://wa.me/525517390097?text=SW-%20Hola%20quisiera%20m%C3%A1s%20informaci%C3%B3n%20de%20sus%20servicios%20de%20Proveedor%20de%20infraestructura%20tecnol%C3%B3gica%20en%20Nuevo%20Vallarta.","Proveedor de Infraestructura Tecnológica para Empresas","Nuevo Vallarta","Nayarit","5f31d098-e165-4dbb-8823-0472dd36bab1",2026-06-26T21:33:56Z,2026-06-26T21:35:40Z,"45119e62-fb47-42df-8e3f-62a36597ee45"
"Proveedor de infraestructura tecnológica en Baja California","proveedor-infraestructura-tecnologica-baja-california","Proveedor de Infraestructura Tecnológica para Empresas en Baja California","Implementamos infraestructura tecnológica, redes, audio, video y seguridad para empresas en Baja California.","Proveedor de Infraestructura Tecnológica en Baja California | Blegam Corp","Blegam Corp es tu Proveedor de infraestructura tecnológica en Baja California. Implementamos redes, cableado estructurado, soluciones IT, audio, video, seguridad electrónica, control de acceso y videovigilancia para empresas e instituciones. Solicita una cotización.","https://wa.me/525517390097?text=SW-%20Hola%20quisiera%20m%C3%A1s%20informaci%C3%B3n%20de%20sus%20servicios%20de%20Proveedor%20de%20infraestructura%20tecnol%C3%B3gica%20en%20Baja%20California.","Proveedor de Infraestructura Tecnológica para Empresas","Baja California","Baja California","60276ee5-f0c6-43f1-a674-891319f4886f",2026-06-26T21:33:56Z,2026-06-26T21:35:40Z,"45119e62-fb47-42df-8e3f-62a36597ee45"
"Proveedor de infraestructura tecnológica en Oaxaca","proveedor-infraestructura-tecnologica-oaxaca","Proveedor de Infraestructura Tecnológica para Empresas en Oaxaca","Implementamos infraestructura tecnológica, redes, audio, video y seguridad para empresas en Oaxaca.","Proveedor de Infraestructura Tecnológica en Oaxaca | Blegam Corp","Blegam Corp es tu Proveedor de infraestructura tecnológica en Oaxaca. Implementamos redes, cableado estructurado, soluciones IT, audio, video, seguridad electrónica, control de acceso y videovigilancia para empresas e instituciones. Solicita una cotización.","https://wa.me/525517390097?text=SW-%20Hola%20quisiera%20m%C3%A1s%20informaci%C3%B3n%20de%20sus%20servicios%20de%20Proveedor%20de%20infraestructura%20tecnol%C3%B3gica%20en%20Oaxaca.","Proveedor de Infraestructura Tecnológica para Empresas","Oaxaca","Oaxaca","6047f8ac-9479-450f-bbc0-5b907f5676b1",2026-06-26T21:33:56Z,2026-06-26T21:35:40Z,"45119e62-fb47-42df-8e3f-62a36597ee45"
"Proveedor de infraestructura tecnológica en San Pedro Cholula","proveedor-infraestructura-tecnologica-san-pedro-cholula","Proveedor de Infraestructura Tecnológica para Empresas en San Pedro Cholula","Implementamos infraestructura tecnológica, redes, audio, video y seguridad para empresas en San Pedro Cholula.","Proveedor de Infraestructura Tecnológica en San Pedro Cholula | Blegam Corp","Blegam Corp es tu Proveedor de infraestructura tecnológica en San Pedro Cholula. Implementamos redes, cableado estructurado, soluciones IT, audio, video, seguridad electrónica, control de acceso y videovigilancia para empresas e instituciones. Solicita una cotización.","https://wa.me/525517390097?text=SW-%20Hola%20quisiera%20m%C3%A1s%20informaci%C3%B3n%20de%20sus%20servicios%20de%20Proveedor%20de%20infraestructura%20tecnol%C3%B3gica%20en%20San%20Pedro%20Cholula.","Proveedor de Infraestructura Tecnológica para Empresas","San Pedro Cholula","Puebla","60763f59-c85f-4e63-906e-983159de4c98",2026-06-26T21:33:56Z,2026-06-26T21:35:40Z,"45119e62-fb47-42df-8e3f-62a36597ee45"
"Proveedor de infraestructura tecnológica en Valle Alto, Nuevo León","proveedor-infraestructura-tecnologica-valle-alto-nuevo-leon","Proveedor de Infraestructura Tecnológica para Empresas en Valle Alto, Nuevo León","Implementamos infraestructura tecnológica, redes, audio, video y seguridad para empresas en Valle Alto, Nuevo León.","Proveedor de Infraestructura Tecnológica en Valle Alto, Nuevo León | Blegam Corp","Blegam Corp es tu Proveedor de infraestructura tecnológica en Valle Alto, Nuevo León. Implementamos redes, cableado estructurado, soluciones IT, audio, video, seguridad electrónica, control de acceso y videovigilancia para empresas e instituciones. Solicita una cotización.","https://wa.me/525517390097?text=SW-%20Hola%20quisiera%20m%C3%A1s%20informaci%C3%B3n%20de%20sus%20servicios%20de%20Proveedor%20de%20infraestructura%20tecnol%C3%B3gica%20en%20Valle%20Alto%2C%20Nuevo%20León.","Proveedor de Infraestructura Tecnológica para Empresas","Valle Alto","Nuevo León","62c570fe-974a-4fac-9999-a3016b02274a",2026-06-26T21:33:56Z,2026-06-26T21:35:40Z,"45119e62-fb47-42df-8e3f-62a36597ee45"
"Proveedor de infraestructura tecnológica en San Cristóbal de las Casas","proveedor-infraestructura-tecnologica-san-cristobal-de-las-casas","Proveedor de Infraestructura Tecnológica para Empresas en San Cristóbal de las Casas","Implementamos infraestructura tecnológica, redes, audio, video y seguridad para empresas en San Cristóbal de las Casas.","Proveedor de Infraestructura Tecnológica en San Cristóbal de las Casas | Blegam Corp","Blegam Corp es tu Proveedor de infraestructura tecnológica en San Cristóbal de las Casas. Implementamos redes, cableado estructurado, soluciones IT, audio, video, seguridad electrónica, control de acceso y videovigilancia para empresas e instituciones. Solicita una cotización.","https://wa.me/525517390097?text=SW-%20Hola%20quisiera%20m%C3%A1s%20informaci%C3%B3n%20de%20sus%20servicios%20de%20Proveedor%20de%20infraestructura%20tecnol%C3%B3gica%20en%20San%20Cristóbal%20de%20las%20Casas.","Proveedor de Infraestructura Tecnológica para Empresas","San Cristóbal de las Casas","Chiapas","646b777c-fa88-40c0-bc59-6b5f35599ee4",2026-06-26T21:33:56Z,2026-06-26T21:35:40Z,"45119e62-fb47-42df-8e3f-62a36597ee45"
"Proveedor de infraestructura tecnológica en Cuajimalpa","proveedor-infraestructura-tecnologica-cuajimalpa","Proveedor de Infraestructura Tecnológica para Empresas en Cuajimalpa","Implementamos infraestructura tecnológica, redes, audio, video y seguridad para empresas en Cuajimalpa.","Proveedor de Infraestructura Tecnológica en Cuajimalpa | Blegam Corp","Blegam Corp es tu Proveedor de infraestructura tecnológica en Cuajimalpa. Implementamos redes, cableado estructurado, soluciones IT, audio, video, seguridad electrónica, control de acceso y videovigilancia para empresas e instituciones. Solicita una cotización.","https://wa.me/525517390097?text=SW-%20Hola%20quisiera%20m%C3%A1s%20informaci%C3%B3n%20de%20sus%20servicios%20de%20Proveedor%20de%20infraestructura%20tecnol%C3%B3gica%20en%20Cuajimalpa.","Proveedor de Infraestructura Tecnológica para Empresas","Cuajimalpa","Ciudad de México","66ae3586-e704-4bb9-ae51-0efcfeb07bd5",2026-06-26T21:33:56Z,2026-06-26T21:35:40Z,"45119e62-fb47-42df-8e3f-62a36597ee45"
"Proveedor de infraestructura tecnológica en Portales, Ciudad de México","proveedor-infraestructura-tecnologica-portales-ciudad-de-mexico","Proveedor de Infraestructura Tecnológica para Empresas en Portales, Ciudad de México","Implementamos infraestructura tecnológica, redes, audio, video y seguridad para empresas en Portales, Ciudad de México.","Proveedor de Infraestructura Tecnológica en Portales, Ciudad de México | Blegam Corp","Blegam Corp es tu Proveedor de infraestructura tecnológica en Portales, Ciudad de México. Implementamos redes, cableado estructurado, soluciones IT, audio, video, seguridad electrónica, control de acceso y videovigilancia para empresas e instituciones. Solicita una cotización.","https://wa.me/525517390097?text=SW-%20Hola%20quisiera%20m%C3%A1s%20informaci%C3%B3n%20de%20sus%20servicios%20de%20Proveedor%20de%20infraestructura%20tecnol%C3%B3gica%20en%20Portales%2C%20Ciudad%20de%20México.","Proveedor de Infraestructura Tecnológica para Empresas","Portales","Ciudad de México","68bbdebf-9b4c-4c20-ad2d-4a494501b5c2",2026-06-26T21:33:56Z,2026-06-26T21:35:40Z,"45119e62-fb47-42df-8e3f-62a36597ee45"
"Proveedor de infraestructura tecnológica en Azcapotzalco","proveedor-infraestructura-tecnologica-azcapotzalco","Proveedor de Infraestructura Tecnológica para Empresas en Azcapotzalco","Implementamos infraestructura tecnológica, redes, audio, video y seguridad para empresas en Azcapotzalco.","Proveedor de Infraestructura Tecnológica en Azcapotzalco | Blegam Corp","Blegam Corp es tu Proveedor de infraestructura tecnológica en Azcapotzalco. Implementamos redes, cableado estructurado, soluciones IT, audio, video, seguridad electrónica, control de acceso y videovigilancia para empresas e instituciones. Solicita una cotización.","https://wa.me/525517390097?text=SW-%20Hola%20quisiera%20m%C3%A1s%20informaci%C3%B3n%20de%20sus%20servicios%20de%20Proveedor%20de%20infraestructura%20tecnol%C3%B3gica%20en%20Azcapotzalco.","Proveedor de Infraestructura Tecnológica para Empresas","Azcapotzalco","Ciudad de México","69d85a8f-2eb5-48d7-8d20-7fc829cab66b",2026-06-26T21:33:56Z,2026-06-26T21:35:40Z,"45119e62-fb47-42df-8e3f-62a36597ee45"
"Proveedor de infraestructura tecnológica en Nayarit","proveedor-infraestructura-tecnologica-nayarit","Proveedor de Infraestructura Tecnológica para Empresas en Nayarit","Implementamos infraestructura tecnológica, redes, audio, video y seguridad para empresas en Nayarit.","Proveedor de Infraestructura Tecnológica en Nayarit | Blegam Corp","Blegam Corp es tu Proveedor de infraestructura tecnológica en Nayarit. Implementamos redes, cableado estructurado, soluciones IT, audio, video, seguridad electrónica, control de acceso y videovigilancia para empresas e instituciones. Solicita una cotización.","https://wa.me/525517390097?text=SW-%20Hola%20quisiera%20m%C3%A1s%20informaci%C3%B3n%20de%20sus%20servicios%20de%20Proveedor%20de%20infraestructura%20tecnol%C3%B3gica%20en%20Nayarit.","Proveedor de Infraestructura Tecnológica para Empresas","Nayarit","Nayarit","6a7a5c15-78f8-44b5-bbc1-0265e4125e7e",2026-06-26T21:33:56Z,2026-06-26T21:35:40Z,"45119e62-fb47-42df-8e3f-62a36597ee45"
"Proveedor de infraestructura tecnológica en Sierra Alta, Nuevo León","proveedor-infraestructura-tecnologica-sierra-alta-nuevo-leon","Proveedor de Infraestructura Tecnológica para Empresas en Sierra Alta, Nuevo León","Implementamos infraestructura tecnológica, redes, audio, video y seguridad para empresas en Sierra Alta, Nuevo León.","Proveedor de Infraestructura Tecnológica en Sierra Alta, Nuevo León | Blegam Corp","Blegam Corp es tu Proveedor de infraestructura tecnológica en Sierra Alta, Nuevo León. Implementamos redes, cableado estructurado, soluciones IT, audio, video, seguridad electrónica, control de acceso y videovigilancia para empresas e instituciones. Solicita una cotización.","https://wa.me/525517390097?text=SW-%20Hola%20quisiera%20m%C3%A1s%20informaci%C3%B3n%20de%20sus%20servicios%20de%20Proveedor%20de%20infraestructura%20tecnol%C3%B3gica%20en%20Sierra%20Alta%2C%20Nuevo%20León.","Proveedor de Infraestructura Tecnológica para Empresas","Sierra Alta","Nuevo León","6ac5aeae-ca9e-4012-9a23-468e42153b98",2026-06-26T21:33:56Z,2026-06-26T21:35:40Z,"45119e62-fb47-42df-8e3f-62a36597ee45"
"Proveedor de infraestructura tecnológica en Mixcoac, Ciudad de México","proveedor-infraestructura-tecnologica-mixcoac-ciudad-de-mexico","Proveedor de Infraestructura Tecnológica para Empresas en Mixcoac, Ciudad de México","Implementamos infraestructura tecnológica, redes, audio, video y seguridad para empresas en Mixcoac, Ciudad de México.","Proveedor de Infraestructura Tecnológica en Mixcoac, Ciudad de México | Blegam Corp","Blegam Corp es tu Proveedor de infraestructura tecnológica en Mixcoac, Ciudad de México. Implementamos redes, cableado estructurado, soluciones IT, audio, video, seguridad electrónica, control de acceso y videovigilancia para empresas e instituciones. Solicita una cotización.","https://wa.me/525517390097?text=SW-%20Hola%20quisiera%20m%C3%A1s%20informaci%C3%B3n%20de%20sus%20servicios%20de%20Proveedor%20de%20infraestructura%20tecnol%C3%B3gica%20en%20Mixcoac%2C%20Ciudad%20de%20México.","Proveedor de Infraestructura Tecnológica para Empresas","Mixcoac","Ciudad de México","6d469bc2-8e38-441e-9678-bb026ac7ac68",2026-06-26T21:33:56Z,2026-06-26T21:35:40Z,"45119e62-fb47-42df-8e3f-62a36597ee45"
"Proveedor de infraestructura tecnológica en Iztacalco","proveedor-infraestructura-tecnologica-iztacalco","Proveedor de Infraestructura Tecnológica para Empresas en Iztacalco","Implementamos infraestructura tecnológica, redes, audio, video y seguridad para empresas en Iztacalco.","Proveedor de Infraestructura Tecnológica en Iztacalco | Blegam Corp","Blegam Corp es tu Proveedor de infraestructura tecnológica en Iztacalco. Implementamos redes, cableado estructurado, soluciones IT, audio, video, seguridad electrónica, control de acceso y videovigilancia para empresas e instituciones. Solicita una cotización.","https://wa.me/525517390097?text=SW-%20Hola%20quisiera%20m%C3%A1s%20informaci%C3%B3n%20de%20sus%20servicios%20de%20Proveedor%20de%20infraestructura%20tecnol%C3%B3gica%20en%20Iztacalco.","Proveedor de Infraestructura Tecnológica para Empresas","Iztacalco","Ciudad de México","6d67157b-4f11-4e93-bf1a-eb46d1b3b1f9",2026-06-26T21:33:56Z,2026-06-26T21:35:40Z,"45119e62-fb47-42df-8e3f-62a36597ee45"
"Proveedor de infraestructura tecnológica en Mexicali","proveedor-infraestructura-tecnologica-mexicali","Proveedor de Infraestructura Tecnológica para Empresas en Mexicali","Implementamos infraestructura tecnológica, redes, audio, video y seguridad para empresas en Mexicali.","Proveedor de Infraestructura Tecnológica en Mexicali | Blegam Corp","Blegam Corp es tu Proveedor de infraestructura tecnológica en Mexicali. Implementamos redes, cableado estructurado, soluciones IT, audio, video, seguridad electrónica, control de acceso y videovigilancia para empresas e instituciones. Solicita una cotización.","https://wa.me/525517390097?text=SW-%20Hola%20quisiera%20m%C3%A1s%20informaci%C3%B3n%20de%20sus%20servicios%20de%20Proveedor%20de%20infraestructura%20tecnol%C3%B3gica%20en%20Mexicali.","Proveedor de Infraestructura Tecnológica para Empresas","Mexicali","Baja California","6d68e76d-0918-4ba3-8f98-3a1d878c8c9a",2026-06-26T21:33:56Z,2026-06-26T21:35:40Z,"45119e62-fb47-42df-8e3f-62a36597ee45"
"Proveedor de infraestructura tecnológica en Zapopan","proveedor-infraestructura-tecnologica-zapopan","Proveedor de Infraestructura Tecnológica para Empresas en Zapopan","Implementamos infraestructura tecnológica, redes, audio, video y seguridad para empresas en Zapopan.","Proveedor de Infraestructura Tecnológica en Zapopan | Blegam Corp","Blegam Corp es tu Proveedor de infraestructura tecnológica en Zapopan. Implementamos redes, cableado estructurado, soluciones IT, audio, video, seguridad electrónica, control de acceso y videovigilancia para empresas e instituciones. Solicita una cotización.","https://wa.me/525517390097?text=SW-%20Hola%20quisiera%20m%C3%A1s%20informaci%C3%B3n%20de%20sus%20servicios%20de%20Proveedor%20de%20infraestructura%20tecnol%C3%B3gica%20en%20Zapopan.","Proveedor de Infraestructura Tecnológica para Empresas","Zapopan","Jalisco","6d9f546e-2149-4b1c-8293-4e18cb91a549",2026-06-26T21:33:56Z,2026-06-26T21:35:40Z,"45119e62-fb47-42df-8e3f-62a36597ee45"
"Proveedor de infraestructura tecnológica en Coyoacán","proveedor-infraestructura-tecnologica-coyoacan","Proveedor de Infraestructura Tecnológica para Empresas en Coyoacán","Implementamos infraestructura tecnológica, redes, audio, video y seguridad para empresas en Coyoacán.","Proveedor de Infraestructura Tecnológica en Coyoacán | Blegam Corp","Blegam Corp es tu Proveedor de infraestructura tecnológica en Coyoacán. Implementamos redes, cableado estructurado, soluciones IT, audio, video, seguridad electrónica, control de acceso y videovigilancia para empresas e instituciones. Solicita una cotización.","https://wa.me/525517390097?text=SW-%20Hola%20quisiera%20m%C3%A1s%20informaci%C3%B3n%20de%20sus%20servicios%20de%20Proveedor%20de%20infraestructura%20tecnol%C3%B3gica%20en%20Coyoacán.","Proveedor de Infraestructura Tecnológica para Empresas","Coyoacán","Ciudad de México","6fdfac49-0a79-4801-8df8-78ac082ebfe6",2026-06-26T21:33:56Z,2026-06-26T21:35:40Z,"45119e62-fb47-42df-8e3f-62a36597ee45"
"Proveedor de infraestructura tecnológica en Michoacán","proveedor-infraestructura-tecnologica-michoacan","Proveedor de Infraestructura Tecnológica para Empresas en Michoacán","Implementamos infraestructura tecnológica, redes, audio, video y seguridad para empresas en Michoacán.","Proveedor de Infraestructura Tecnológica en Michoacán | Blegam Corp","Blegam Corp es tu Proveedor de infraestructura tecnológica en Michoacán. Implementamos redes, cableado estructurado, soluciones IT, audio, video, seguridad electrónica, control de acceso y videovigilancia para empresas e instituciones. Solicita una cotización.","https://wa.me/525517390097?text=SW-%20Hola%20quisiera%20m%C3%A1s%20informaci%C3%B3n%20de%20sus%20servicios%20de%20Proveedor%20de%20infraestructura%20tecnol%C3%B3gica%20en%20Michoacán.","Proveedor de Infraestructura Tecnológica para Empresas","Michoacán","Michoacán","71366a7b-c197-4f05-b5a2-b0b80441f394",2026-06-26T21:33:56Z,2026-06-26T21:35:40Z,"45119e62-fb47-42df-8e3f-62a36597ee45"
"Proveedor de infraestructura tecnológica en Apodaca","proveedor-infraestructura-tecnologica-apodaca","Proveedor de Infraestructura Tecnológica para Empresas en Apodaca","Implementamos infraestructura tecnológica, redes, audio, video y seguridad para empresas en Apodaca.","Proveedor de Infraestructura Tecnológica en Apodaca | Blegam Corp","Blegam Corp es tu Proveedor de infraestructura tecnológica en Apodaca. Implementamos redes, cableado estructurado, soluciones IT, audio, video, seguridad electrónica, control de acceso y videovigilancia para empresas e instituciones. Solicita una cotización.","https://wa.me/525517390097?text=SW-%20Hola%20quisiera%20m%C3%A1s%20informaci%C3%B3n%20de%20sus%20servicios%20de%20Proveedor%20de%20infraestructura%20tecnol%C3%B3gica%20en%20Apodaca.","Proveedor de Infraestructura Tecnológica para Empresas","Apodaca","Nuevo León","71e99901-9748-40d2-9447-b378162d19ea",2026-06-26T21:33:56Z,2026-06-26T21:35:40Z,"45119e62-fb47-42df-8e3f-62a36597ee45"
"Proveedor de infraestructura tecnológica en Cuautitlán Izcalli","proveedor-infraestructura-tecnologica-cuautitlan-izcalli","Proveedor de Infraestructura Tecnológica para Empresas en Cuautitlán Izcalli","Implementamos infraestructura tecnológica, redes, audio, video y seguridad para empresas en Cuautitlán Izcalli.","Proveedor de Infraestructura Tecnológica en Cuautitlán Izcalli | Blegam Corp","Blegam Corp es tu Proveedor de infraestructura tecnológica en Cuautitlán Izcalli. Implementamos redes, cableado estructurado, soluciones IT, audio, video, seguridad electrónica, control de acceso y videovigilancia para empresas e instituciones. Solicita una cotización.","https://wa.me/525517390097?text=SW-%20Hola%20quisiera%20m%C3%A1s%20informaci%C3%B3n%20de%20sus%20servicios%20de%20Proveedor%20de%20infraestructura%20tecnol%C3%B3gica%20en%20Cuautitlán%20Izcalli.","Proveedor de Infraestructura Tecnológica para Empresas","Cuautitlán Izcalli","Estado de México","72b5a504-ae98-43ae-b8ad-a2a42c81ddea",2026-06-26T21:33:56Z,2026-06-26T21:35:40Z,"45119e62-fb47-42df-8e3f-62a36597ee45"
"Proveedor de infraestructura tecnológica en Tabasco","proveedor-infraestructura-tecnologica-tabasco","Proveedor de Infraestructura Tecnológica para Empresas en Tabasco","Implementamos infraestructura tecnológica, redes, audio, video y seguridad para empresas en Tabasco.","Proveedor de Infraestructura Tecnológica en Tabasco | Blegam Corp","Blegam Corp es tu Proveedor de infraestructura tecnológica en Tabasco. Implementamos redes, cableado estructurado, soluciones IT, audio, video, seguridad electrónica, control de acceso y videovigilancia para empresas e instituciones. Solicita una cotización.","https://wa.me/525517390097?text=SW-%20Hola%20quisiera%20m%C3%A1s%20informaci%C3%B3n%20de%20sus%20servicios%20de%20Proveedor%20de%20infraestructura%20tecnol%C3%B3gica%20en%20Tabasco.","Proveedor de Infraestructura Tecnológica para Empresas","Tabasco","Tabasco","733c9d00-0bb0-45d8-94f1-ecaf2e7b9c31",2026-06-26T21:33:56Z,2026-06-26T21:35:40Z,"45119e62-fb47-42df-8e3f-62a36597ee45"
"Proveedor de infraestructura tecnológica en Ladrón de Guevara, Jalisco","proveedor-infraestructura-tecnologica-ladron-de-guevara-jalisco","Proveedor de Infraestructura Tecnológica para Empresas en Ladrón de Guevara, Jalisco","Implementamos infraestructura tecnológica, redes, audio, video y seguridad para empresas en Ladrón de Guevara, Jalisco.","Proveedor de Infraestructura Tecnológica en Ladrón de Guevara, Jalisco | Blegam Corp","Blegam Corp es tu Proveedor de infraestructura tecnológica en Ladrón de Guevara, Jalisco. Implementamos redes, cableado estructurado, soluciones IT, audio, video, seguridad electrónica, control de acceso y videovigilancia para empresas e instituciones. Solicita una cotización.","https://wa.me/525517390097?text=SW-%20Hola%20quisiera%20m%C3%A1s%20informaci%C3%B3n%20de%20sus%20servicios%20de%20Proveedor%20de%20infraestructura%20tecnol%C3%B3gica%20en%20Ladrón%20de%20Guevara%2C%20Jalisco.","Proveedor de Infraestructura Tecnológica para Empresas","Ladrón de Guevara","Jalisco","7349b1c7-ac02-4b59-8664-1541fbfad210",2026-06-26T21:33:56Z,2026-06-26T21:35:40Z,"45119e62-fb47-42df-8e3f-62a36597ee45"
"Proveedor de infraestructura tecnológica en Jiutepec","proveedor-infraestructura-tecnologica-jiutepec","Proveedor de Infraestructura Tecnológica para Empresas en Jiutepec","Implementamos infraestructura tecnológica, redes, audio, video y seguridad para empresas en Jiutepec.","Proveedor de Infraestructura Tecnológica en Jiutepec | Blegam Corp","Blegam Corp es tu Proveedor de infraestructura tecnológica en Jiutepec. Implementamos redes, cableado estructurado, soluciones IT, audio, video, seguridad electrónica, control de acceso y videovigilancia para empresas e instituciones. Solicita una cotización.","https://wa.me/525517390097?text=SW-%20Hola%20quisiera%20m%C3%A1s%20informaci%C3%B3n%20de%20sus%20servicios%20de%20Proveedor%20de%20infraestructura%20tecnol%C3%B3gica%20en%20Jiutepec.","Proveedor de Infraestructura Tecnológica para Empresas","Jiutepec","Morelos","738ebbe3-e1f5-4cd8-9e3f-3299506bcdc5",2026-06-26T21:33:56Z,2026-06-26T21:35:40Z,"45119e62-fb47-42df-8e3f-62a36597ee45"
"Proveedor de infraestructura tecnológica en Lomas de Chapultepec, Ciudad de México","proveedor-infraestructura-tecnologica-lomas-de-chapultepec-ciudad-de-mexico","Proveedor de Infraestructura Tecnológica para Empresas en Lomas de Chapultepec, Ciudad de México","Implementamos infraestructura tecnológica, redes, audio, video y seguridad para empresas en Lomas de Chapultepec, Ciudad de México.","Proveedor de Infraestructura Tecnológica en Lomas de Chapultepec, Ciudad de México | Blegam Corp","Blegam Corp es tu Proveedor de infraestructura tecnológica en Lomas de Chapultepec, Ciudad de México. Implementamos redes, cableado estructurado, soluciones IT, audio, video, seguridad electrónica, control de acceso y videovigilancia para empresas e instituciones. Solicita una cotización.","https://wa.me/525517390097?text=SW-%20Hola%20quisiera%20m%C3%A1s%20informaci%C3%B3n%20de%20sus%20servicios%20de%20Proveedor%20de%20infraestructura%20tecnol%C3%B3gica%20en%20Lomas%20de%20Chapultepec%2C%20Ciudad%20de%20México.","Proveedor de Infraestructura Tecnológica para Empresas","Lomas de Chapultepec","Ciudad de México","746757a3-2d98-4aaa-9764-f90379ac1c22",2026-06-26T21:33:56Z,2026-06-26T21:35:40Z,"45119e62-fb47-42df-8e3f-62a36597ee45"
"Proveedor de infraestructura tecnológica en Hidalgo","proveedor-infraestructura-tecnologica-hidalgo","Proveedor de Infraestructura Tecnológica para Empresas en Hidalgo","Implementamos infraestructura tecnológica, redes, audio, video y seguridad para empresas en Hidalgo.","Proveedor de Infraestructura Tecnológica en Hidalgo | Blegam Corp","Blegam Corp es tu Proveedor de infraestructura tecnológica en Hidalgo. Implementamos redes, cableado estructurado, soluciones IT, audio, video, seguridad electrónica, control de acceso y videovigilancia para empresas e instituciones. Solicita una cotización.","https://wa.me/525517390097?text=SW-%20Hola%20quisiera%20m%C3%A1s%20informaci%C3%B3n%20de%20sus%20servicios%20de%20Proveedor%20de%20infraestructura%20tecnol%C3%B3gica%20en%20Hidalgo.","Proveedor de Infraestructura Tecnológica para Empresas","Hidalgo","Hidalgo","7554bf02-f1ac-4136-8122-901abd8d4838",2026-06-26T21:33:56Z,2026-06-26T21:35:40Z,"45119e62-fb47-42df-8e3f-62a36597ee45"
"Proveedor de infraestructura tecnológica en Huixquilucan","proveedor-infraestructura-tecnologica-huixquilucan","Proveedor de Infraestructura Tecnológica para Empresas en Huixquilucan","Implementamos infraestructura tecnológica, redes, audio, video y seguridad para empresas en Huixquilucan.","Proveedor de Infraestructura Tecnológica en Huixquilucan | Blegam Corp","Blegam Corp es tu Proveedor de infraestructura tecnológica en Huixquilucan. Implementamos redes, cableado estructurado, soluciones IT, audio, video, seguridad electrónica, control de acceso y videovigilancia para empresas e instituciones. Solicita una cotización.","https://wa.me/525517390097?text=SW-%20Hola%20quisiera%20m%C3%A1s%20informaci%C3%B3n%20de%20sus%20servicios%20de%20Proveedor%20de%20infraestructura%20tecnol%C3%B3gica%20en%20Huixquilucan.","Proveedor de Infraestructura Tecnológica para Empresas","Huixquilucan","Estado de México","75d074c9-d24d-4955-9cb2-699b6de92dde",2026-06-26T21:33:56Z,2026-06-26T21:35:40Z,"45119e62-fb47-42df-8e3f-62a36597ee45"
"Proveedor de infraestructura tecnológica en Chihuahua","proveedor-infraestructura-tecnologica-chihuahua","Proveedor de Infraestructura Tecnológica para Empresas en Chihuahua","Implementamos infraestructura tecnológica, redes, audio, video y seguridad para empresas en Chihuahua.","Proveedor de Infraestructura Tecnológica en Chihuahua | Blegam Corp","Blegam Corp es tu Proveedor de infraestructura tecnológica en Chihuahua. Implementamos redes, cableado estructurado, soluciones IT, audio, video, seguridad electrónica, control de acceso y videovigilancia para empresas e instituciones. Solicita una cotización.","https://wa.me/525517390097?text=SW-%20Hola%20quisiera%20m%C3%A1s%20informaci%C3%B3n%20de%20sus%20servicios%20de%20Proveedor%20de%20infraestructura%20tecnol%C3%B3gica%20en%20Chihuahua.","Proveedor de Infraestructura Tecnológica para Empresas","Chihuahua","Chihuahua","765a4ded-95b6-4083-bbb4-58ca4728b52f",2026-06-26T21:33:56Z,2026-06-26T21:35:40Z,"45119e62-fb47-42df-8e3f-62a36597ee45"
"Proveedor de infraestructura tecnológica en Estado de México","proveedor-infraestructura-tecnologica-estado-de-mexico","Proveedor de Infraestructura Tecnológica para Empresas en Estado de México","Implementamos infraestructura tecnológica, redes, audio, video y seguridad para empresas en Estado de México.","Proveedor de Infraestructura Tecnológica en Estado de México | Blegam Corp","Blegam Corp es tu Proveedor de infraestructura tecnológica en Estado de México. Implementamos redes, cableado estructurado, soluciones IT, audio, video, seguridad electrónica, control de acceso y videovigilancia para empresas e instituciones. Solicita una cotización.","https://wa.me/525517390097?text=SW-%20Hola%20quisiera%20m%C3%A1s%20informaci%C3%B3n%20de%20sus%20servicios%20de%20Proveedor%20de%20infraestructura%20tecnol%C3%B3gica%20en%20Estado%20de%20México.","Proveedor de Infraestructura Tecnológica para Empresas","Estado de México","Estado de México","77507735-8216-4b6e-9a41-bf1f993491d9",2026-06-26T21:33:56Z,2026-06-26T21:35:40Z,"45119e62-fb47-42df-8e3f-62a36597ee45"
"Proveedor de infraestructura tecnológica en San Ángel, Ciudad de México","proveedor-infraestructura-tecnologica-san-angel-ciudad-de-mexico","Proveedor de Infraestructura Tecnológica para Empresas en San Ángel, Ciudad de México","Implementamos infraestructura tecnológica, redes, audio, video y seguridad para empresas en San Ángel, Ciudad de México.","Proveedor de Infraestructura Tecnológica en San Ángel, Ciudad de México | Blegam Corp","Blegam Corp es tu Proveedor de infraestructura tecnológica en San Ángel, Ciudad de México. Implementamos redes, cableado estructurado, soluciones IT, audio, video, seguridad electrónica, control de acceso y videovigilancia para empresas e instituciones. Solicita una cotización.","https://wa.me/525517390097?text=SW-%20Hola%20quisiera%20m%C3%A1s%20informaci%C3%B3n%20de%20sus%20servicios%20de%20Proveedor%20de%20infraestructura%20tecnol%C3%B3gica%20en%20San%20Ángel%2C%20Ciudad%20de%20México.","Proveedor de Infraestructura Tecnológica para Empresas","San Ángel","Ciudad de México","78bc4507-4024-43a0-bb4d-d2bd80e44fcd",2026-06-26T21:33:56Z,2026-06-26T21:35:40Z,"45119e62-fb47-42df-8e3f-62a36597ee45"
"Proveedor de infraestructura tecnológica en Ecatepec","proveedor-infraestructura-tecnologica-ecatepec","Proveedor de Infraestructura Tecnológica para Empresas en Ecatepec","Implementamos infraestructura tecnológica, redes, audio, video y seguridad para empresas en Ecatepec.","Proveedor de Infraestructura Tecnológica en Ecatepec | Blegam Corp","Blegam Corp es tu Proveedor de infraestructura tecnológica en Ecatepec. Implementamos redes, cableado estructurado, soluciones IT, audio, video, seguridad electrónica, control de acceso y videovigilancia para empresas e instituciones. Solicita una cotización.","https://wa.me/525517390097?text=SW-%20Hola%20quisiera%20m%C3%A1s%20informaci%C3%B3n%20de%20sus%20servicios%20de%20Proveedor%20de%20infraestructura%20tecnol%C3%B3gica%20en%20Ecatepec.","Proveedor de Infraestructura Tecnológica para Empresas","Ecatepec","Estado de México","7a4e71a9-cd8b-43d6-af0e-d7bfde5dc8a4",2026-06-26T21:33:56Z,2026-06-26T21:35:40Z,"45119e62-fb47-42df-8e3f-62a36597ee45"
"Proveedor de infraestructura tecnológica en Oaxaca de Juárez","proveedor-infraestructura-tecnologica-oaxaca-de-juarez","Proveedor de Infraestructura Tecnológica para Empresas en Oaxaca de Juárez","Implementamos infraestructura tecnológica, redes, audio, video y seguridad para empresas en Oaxaca de Juárez.","Proveedor de Infraestructura Tecnológica en Oaxaca de Juárez | Blegam Corp","Blegam Corp es tu Proveedor de infraestructura tecnológica en Oaxaca de Juárez. Implementamos redes, cableado estructurado, soluciones IT, audio, video, seguridad electrónica, control de acceso y videovigilancia para empresas e instituciones. Solicita una cotización.","https://wa.me/525517390097?text=SW-%20Hola%20quisiera%20m%C3%A1s%20informaci%C3%B3n%20de%20sus%20servicios%20de%20Proveedor%20de%20infraestructura%20tecnol%C3%B3gica%20en%20Oaxaca%20de%20Juárez.","Proveedor de Infraestructura Tecnológica para Empresas","Oaxaca de Juárez","Oaxaca","7c0f385b-b3fb-42d4-87a9-e97ef1c33885",2026-06-26T21:33:56Z,2026-06-26T21:35:40Z,"45119e62-fb47-42df-8e3f-62a36597ee45"
"Proveedor de infraestructura tecnológica en Las Misiones, Nuevo León","proveedor-infraestructura-tecnologica-las-misiones-nuevo-leon","Proveedor de Infraestructura Tecnológica para Empresas en Las Misiones, Nuevo León","Implementamos infraestructura tecnológica, redes, audio, video y seguridad para empresas en Las Misiones, Nuevo León.","Proveedor de Infraestructura Tecnológica en Las Misiones, Nuevo León | Blegam Corp","Blegam Corp es tu Proveedor de infraestructura tecnológica en Las Misiones, Nuevo León. Implementamos redes, cableado estructurado, soluciones IT, audio, video, seguridad electrónica, control de acceso y videovigilancia para empresas e instituciones. Solicita una cotización.","https://wa.me/525517390097?text=SW-%20Hola%20quisiera%20m%C3%A1s%20informaci%C3%B3n%20de%20sus%20servicios%20de%20Proveedor%20de%20infraestructura%20tecnol%C3%B3gica%20en%20Las%20Misiones%2C%20Nuevo%20León.","Proveedor de Infraestructura Tecnológica para Empresas","Las Misiones","Nuevo León","7c81323e-1b8b-4b1a-9cea-b692bf25c324",2026-06-26T21:33:56Z,2026-06-26T21:35:40Z,"45119e62-fb47-42df-8e3f-62a36597ee45"
"Proveedor de infraestructura tecnológica en Ciudad Valles","proveedor-infraestructura-tecnologica-ciudad-valles","Proveedor de Infraestructura Tecnológica para Empresas en Ciudad Valles","Implementamos infraestructura tecnológica, redes, audio, video y seguridad para empresas en Ciudad Valles.","Proveedor de Infraestructura Tecnológica en Ciudad Valles | Blegam Corp","Blegam Corp es tu Proveedor de infraestructura tecnológica en Ciudad Valles. Implementamos redes, cableado estructurado, soluciones IT, audio, video, seguridad electrónica, control de acceso y videovigilancia para empresas e instituciones. Solicita una cotización.","https://wa.me/525517390097?text=SW-%20Hola%20quisiera%20m%C3%A1s%20informaci%C3%B3n%20de%20sus%20servicios%20de%20Proveedor%20de%20infraestructura%20tecnol%C3%B3gica%20en%20Ciudad%20Valles.","Proveedor de Infraestructura Tecnológica para Empresas","Ciudad Valles","San Luis Potosí","7e2aa718-f43b-41f3-80f7-872e4bbf840a",2026-06-26T21:33:56Z,2026-06-26T21:35:40Z,"45119e62-fb47-42df-8e3f-62a36597ee45"
"Proveedor de infraestructura tecnológica en Nuevo León","proveedor-infraestructura-tecnologica-nuevo-leon","Proveedor de Infraestructura Tecnológica para Empresas en Nuevo León","Implementamos infraestructura tecnológica, redes, audio, video y seguridad para empresas en Nuevo León.","Proveedor de Infraestructura Tecnológica en Nuevo León | Blegam Corp","Blegam Corp es tu Proveedor de infraestructura tecnológica en Nuevo León. Implementamos redes, cableado estructurado, soluciones IT, audio, video, seguridad electrónica, control de acceso y videovigilancia para empresas e instituciones. Solicita una cotización.","https://wa.me/525517390097?text=SW-%20Hola%20quisiera%20m%C3%A1s%20informaci%C3%B3n%20de%20sus%20servicios%20de%20Proveedor%20de%20infraestructura%20tecnol%C3%B3gica%20en%20Nuevo%20León.","Proveedor de Infraestructura Tecnológica para Empresas","Nuevo León","Nuevo León","7e4d1391-f77d-40d4-a7d0-448d1f83797f",2026-06-26T21:33:56Z,2026-06-26T21:35:40Z,"45119e62-fb47-42df-8e3f-62a36597ee45"
"Proveedor de infraestructura tecnológica en Manzanillo","proveedor-infraestructura-tecnologica-manzanillo","Proveedor de Infraestructura Tecnológica para Empresas en Manzanillo","Implementamos infraestructura tecnológica, redes, audio, video y seguridad para empresas en Manzanillo.","Proveedor de Infraestructura Tecnológica en Manzanillo | Blegam Corp","Blegam Corp es tu Proveedor de infraestructura tecnológica en Manzanillo. Implementamos redes, cableado estructurado, soluciones IT, audio, video, seguridad electrónica, control de acceso y videovigilancia para empresas e instituciones. Solicita una cotización.","https://wa.me/525517390097?text=SW-%20Hola%20quisiera%20m%C3%A1s%20informaci%C3%B3n%20de%20sus%20servicios%20de%20Proveedor%20de%20infraestructura%20tecnol%C3%B3gica%20en%20Manzanillo.","Proveedor de Infraestructura Tecnológica para Empresas","Manzanillo","Colima","807e6e84-79d1-4c9c-bdc4-8aa89558e4e0",2026-06-26T21:33:56Z,2026-06-26T21:35:40Z,"45119e62-fb47-42df-8e3f-62a36597ee45"
"Proveedor de infraestructura tecnológica en Nogales","proveedor-infraestructura-tecnologica-nogales","Proveedor de Infraestructura Tecnológica para Empresas en Nogales","Implementamos infraestructura tecnológica, redes, audio, video y seguridad para empresas en Nogales.","Proveedor de Infraestructura Tecnológica en Nogales | Blegam Corp","Blegam Corp es tu Proveedor de infraestructura tecnológica en Nogales. Implementamos redes, cableado estructurado, soluciones IT, audio, video, seguridad electrónica, control de acceso y videovigilancia para empresas e instituciones. Solicita una cotización.","https://wa.me/525517390097?text=SW-%20Hola%20quisiera%20m%C3%A1s%20informaci%C3%B3n%20de%20sus%20servicios%20de%20Proveedor%20de%20infraestructura%20tecnol%C3%B3gica%20en%20Nogales.","Proveedor de Infraestructura Tecnológica para Empresas","Nogales","Sonora","808661c8-4e28-4dd3-8ee2-66c81d6d68bf",2026-06-26T21:33:56Z,2026-06-26T21:35:40Z,"45119e62-fb47-42df-8e3f-62a36597ee45"
"Proveedor de infraestructura tecnológica en Andares, Jalisco","proveedor-infraestructura-tecnologica-andares-jalisco","Proveedor de Infraestructura Tecnológica para Empresas en Andares, Jalisco","Implementamos infraestructura tecnológica, redes, audio, video y seguridad para empresas en Andares, Jalisco.","Proveedor de Infraestructura Tecnológica en Andares, Jalisco | Blegam Corp","Blegam Corp es tu Proveedor de infraestructura tecnológica en Andares, Jalisco. Implementamos redes, cableado estructurado, soluciones IT, audio, video, seguridad electrónica, control de acceso y videovigilancia para empresas e instituciones. Solicita una cotización.","https://wa.me/525517390097?text=SW-%20Hola%20quisiera%20m%C3%A1s%20informaci%C3%B3n%20de%20sus%20servicios%20de%20Proveedor%20de%20infraestructura%20tecnol%C3%B3gica%20en%20Andares%2C%20Jalisco.","Proveedor de Infraestructura Tecnológica para Empresas","Andares","Jalisco","82316282-2b6e-48f2-ae5c-ca5e1e6712d5",2026-06-26T21:33:56Z,2026-06-26T21:35:40Z,"45119e62-fb47-42df-8e3f-62a36597ee45"
"Proveedor de infraestructura tecnológica en Metepec","proveedor-infraestructura-tecnologica-metepec","Proveedor de Infraestructura Tecnológica para Empresas en Metepec","Implementamos infraestructura tecnológica, redes, audio, video y seguridad para empresas en Metepec.","Proveedor de Infraestructura Tecnológica en Metepec | Blegam Corp","Blegam Corp es tu Proveedor de infraestructura tecnológica en Metepec. Implementamos redes, cableado estructurado, soluciones IT, audio, video, seguridad electrónica, control de acceso y videovigilancia para empresas e instituciones. Solicita una cotización.","https://wa.me/525517390097?text=SW-%20Hola%20quisiera%20m%C3%A1s%20informaci%C3%B3n%20de%20sus%20servicios%20de%20Proveedor%20de%20infraestructura%20tecnol%C3%B3gica%20en%20Metepec.","Proveedor de Infraestructura Tecnológica para Empresas","Metepec","Estado de México","82ed6524-60ff-476a-b636-446e79d38323",2026-06-26T21:33:56Z,2026-06-26T21:35:40Z,"45119e62-fb47-42df-8e3f-62a36597ee45"
"Proveedor de infraestructura tecnológica en Acapulco","proveedor-infraestructura-tecnologica-acapulco","Proveedor de Infraestructura Tecnológica para Empresas en Acapulco","Implementamos infraestructura tecnológica, redes, audio, video y seguridad para empresas en Acapulco.","Proveedor de Infraestructura Tecnológica en Acapulco | Blegam Corp","Blegam Corp es tu Proveedor de infraestructura tecnológica en Acapulco. Implementamos redes, cableado estructurado, soluciones IT, audio, video, seguridad electrónica, control de acceso y videovigilancia para empresas e instituciones. Solicita una cotización.","https://wa.me/525517390097?text=SW-%20Hola%20quisiera%20m%C3%A1s%20informaci%C3%B3n%20de%20sus%20servicios%20de%20Proveedor%20de%20infraestructura%20tecnol%C3%B3gica%20en%20Acapulco.","Proveedor de Infraestructura Tecnológica para Empresas","Acapulco","Guerrero","83f162a9-29f3-4712-be9b-780b0686b9de",2026-06-26T21:33:56Z,2026-06-26T21:35:40Z,"45119e62-fb47-42df-8e3f-62a36597ee45"
"Proveedor de infraestructura tecnológica en Durango","proveedor-infraestructura-tecnologica-durango","Proveedor de Infraestructura Tecnológica para Empresas en Durango","Implementamos infraestructura tecnológica, redes, audio, video y seguridad para empresas en Durango.","Proveedor de Infraestructura Tecnológica en Durango | Blegam Corp","Blegam Corp es tu Proveedor de infraestructura tecnológica en Durango. Implementamos redes, cableado estructurado, soluciones IT, audio, video, seguridad electrónica, control de acceso y videovigilancia para empresas e instituciones. Solicita una cotización.","https://wa.me/525517390097?text=SW-%20Hola%20quisiera%20m%C3%A1s%20informaci%C3%B3n%20de%20sus%20servicios%20de%20Proveedor%20de%20infraestructura%20tecnol%C3%B3gica%20en%20Durango.","Proveedor de Infraestructura Tecnológica para Empresas","Durango","Durango","843ede7a-8a22-4539-a6c8-b5ce49e7bbab",2026-06-26T21:33:56Z,2026-06-26T21:35:40Z,"45119e62-fb47-42df-8e3f-62a36597ee45"
"Proveedor de infraestructura tecnológica en Providencia, Jalisco","proveedor-infraestructura-tecnologica-providencia-jalisco","Proveedor de Infraestructura Tecnológica para Empresas en Providencia, Jalisco","Implementamos infraestructura tecnológica, redes, audio, video y seguridad para empresas en Providencia, Jalisco.","Proveedor de Infraestructura Tecnológica en Providencia, Jalisco | Blegam Corp","Blegam Corp es tu Proveedor de infraestructura tecnológica en Providencia, Jalisco. Implementamos redes, cableado estructurado, soluciones IT, audio, video, seguridad electrónica, control de acceso y videovigilancia para empresas e instituciones. Solicita una cotización.","https://wa.me/525517390097?text=SW-%20Hola%20quisiera%20m%C3%A1s%20informaci%C3%B3n%20de%20sus%20servicios%20de%20Proveedor%20de%20infraestructura%20tecnol%C3%B3gica%20en%20Providencia%2C%20Jalisco.","Proveedor de Infraestructura Tecnológica para Empresas","Providencia","Jalisco","85f1adce-f300-4e71-adc3-0c2a78ddef1f",2026-06-26T21:33:56Z,2026-06-26T21:35:40Z,"45119e62-fb47-42df-8e3f-62a36597ee45"
"Proveedor de infraestructura tecnológica en Apizaco","proveedor-infraestructura-tecnologica-apizaco","Proveedor de Infraestructura Tecnológica para Empresas en Apizaco","Implementamos infraestructura tecnológica, redes, audio, video y seguridad para empresas en Apizaco.","Proveedor de Infraestructura Tecnológica en Apizaco | Blegam Corp","Blegam Corp es tu Proveedor de infraestructura tecnológica en Apizaco. Implementamos redes, cableado estructurado, soluciones IT, audio, video, seguridad electrónica, control de acceso y videovigilancia para empresas e instituciones. Solicita una cotización.","https://wa.me/525517390097?text=SW-%20Hola%20quisiera%20m%C3%A1s%20informaci%C3%B3n%20de%20sus%20servicios%20de%20Proveedor%20de%20infraestructura%20tecnol%C3%B3gica%20en%20Apizaco.","Proveedor de Infraestructura Tecnológica para Empresas","Apizaco","Tlaxcala","8737e088-975f-46a3-95f0-64d2b52e75bc",2026-06-26T21:33:56Z,2026-06-26T21:35:40Z,"45119e62-fb47-42df-8e3f-62a36597ee45"
"Proveedor de infraestructura tecnológica en San José del Cabo","proveedor-infraestructura-tecnologica-san-jose-del-cabo","Proveedor de Infraestructura Tecnológica para Empresas en San José del Cabo","Implementamos infraestructura tecnológica, redes, audio, video y seguridad para empresas en San José del Cabo.","Proveedor de Infraestructura Tecnológica en San José del Cabo | Blegam Corp","Blegam Corp es tu Proveedor de infraestructura tecnológica en San José del Cabo. Implementamos redes, cableado estructurado, soluciones IT, audio, video, seguridad electrónica, control de acceso y videovigilancia para empresas e instituciones. Solicita una cotización.","https://wa.me/525517390097?text=SW-%20Hola%20quisiera%20m%C3%A1s%20informaci%C3%B3n%20de%20sus%20servicios%20de%20Proveedor%20de%20infraestructura%20tecnol%C3%B3gica%20en%20San%20José%20del%20Cabo.","Proveedor de Infraestructura Tecnológica para Empresas","San José del Cabo","Baja California Sur","8774cf75-0aa7-425e-9e07-23638ce02863",2026-06-26T21:33:56Z,2026-06-26T21:35:40Z,"45119e62-fb47-42df-8e3f-62a36597ee45"
"Proveedor de infraestructura tecnológica en Mazatlán","proveedor-infraestructura-tecnologica-mazatlan","Proveedor de Infraestructura Tecnológica para Empresas en Mazatlán","Implementamos infraestructura tecnológica, redes, audio, video y seguridad para empresas en Mazatlán.","Proveedor de Infraestructura Tecnológica en Mazatlán | Blegam Corp","Blegam Corp es tu Proveedor de infraestructura tecnológica en Mazatlán. Implementamos redes, cableado estructurado, soluciones IT, audio, video, seguridad electrónica, control de acceso y videovigilancia para empresas e instituciones. Solicita una cotización.","https://wa.me/525517390097?text=SW-%20Hola%20quisiera%20m%C3%A1s%20informaci%C3%B3n%20de%20sus%20servicios%20de%20Proveedor%20de%20infraestructura%20tecnol%C3%B3gica%20en%20Mazatlán.","Proveedor de Infraestructura Tecnológica para Empresas","Mazatlán","Sinaloa","87760c2e-757f-4c39-9d08-b7d6f6a4281a",2026-06-26T21:33:56Z,2026-06-26T21:35:40Z,"45119e62-fb47-42df-8e3f-62a36597ee45"
"Proveedor de infraestructura tecnológica en Anzures, Ciudad de México","proveedor-infraestructura-tecnologica-anzures-ciudad-de-mexico","Proveedor de Infraestructura Tecnológica para Empresas en Anzures, Ciudad de México","Implementamos infraestructura tecnológica, redes, audio, video y seguridad para empresas en Anzures, Ciudad de México.","Proveedor de Infraestructura Tecnológica en Anzures, Ciudad de México | Blegam Corp","Blegam Corp es tu Proveedor de infraestructura tecnológica en Anzures, Ciudad de México. Implementamos redes, cableado estructurado, soluciones IT, audio, video, seguridad electrónica, control de acceso y videovigilancia para empresas e instituciones. Solicita una cotización.","https://wa.me/525517390097?text=SW-%20Hola%20quisiera%20m%C3%A1s%20informaci%C3%B3n%20de%20sus%20servicios%20de%20Proveedor%20de%20infraestructura%20tecnol%C3%B3gica%20en%20Anzures%2C%20Ciudad%20de%20México.","Proveedor de Infraestructura Tecnológica para Empresas","Anzures","Ciudad de México","8825d75f-60bf-46c3-ba50-29428f6031ad",2026-06-26T21:33:56Z,2026-06-26T21:35:40Z,"45119e62-fb47-42df-8e3f-62a36597ee45"
"Proveedor de infraestructura tecnológica en Privanzas, Nuevo León","proveedor-infraestructura-tecnologica-privanzas-nuevo-leon","Proveedor de Infraestructura Tecnológica para Empresas en Privanzas, Nuevo León","Implementamos infraestructura tecnológica, redes, audio, video y seguridad para empresas en Privanzas, Nuevo León.","Proveedor de Infraestructura Tecnológica en Privanzas, Nuevo León | Blegam Corp","Blegam Corp es tu Proveedor de infraestructura tecnológica en Privanzas, Nuevo León. Implementamos redes, cableado estructurado, soluciones IT, audio, video, seguridad electrónica, control de acceso y videovigilancia para empresas e instituciones. Solicita una cotización.","https://wa.me/525517390097?text=SW-%20Hola%20quisiera%20m%C3%A1s%20informaci%C3%B3n%20de%20sus%20servicios%20de%20Proveedor%20de%20infraestructura%20tecnol%C3%B3gica%20en%20Privanzas%2C%20Nuevo%20León.","Proveedor de Infraestructura Tecnológica para Empresas","Privanzas","Nuevo León","889d8e8d-cfee-40aa-9f22-bd0df4e9d259",2026-06-26T21:33:56Z,2026-06-26T21:35:40Z,"45119e62-fb47-42df-8e3f-62a36597ee45"
"Proveedor de infraestructura tecnológica en Cumbres, Nuevo León","proveedor-infraestructura-tecnologica-cumbres-nuevo-leon","Proveedor de Infraestructura Tecnológica para Empresas en Cumbres, Nuevo León","Implementamos infraestructura tecnológica, redes, audio, video y seguridad para empresas en Cumbres, Nuevo León.","Proveedor de Infraestructura Tecnológica en Cumbres, Nuevo León | Blegam Corp","Blegam Corp es tu Proveedor de infraestructura tecnológica en Cumbres, Nuevo León. Implementamos redes, cableado estructurado, soluciones IT, audio, video, seguridad electrónica, control de acceso y videovigilancia para empresas e instituciones. Solicita una cotización.","https://wa.me/525517390097?text=SW-%20Hola%20quisiera%20m%C3%A1s%20informaci%C3%B3n%20de%20sus%20servicios%20de%20Proveedor%20de%20infraestructura%20tecnol%C3%B3gica%20en%20Cumbres%2C%20Nuevo%20León.","Proveedor de Infraestructura Tecnológica para Empresas","Cumbres","Nuevo León","89093b61-1200-484b-a8a9-1194be4c5fcf",2026-06-26T21:33:56Z,2026-06-26T21:35:40Z,"45119e62-fb47-42df-8e3f-62a36597ee45"
"Proveedor de infraestructura tecnológica en Cuauhtémoc","proveedor-infraestructura-tecnologica-cuauhtemoc","Proveedor de Infraestructura Tecnológica para Empresas en Cuauhtémoc","Implementamos infraestructura tecnológica, redes, audio, video y seguridad para empresas en Cuauhtémoc.","Proveedor de Infraestructura Tecnológica en Cuauhtémoc | Blegam Corp","Blegam Corp es tu Proveedor de infraestructura tecnológica en Cuauhtémoc. Implementamos redes, cableado estructurado, soluciones IT, audio, video, seguridad electrónica, control de acceso y videovigilancia para empresas e instituciones. Solicita una cotización.","https://wa.me/525517390097?text=SW-%20Hola%20quisiera%20m%C3%A1s%20informaci%C3%B3n%20de%20sus%20servicios%20de%20Proveedor%20de%20infraestructura%20tecnol%C3%B3gica%20en%20Cuauhtémoc.","Proveedor de Infraestructura Tecnológica para Empresas","Cuauhtémoc","Chihuahua","890e57e7-c4b5-4b4e-893d-69e297dda3ba",2026-06-26T21:33:56Z,2026-06-26T21:35:40Z,"45119e62-fb47-42df-8e3f-62a36597ee45"
"Proveedor de infraestructura tecnológica en Mérida","proveedor-infraestructura-tecnologica-merida","Proveedor de Infraestructura Tecnológica para Empresas en Mérida","Implementamos infraestructura tecnológica, redes, audio, video y seguridad para empresas en Mérida.","Proveedor de Infraestructura Tecnológica en Mérida | Blegam Corp","Blegam Corp es tu Proveedor de infraestructura tecnológica en Mérida. Implementamos redes, cableado estructurado, soluciones IT, audio, video, seguridad electrónica, control de acceso y videovigilancia para empresas e instituciones. Solicita una cotización.","https://wa.me/525517390097?text=SW-%20Hola%20quisiera%20m%C3%A1s%20informaci%C3%B3n%20de%20sus%20servicios%20de%20Proveedor%20de%20infraestructura%20tecnol%C3%B3gica%20en%20Mérida.","Proveedor de Infraestructura Tecnológica para Empresas","Mérida","Yucatán","8a547a66-f8dc-4d0c-ac43-febcd67eaa1b",2026-06-26T21:33:56Z,2026-06-26T21:35:40Z,"45119e62-fb47-42df-8e3f-62a36597ee45"
"Proveedor de infraestructura tecnológica en Venustiano Carranza","proveedor-infraestructura-tecnologica-venustiano-carranza","Proveedor de Infraestructura Tecnológica para Empresas en Venustiano Carranza","Implementamos infraestructura tecnológica, redes, audio, video y seguridad para empresas en Venustiano Carranza.","Proveedor de Infraestructura Tecnológica en Venustiano Carranza | Blegam Corp","Blegam Corp es tu Proveedor de infraestructura tecnológica en Venustiano Carranza. Implementamos redes, cableado estructurado, soluciones IT, audio, video, seguridad electrónica, control de acceso y videovigilancia para empresas e instituciones. Solicita una cotización.","https://wa.me/525517390097?text=SW-%20Hola%20quisiera%20m%C3%A1s%20informaci%C3%B3n%20de%20sus%20servicios%20de%20Proveedor%20de%20infraestructura%20tecnol%C3%B3gica%20en%20Venustiano%20Carranza.","Proveedor de Infraestructura Tecnológica para Empresas","Venustiano Carranza","Ciudad de México","8a9658c5-b0a1-4d51-8a8a-2d4ef369f9f8",2026-06-26T21:33:56Z,2026-06-26T21:35:40Z,"45119e62-fb47-42df-8e3f-62a36597ee45"
"Proveedor de infraestructura tecnológica en Veracruz","proveedor-infraestructura-tecnologica-veracruz","Proveedor de Infraestructura Tecnológica para Empresas en Veracruz","Implementamos infraestructura tecnológica, redes, audio, video y seguridad para empresas en Veracruz.","Proveedor de Infraestructura Tecnológica en Veracruz | Blegam Corp","Blegam Corp es tu Proveedor de infraestructura tecnológica en Veracruz. Implementamos redes, cableado estructurado, soluciones IT, audio, video, seguridad electrónica, control de acceso y videovigilancia para empresas e instituciones. Solicita una cotización.","https://wa.me/525517390097?text=SW-%20Hola%20quisiera%20m%C3%A1s%20informaci%C3%B3n%20de%20sus%20servicios%20de%20Proveedor%20de%20infraestructura%20tecnol%C3%B3gica%20en%20Veracruz.","Proveedor de Infraestructura Tecnológica para Empresas","Veracruz","Veracruz","8b336530-cbba-4b3c-a062-e340a05899af",2026-06-26T21:33:56Z,2026-06-26T21:35:40Z,"45119e62-fb47-42df-8e3f-62a36597ee45"
"Proveedor de infraestructura tecnológica en Country Club, Jalisco","proveedor-infraestructura-tecnologica-country-club-jalisco","Proveedor de Infraestructura Tecnológica para Empresas en Country Club, Jalisco","Implementamos infraestructura tecnológica, redes, audio, video y seguridad para empresas en Country Club, Jalisco.","Proveedor de Infraestructura Tecnológica en Country Club, Jalisco | Blegam Corp","Blegam Corp es tu Proveedor de infraestructura tecnológica en Country Club, Jalisco. Implementamos redes, cableado estructurado, soluciones IT, audio, video, seguridad electrónica, control de acceso y videovigilancia para empresas e instituciones. Solicita una cotización.","https://wa.me/525517390097?text=SW-%20Hola%20quisiera%20m%C3%A1s%20informaci%C3%B3n%20de%20sus%20servicios%20de%20Proveedor%20de%20infraestructura%20tecnol%C3%B3gica%20en%20Country%20Club%2C%20Jalisco.","Proveedor de Infraestructura Tecnológica para Empresas","Country Club","Jalisco","8f36faa4-cf6f-476b-b89c-d244c382ce05",2026-06-26T21:33:56Z,2026-06-26T21:35:40Z,"45119e62-fb47-42df-8e3f-62a36597ee45"
"Proveedor de infraestructura tecnológica en Aguascalientes","proveedor-infraestructura-tecnologica-aguascalientes","Proveedor de Infraestructura Tecnológica para Empresas en Aguascalientes","Implementamos infraestructura tecnológica, redes, audio, video y seguridad para empresas en Aguascalientes.","Proveedor de Infraestructura Tecnológica en Aguascalientes | Blegam Corp","Blegam Corp es tu Proveedor de infraestructura tecnológica en Aguascalientes. Implementamos redes, cableado estructurado, soluciones IT, audio, video, seguridad electrónica, control de acceso y videovigilancia para empresas e instituciones. Solicita una cotización.","https://wa.me/525517390097?text=SW-%20Hola%20quisiera%20m%C3%A1s%20informaci%C3%B3n%20de%20sus%20servicios%20de%20Proveedor%20de%20infraestructura%20tecnol%C3%B3gica%20en%20Aguascalientes.","Proveedor de Infraestructura Tecnológica para Empresas","Aguascalientes","Aguascalientes","8fe265b8-de28-4618-be58-785af28dee7f",2026-06-26T21:07:45Z,2026-06-26T21:35:40Z,"45119e62-fb47-42df-8e3f-62a36597ee45"
"Proveedor de infraestructura tecnológica en Uruapan","proveedor-infraestructura-tecnologica-uruapan","Proveedor de Infraestructura Tecnológica para Empresas en Uruapan","Implementamos infraestructura tecnológica, redes, audio, video y seguridad para empresas en Uruapan.","Proveedor de Infraestructura Tecnológica en Uruapan | Blegam Corp","Blegam Corp es tu Proveedor de infraestructura tecnológica en Uruapan. Implementamos redes, cableado estructurado, soluciones IT, audio, video, seguridad electrónica, control de acceso y videovigilancia para empresas e instituciones. Solicita una cotización.","https://wa.me/525517390097?text=SW-%20Hola%20quisiera%20m%C3%A1s%20informaci%C3%B3n%20de%20sus%20servicios%20de%20Proveedor%20de%20infraestructura%20tecnol%C3%B3gica%20en%20Uruapan.","Proveedor de Infraestructura Tecnológica para Empresas","Uruapan","Michoacán","900e1db8-fa82-46cf-9a6e-09d86484f8cc",2026-06-26T21:33:56Z,2026-06-26T21:35:40Z,"45119e62-fb47-42df-8e3f-62a36597ee45"
"Proveedor de infraestructura tecnológica en Atlixco","proveedor-infraestructura-tecnologica-atlixco","Proveedor de Infraestructura Tecnológica para Empresas en Atlixco","Implementamos infraestructura tecnológica, redes, audio, video y seguridad para empresas en Atlixco.","Proveedor de Infraestructura Tecnológica en Atlixco | Blegam Corp","Blegam Corp es tu Proveedor de infraestructura tecnológica en Atlixco. Implementamos redes, cableado estructurado, soluciones IT, audio, video, seguridad electrónica, control de acceso y videovigilancia para empresas e instituciones. Solicita una cotización.","https://wa.me/525517390097?text=SW-%20Hola%20quisiera%20m%C3%A1s%20informaci%C3%B3n%20de%20sus%20servicios%20de%20Proveedor%20de%20infraestructura%20tecnol%C3%B3gica%20en%20Atlixco.","Proveedor de Infraestructura Tecnológica para Empresas","Atlixco","Puebla","91795a83-6a5c-47dc-bc09-6c1283c5b52f",2026-06-26T21:33:56Z,2026-06-26T21:35:40Z,"45119e62-fb47-42df-8e3f-62a36597ee45"
"Proveedor de infraestructura tecnológica en Milpa Alta","proveedor-infraestructura-tecnologica-milpa-alta","Proveedor de Infraestructura Tecnológica para Empresas en Milpa Alta","Implementamos infraestructura tecnológica, redes, audio, video y seguridad para empresas en Milpa Alta.","Proveedor de Infraestructura Tecnológica en Milpa Alta | Blegam Corp","Blegam Corp es tu Proveedor de infraestructura tecnológica en Milpa Alta. Implementamos redes, cableado estructurado, soluciones IT, audio, video, seguridad electrónica, control de acceso y videovigilancia para empresas e instituciones. Solicita una cotización.","https://wa.me/525517390097?text=SW-%20Hola%20quisiera%20m%C3%A1s%20informaci%C3%B3n%20de%20sus%20servicios%20de%20Proveedor%20de%20infraestructura%20tecnol%C3%B3gica%20en%20Milpa%20Alta.","Proveedor de Infraestructura Tecnológica para Empresas","Milpa Alta","Ciudad de México","94620c00-b075-48b6-9593-9d224f9e7375",2026-06-26T21:33:56Z,2026-06-26T21:35:40Z,"45119e62-fb47-42df-8e3f-62a36597ee45"
"Proveedor de infraestructura tecnológica en Xochimilco","proveedor-infraestructura-tecnologica-xochimilco","Proveedor de Infraestructura Tecnológica para Empresas en Xochimilco","Implementamos infraestructura tecnológica, redes, audio, video y seguridad para empresas en Xochimilco.","Proveedor de Infraestructura Tecnológica en Xochimilco | Blegam Corp","Blegam Corp es tu Proveedor de infraestructura tecnológica en Xochimilco. Implementamos redes, cableado estructurado, soluciones IT, audio, video, seguridad electrónica, control de acceso y videovigilancia para empresas e instituciones. Solicita una cotización.","https://wa.me/525517390097?text=SW-%20Hola%20quisiera%20m%C3%A1s%20informaci%C3%B3n%20de%20sus%20servicios%20de%20Proveedor%20de%20infraestructura%20tecnol%C3%B3gica%20en%20Xochimilco.","Proveedor de Infraestructura Tecnológica para Empresas","Xochimilco","Ciudad de México","95fadc5b-2b04-4ef9-92e7-bdffebb67e33",2026-06-26T21:33:56Z,2026-06-26T21:35:40Z,"45119e62-fb47-42df-8e3f-62a36597ee45"
"Proveedor de infraestructura tecnológica en Piedras Negras","proveedor-infraestructura-tecnologica-piedras-negras","Proveedor de Infraestructura Tecnológica para Empresas en Piedras Negras","Implementamos infraestructura tecnológica, redes, audio, video y seguridad para empresas en Piedras Negras.","Proveedor de Infraestructura Tecnológica en Piedras Negras | Blegam Corp","Blegam Corp es tu Proveedor de infraestructura tecnológica en Piedras Negras. Implementamos redes, cableado estructurado, soluciones IT, audio, video, seguridad electrónica, control de acceso y videovigilancia para empresas e instituciones. Solicita una cotización.","https://wa.me/525517390097?text=SW-%20Hola%20quisiera%20m%C3%A1s%20informaci%C3%B3n%20de%20sus%20servicios%20de%20Proveedor%20de%20infraestructura%20tecnol%C3%B3gica%20en%20Piedras%20Negras.","Proveedor de Infraestructura Tecnológica para Empresas","Piedras Negras","Coahuila","964e2fdd-870a-4355-b03b-41e8e491f3ae",2026-06-26T21:33:56Z,2026-06-26T21:35:40Z,"45119e62-fb47-42df-8e3f-62a36597ee45"
"Proveedor de infraestructura tecnológica en Sonora","proveedor-infraestructura-tecnologica-sonora","Proveedor de Infraestructura Tecnológica para Empresas en Sonora","Implementamos infraestructura tecnológica, redes, audio, video y seguridad para empresas en Sonora.","Proveedor de Infraestructura Tecnológica en Sonora | Blegam Corp","Blegam Corp es tu Proveedor de infraestructura tecnológica en Sonora. Implementamos redes, cableado estructurado, soluciones IT, audio, video, seguridad electrónica, control de acceso y videovigilancia para empresas e instituciones. Solicita una cotización.","https://wa.me/525517390097?text=SW-%20Hola%20quisiera%20m%C3%A1s%20informaci%C3%B3n%20de%20sus%20servicios%20de%20Proveedor%20de%20infraestructura%20tecnol%C3%B3gica%20en%20Sonora.","Proveedor de Infraestructura Tecnológica para Empresas","Sonora","Sonora","99feedbf-684e-41a9-8f3c-488f46fb1807",2026-06-26T21:33:56Z,2026-06-26T21:35:40Z,"45119e62-fb47-42df-8e3f-62a36597ee45"
"Proveedor de infraestructura tecnológica en Guadalajara","proveedor-infraestructura-tecnologica-guadalajara","Proveedor de Infraestructura Tecnológica para Empresas en Guadalajara","Implementamos infraestructura tecnológica, redes, audio, video y seguridad para empresas en Guadalajara.","Proveedor de Infraestructura Tecnológica en Guadalajara | Blegam Corp","Blegam Corp es tu Proveedor de infraestructura tecnológica en Guadalajara. Implementamos redes, cableado estructurado, soluciones IT, audio, video, seguridad electrónica, control de acceso y videovigilancia para empresas e instituciones. Solicita una cotización.","https://wa.me/525517390097?text=SW-%20Hola%20quisiera%20m%C3%A1s%20informaci%C3%B3n%20de%20sus%20servicios%20de%20Proveedor%20de%20infraestructura%20tecnol%C3%B3gica%20en%20Guadalajara.","Proveedor de Infraestructura Tecnológica para Empresas","Guadalajara","Jalisco","9af5d9dd-92d3-434a-ac44-bf798d3e3a89",2026-06-26T21:33:56Z,2026-06-26T21:35:40Z,"45119e62-fb47-42df-8e3f-62a36597ee45"
"Proveedor de infraestructura tecnológica en Reynosa","proveedor-infraestructura-tecnologica-reynosa","Proveedor de Infraestructura Tecnológica para Empresas en Reynosa","Implementamos infraestructura tecnológica, redes, audio, video y seguridad para empresas en Reynosa.","Proveedor de Infraestructura Tecnológica en Reynosa | Blegam Corp","Blegam Corp es tu Proveedor de infraestructura tecnológica en Reynosa. Implementamos redes, cableado estructurado, soluciones IT, audio, video, seguridad electrónica, control de acceso y videovigilancia para empresas e instituciones. Solicita una cotización.","https://wa.me/525517390097?text=SW-%20Hola%20quisiera%20m%C3%A1s%20informaci%C3%B3n%20de%20sus%20servicios%20de%20Proveedor%20de%20infraestructura%20tecnol%C3%B3gica%20en%20Reynosa.","Proveedor de Infraestructura Tecnológica para Empresas","Reynosa","Tamaulipas","9c4c2304-3aa0-410e-b93f-df197df3529d",2026-06-26T21:33:56Z,2026-06-26T21:35:40Z,"45119e62-fb47-42df-8e3f-62a36597ee45"
"Proveedor de infraestructura tecnológica en Naucalpan","proveedor-infraestructura-tecnologica-naucalpan","Proveedor de Infraestructura Tecnológica para Empresas en Naucalpan","Implementamos infraestructura tecnológica, redes, audio, video y seguridad para empresas en Naucalpan.","Proveedor de Infraestructura Tecnológica en Naucalpan | Blegam Corp","Blegam Corp es tu Proveedor de infraestructura tecnológica en Naucalpan. Implementamos redes, cableado estructurado, soluciones IT, audio, video, seguridad electrónica, control de acceso y videovigilancia para empresas e instituciones. Solicita una cotización.","https://wa.me/525517390097?text=SW-%20Hola%20quisiera%20m%C3%A1s%20informaci%C3%B3n%20de%20sus%20servicios%20de%20Proveedor%20de%20infraestructura%20tecnol%C3%B3gica%20en%20Naucalpan.","Proveedor de Infraestructura Tecnológica para Empresas","Naucalpan","Estado de México","9d01d0d6-1210-4fc9-acb9-8a930a25205e",2026-06-26T21:33:56Z,2026-06-26T21:35:40Z,"45119e62-fb47-42df-8e3f-62a36597ee45"
"Proveedor de infraestructura tecnológica en Miguel Hidalgo","proveedor-infraestructura-tecnologica-miguel-hidalgo","Proveedor de Infraestructura Tecnológica para Empresas en Miguel Hidalgo","Implementamos infraestructura tecnológica, redes, audio, video y seguridad para empresas en Miguel Hidalgo.","Proveedor de Infraestructura Tecnológica en Miguel Hidalgo | Blegam Corp","Blegam Corp es tu Proveedor de infraestructura tecnológica en Miguel Hidalgo. Implementamos redes, cableado estructurado, soluciones IT, audio, video, seguridad electrónica, control de acceso y videovigilancia para empresas e instituciones. Solicita una cotización.","https://wa.me/525517390097?text=SW-%20Hola%20quisiera%20m%C3%A1s%20informaci%C3%B3n%20de%20sus%20servicios%20de%20Proveedor%20de%20infraestructura%20tecnol%C3%B3gica%20en%20Miguel%20Hidalgo.","Proveedor de Infraestructura Tecnológica para Empresas","Miguel Hidalgo","Ciudad de México","9dc35f51-4c54-46b9-8e5b-704430f7634a",2026-06-26T21:33:56Z,2026-06-26T21:35:40Z,"45119e62-fb47-42df-8e3f-62a36597ee45"
"Proveedor de infraestructura tecnológica en Pedregal, Ciudad de México","proveedor-infraestructura-tecnologica-pedregal-ciudad-de-mexico","Proveedor de Infraestructura Tecnológica para Empresas en Pedregal, Ciudad de México","Implementamos infraestructura tecnológica, redes, audio, video y seguridad para empresas en Pedregal, Ciudad de México.","Proveedor de Infraestructura Tecnológica en Pedregal, Ciudad de México | Blegam Corp","Blegam Corp es tu Proveedor de infraestructura tecnológica en Pedregal, Ciudad de México. Implementamos redes, cableado estructurado, soluciones IT, audio, video, seguridad electrónica, control de acceso y videovigilancia para empresas e instituciones. Solicita una cotización.","https://wa.me/525517390097?text=SW-%20Hola%20quisiera%20m%C3%A1s%20informaci%C3%B3n%20de%20sus%20servicios%20de%20Proveedor%20de%20infraestructura%20tecnol%C3%B3gica%20en%20Pedregal%2C%20Ciudad%20de%20México.","Proveedor de Infraestructura Tecnológica para Empresas","Pedregal","Ciudad de México","9dc88eda-0dc1-4157-9370-dac9727e7122",2026-06-26T21:33:56Z,2026-06-26T21:35:40Z,"45119e62-fb47-42df-8e3f-62a36597ee45"
"Proveedor de infraestructura tecnológica en San Andrés Cholula","proveedor-infraestructura-tecnologica-san-andres-cholula","Proveedor de Infraestructura Tecnológica para Empresas en San Andrés Cholula","Implementamos infraestructura tecnológica, redes, audio, video y seguridad para empresas en San Andrés Cholula.","Proveedor de Infraestructura Tecnológica en San Andrés Cholula | Blegam Corp","Blegam Corp es tu Proveedor de infraestructura tecnológica en San Andrés Cholula. Implementamos redes, cableado estructurado, soluciones IT, audio, video, seguridad electrónica, control de acceso y videovigilancia para empresas e instituciones. Solicita una cotización.","https://wa.me/525517390097?text=SW-%20Hola%20quisiera%20m%C3%A1s%20informaci%C3%B3n%20de%20sus%20servicios%20de%20Proveedor%20de%20infraestructura%20tecnol%C3%B3gica%20en%20San%20Andrés%20Cholula.","Proveedor de Infraestructura Tecnológica para Empresas","San Andrés Cholula","Puebla","9e067f99-1355-48bf-9254-165550076650",2026-06-26T21:33:56Z,2026-06-26T21:35:40Z,"45119e62-fb47-42df-8e3f-62a36597ee45"
"Proveedor de infraestructura tecnológica en Torreón","proveedor-infraestructura-tecnologica-torreon","Proveedor de Infraestructura Tecnológica para Empresas en Torreón","Implementamos infraestructura tecnológica, redes, audio, video y seguridad para empresas en Torreón.","Proveedor de Infraestructura Tecnológica en Torreón | Blegam Corp","Blegam Corp es tu Proveedor de infraestructura tecnológica en Torreón. Implementamos redes, cableado estructurado, soluciones IT, audio, video, seguridad electrónica, control de acceso y videovigilancia para empresas e instituciones. Solicita una cotización.","https://wa.me/525517390097?text=SW-%20Hola%20quisiera%20m%C3%A1s%20informaci%C3%B3n%20de%20sus%20servicios%20de%20Proveedor%20de%20infraestructura%20tecnol%C3%B3gica%20en%20Torreón.","Proveedor de Infraestructura Tecnológica para Empresas","Torreón","Coahuila","9fc9d8bd-0597-4bf4-be4f-7a3cdd6d8329",2026-06-26T21:33:56Z,2026-06-26T21:35:40Z,"45119e62-fb47-42df-8e3f-62a36597ee45"
"Proveedor de infraestructura tecnológica en Narvarte, Ciudad de México","proveedor-infraestructura-tecnologica-narvarte-ciudad-de-mexico","Proveedor de Infraestructura Tecnológica para Empresas en Narvarte, Ciudad de México","Implementamos infraestructura tecnológica, redes, audio, video y seguridad para empresas en Narvarte, Ciudad de México.","Proveedor de Infraestructura Tecnológica en Narvarte, Ciudad de México | Blegam Corp","Blegam Corp es tu Proveedor de infraestructura tecnológica en Narvarte, Ciudad de México. Implementamos redes, cableado estructurado, soluciones IT, audio, video, seguridad electrónica, control de acceso y videovigilancia para empresas e instituciones. Solicita una cotización.","https://wa.me/525517390097?text=SW-%20Hola%20quisiera%20m%C3%A1s%20informaci%C3%B3n%20de%20sus%20servicios%20de%20Proveedor%20de%20infraestructura%20tecnol%C3%B3gica%20en%20Narvarte%2C%20Ciudad%20de%20México.","Proveedor de Infraestructura Tecnológica para Empresas","Narvarte","Ciudad de México","a00179e9-ad95-4194-9138-0cb8ebe526f7",2026-06-26T21:33:56Z,2026-06-26T21:35:40Z,"45119e62-fb47-42df-8e3f-62a36597ee45"
"Proveedor de infraestructura tecnológica en Puerta de Hierro, Jalisco","proveedor-infraestructura-tecnologica-puerta-de-hierro-jalisco","Proveedor de Infraestructura Tecnológica para Empresas en Puerta de Hierro, Jalisco","Implementamos infraestructura tecnológica, redes, audio, video y seguridad para empresas en Puerta de Hierro, Jalisco.","Proveedor de Infraestructura Tecnológica en Puerta de Hierro, Jalisco | Blegam Corp","Blegam Corp es tu Proveedor de infraestructura tecnológica en Puerta de Hierro, Jalisco. Implementamos redes, cableado estructurado, soluciones IT, audio, video, seguridad electrónica, control de acceso y videovigilancia para empresas e instituciones. Solicita una cotización.","https://wa.me/525517390097?text=SW-%20Hola%20quisiera%20m%C3%A1s%20informaci%C3%B3n%20de%20sus%20servicios%20de%20Proveedor%20de%20infraestructura%20tecnol%C3%B3gica%20en%20Puerta%20de%20Hierro%2C%20Jalisco.","Proveedor de Infraestructura Tecnológica para Empresas","Puerta de Hierro","Jalisco","a0069517-0f22-4579-956a-1165b91e6661",2026-06-26T21:33:56Z,2026-06-26T21:35:40Z,"45119e62-fb47-42df-8e3f-62a36597ee45"
"Proveedor de infraestructura tecnológica en Roma Sur, Ciudad de México","proveedor-infraestructura-tecnologica-roma-sur-ciudad-de-mexico","Proveedor de Infraestructura Tecnológica para Empresas en Roma Sur, Ciudad de México","Implementamos infraestructura tecnológica, redes, audio, video y seguridad para empresas en Roma Sur, Ciudad de México.","Proveedor de Infraestructura Tecnológica en Roma Sur, Ciudad de México | Blegam Corp","Blegam Corp es tu Proveedor de infraestructura tecnológica en Roma Sur, Ciudad de México. Implementamos redes, cableado estructurado, soluciones IT, audio, video, seguridad electrónica, control de acceso y videovigilancia para empresas e instituciones. Solicita una cotización.","https://wa.me/525517390097?text=SW-%20Hola%20quisiera%20m%C3%A1s%20informaci%C3%B3n%20de%20sus%20servicios%20de%20Proveedor%20de%20infraestructura%20tecnol%C3%B3gica%20en%20Roma%20Sur%2C%20Ciudad%20de%20México.","Proveedor de Infraestructura Tecnológica para Empresas","Roma Sur","Ciudad de México","a1cfd7f8-29d9-4965-b251-559d28a3529c",2026-06-26T21:33:56Z,2026-06-26T21:35:40Z,"45119e62-fb47-42df-8e3f-62a36597ee45"
"Proveedor de infraestructura tecnológica en Churubusco, Ciudad de México","proveedor-infraestructura-tecnologica-churubusco-ciudad-de-mexico","Proveedor de Infraestructura Tecnológica para Empresas en Churubusco, Ciudad de México","Implementamos infraestructura tecnológica, redes, audio, video y seguridad para empresas en Churubusco, Ciudad de México.","Proveedor de Infraestructura Tecnológica en Churubusco, Ciudad de México | Blegam Corp","Blegam Corp es tu Proveedor de infraestructura tecnológica en Churubusco, Ciudad de México. Implementamos redes, cableado estructurado, soluciones IT, audio, video, seguridad electrónica, control de acceso y videovigilancia para empresas e instituciones. Solicita una cotización.","https://wa.me/525517390097?text=SW-%20Hola%20quisiera%20m%C3%A1s%20informaci%C3%B3n%20de%20sus%20servicios%20de%20Proveedor%20de%20infraestructura%20tecnol%C3%B3gica%20en%20Churubusco%2C%20Ciudad%20de%20México.","Proveedor de Infraestructura Tecnológica para Empresas","Churubusco","Ciudad de México","a3c52ade-feaa-453a-bee9-d7ae029199e6",2026-06-26T21:33:56Z,2026-06-26T21:35:40Z,"45119e62-fb47-42df-8e3f-62a36597ee45"
"Proveedor de infraestructura tecnológica en Álvaro Obregón","proveedor-infraestructura-tecnologica-alvaro-obregon","Proveedor de Infraestructura Tecnológica para Empresas en Álvaro Obregón","Implementamos infraestructura tecnológica, redes, audio, video y seguridad para empresas en Álvaro Obregón.","Proveedor de Infraestructura Tecnológica en Álvaro Obregón | Blegam Corp","Blegam Corp es tu Proveedor de infraestructura tecnológica en Álvaro Obregón. Implementamos redes, cableado estructurado, soluciones IT, audio, video, seguridad electrónica, control de acceso y videovigilancia para empresas e instituciones. Solicita una cotización.","https://wa.me/525517390097?text=SW-%20Hola%20quisiera%20m%C3%A1s%20informaci%C3%B3n%20de%20sus%20servicios%20de%20Proveedor%20de%20infraestructura%20tecnol%C3%B3gica%20en%20Álvaro%20Obregón.","Proveedor de Infraestructura Tecnológica para Empresas","Álvaro Obregón","Ciudad de México","a4b91f69-eda4-49c0-b714-35b3821374a5",2026-06-26T21:33:56Z,2026-06-26T21:35:40Z,"45119e62-fb47-42df-8e3f-62a36597ee45"
"Proveedor de infraestructura tecnológica en San Miguel de Allende","proveedor-infraestructura-tecnologica-san-miguel-de-allende","Proveedor de Infraestructura Tecnológica para Empresas en San Miguel de Allende","Implementamos infraestructura tecnológica, redes, audio, video y seguridad para empresas en San Miguel de Allende.","Proveedor de Infraestructura Tecnológica en San Miguel de Allende | Blegam Corp","Blegam Corp es tu Proveedor de infraestructura tecnológica en San Miguel de Allende. Implementamos redes, cableado estructurado, soluciones IT, audio, video, seguridad electrónica, control de acceso y videovigilancia para empresas e instituciones. Solicita una cotización.","https://wa.me/525517390097?text=SW-%20Hola%20quisiera%20m%C3%A1s%20informaci%C3%B3n%20de%20sus%20servicios%20de%20Proveedor%20de%20infraestructura%20tecnol%C3%B3gica%20en%20San%20Miguel%20de%20Allende.","Proveedor de Infraestructura Tecnológica para Empresas","San Miguel de Allende","Guanajuato","a5d61738-d0cd-4ed3-8338-7d84d1d31329",2026-06-26T21:33:56Z,2026-06-26T21:35:40Z,"45119e62-fb47-42df-8e3f-62a36597ee45"
"Proveedor de infraestructura tecnológica en Ciudad Juárez","proveedor-infraestructura-tecnologica-ciudad-juarez","Proveedor de Infraestructura Tecnológica para Empresas en Ciudad Juárez","Implementamos infraestructura tecnológica, redes, audio, video y seguridad para empresas en Ciudad Juárez.","Proveedor de Infraestructura Tecnológica en Ciudad Juárez | Blegam Corp","Blegam Corp es tu Proveedor de infraestructura tecnológica en Ciudad Juárez. Implementamos redes, cableado estructurado, soluciones IT, audio, video, seguridad electrónica, control de acceso y videovigilancia para empresas e instituciones. Solicita una cotización.","https://wa.me/525517390097?text=SW-%20Hola%20quisiera%20m%C3%A1s%20informaci%C3%B3n%20de%20sus%20servicios%20de%20Proveedor%20de%20infraestructura%20tecnol%C3%B3gica%20en%20Ciudad%20Juárez.","Proveedor de Infraestructura Tecnológica para Empresas","Ciudad Juárez","Chihuahua","a7187fac-12cf-480a-81bf-8efceee618e6",2026-06-26T21:33:56Z,2026-06-26T21:35:40Z,"45119e62-fb47-42df-8e3f-62a36597ee45"
"Proveedor de infraestructura tecnológica en Rosarito","proveedor-infraestructura-tecnologica-rosarito","Proveedor de Infraestructura Tecnológica para Empresas en Rosarito","Implementamos infraestructura tecnológica, redes, audio, video y seguridad para empresas en Rosarito.","Proveedor de Infraestructura Tecnológica en Rosarito | Blegam Corp","Blegam Corp es tu Proveedor de infraestructura tecnológica en Rosarito. Implementamos redes, cableado estructurado, soluciones IT, audio, video, seguridad electrónica, control de acceso y videovigilancia para empresas e instituciones. Solicita una cotización.","https://wa.me/525517390097?text=SW-%20Hola%20quisiera%20m%C3%A1s%20informaci%C3%B3n%20de%20sus%20servicios%20de%20Proveedor%20de%20infraestructura%20tecnol%C3%B3gica%20en%20Rosarito.","Proveedor de Infraestructura Tecnológica para Empresas","Rosarito","Baja California","a9f36dc3-04c1-4d62-b3ff-e4a98391bb9f",2026-06-26T21:33:56Z,2026-06-26T21:35:40Z,"45119e62-fb47-42df-8e3f-62a36597ee45"
"Proveedor de infraestructura tecnológica en Culiacán","proveedor-infraestructura-tecnologica-culiacan","Proveedor de Infraestructura Tecnológica para Empresas en Culiacán","Implementamos infraestructura tecnológica, redes, audio, video y seguridad para empresas en Culiacán.","Proveedor de Infraestructura Tecnológica en Culiacán | Blegam Corp","Blegam Corp es tu Proveedor de infraestructura tecnológica en Culiacán. Implementamos redes, cableado estructurado, soluciones IT, audio, video, seguridad electrónica, control de acceso y videovigilancia para empresas e instituciones. Solicita una cotización.","https://wa.me/525517390097?text=SW-%20Hola%20quisiera%20m%C3%A1s%20informaci%C3%B3n%20de%20sus%20servicios%20de%20Proveedor%20de%20infraestructura%20tecnol%C3%B3gica%20en%20Culiacán.","Proveedor de Infraestructura Tecnológica para Empresas","Culiacán","Sinaloa","aa8f8378-8f84-4054-aa23-426429ef2f88",2026-06-26T21:33:56Z,2026-06-26T21:35:40Z,"45119e62-fb47-42df-8e3f-62a36597ee45"
"Proveedor de infraestructura tecnológica en Puerto Escondido","proveedor-infraestructura-tecnologica-puerto-escondido","Proveedor de Infraestructura Tecnológica para Empresas en Puerto Escondido","Implementamos infraestructura tecnológica, redes, audio, video y seguridad para empresas en Puerto Escondido.","Proveedor de Infraestructura Tecnológica en Puerto Escondido | Blegam Corp","Blegam Corp es tu Proveedor de infraestructura tecnológica en Puerto Escondido. Implementamos redes, cableado estructurado, soluciones IT, audio, video, seguridad electrónica, control de acceso y videovigilancia para empresas e instituciones. Solicita una cotización.","https://wa.me/525517390097?text=SW-%20Hola%20quisiera%20m%C3%A1s%20informaci%C3%B3n%20de%20sus%20servicios%20de%20Proveedor%20de%20infraestructura%20tecnol%C3%B3gica%20en%20Puerto%20Escondido.","Proveedor de Infraestructura Tecnológica para Empresas","Puerto Escondido","Oaxaca","ab80230c-e8e5-4187-a36f-0828581a41ef",2026-06-26T21:33:56Z,2026-06-26T21:35:40Z,"45119e62-fb47-42df-8e3f-62a36597ee45"
"Proveedor de infraestructura tecnológica en Huatulco","proveedor-infraestructura-tecnologica-huatulco","Proveedor de Infraestructura Tecnológica para Empresas en Huatulco","Implementamos infraestructura tecnológica, redes, audio, video y seguridad para empresas en Huatulco.","Proveedor de Infraestructura Tecnológica en Huatulco | Blegam Corp","Blegam Corp es tu Proveedor de infraestructura tecnológica en Huatulco. Implementamos redes, cableado estructurado, soluciones IT, audio, video, seguridad electrónica, control de acceso y videovigilancia para empresas e instituciones. Solicita una cotización.","https://wa.me/525517390097?text=SW-%20Hola%20quisiera%20m%C3%A1s%20informaci%C3%B3n%20de%20sus%20servicios%20de%20Proveedor%20de%20infraestructura%20tecnol%C3%B3gica%20en%20Huatulco.","Proveedor de Infraestructura Tecnológica para Empresas","Huatulco","Oaxaca","ac070866-0681-4986-8f38-91d2f169d779",2026-06-26T21:33:56Z,2026-06-26T21:35:40Z,"45119e62-fb47-42df-8e3f-62a36597ee45"
"Proveedor de infraestructura tecnológica en Chilpancingo","proveedor-infraestructura-tecnologica-chilpancingo","Proveedor de Infraestructura Tecnológica para Empresas en Chilpancingo","Implementamos infraestructura tecnológica, redes, audio, video y seguridad para empresas en Chilpancingo.","Proveedor de Infraestructura Tecnológica en Chilpancingo | Blegam Corp","Blegam Corp es tu Proveedor de infraestructura tecnológica en Chilpancingo. Implementamos redes, cableado estructurado, soluciones IT, audio, video, seguridad electrónica, control de acceso y videovigilancia para empresas e instituciones. Solicita una cotización.","https://wa.me/525517390097?text=SW-%20Hola%20quisiera%20m%C3%A1s%20informaci%C3%B3n%20de%20sus%20servicios%20de%20Proveedor%20de%20infraestructura%20tecnol%C3%B3gica%20en%20Chilpancingo.","Proveedor de Infraestructura Tecnológica para Empresas","Chilpancingo","Guerrero","ad24909a-2c2f-40bd-8f3f-b4570eb4497a",2026-06-26T21:33:56Z,2026-06-26T21:35:40Z,"45119e62-fb47-42df-8e3f-62a36597ee45"
"Proveedor de infraestructura tecnológica en Colima","proveedor-infraestructura-tecnologica-colima","Proveedor de Infraestructura Tecnológica para Empresas en Colima","Implementamos infraestructura tecnológica, redes, audio, video y seguridad para empresas en Colima.","Proveedor de Infraestructura Tecnológica en Colima | Blegam Corp","Blegam Corp es tu Proveedor de infraestructura tecnológica en Colima. Implementamos redes, cableado estructurado, soluciones IT, audio, video, seguridad electrónica, control de acceso y videovigilancia para empresas e instituciones. Solicita una cotización.","https://wa.me/525517390097?text=SW-%20Hola%20quisiera%20m%C3%A1s%20informaci%C3%B3n%20de%20sus%20servicios%20de%20Proveedor%20de%20infraestructura%20tecnol%C3%B3gica%20en%20Colima.","Proveedor de Infraestructura Tecnológica para Empresas","Colima","Colima","b07d6412-0676-4bbc-91d0-a60af4626011",2026-06-26T21:33:56Z,2026-06-26T21:35:40Z,"45119e62-fb47-42df-8e3f-62a36597ee45"
"Proveedor de infraestructura tecnológica en Huamantla","proveedor-infraestructura-tecnologica-huamantla","Proveedor de Infraestructura Tecnológica para Empresas en Huamantla","Implementamos infraestructura tecnológica, redes, audio, video y seguridad para empresas en Huamantla.","Proveedor de Infraestructura Tecnológica en Huamantla | Blegam Corp","Blegam Corp es tu Proveedor de infraestructura tecnológica en Huamantla. Implementamos redes, cableado estructurado, soluciones IT, audio, video, seguridad electrónica, control de acceso y videovigilancia para empresas e instituciones. Solicita una cotización.","https://wa.me/525517390097?text=SW-%20Hola%20quisiera%20m%C3%A1s%20informaci%C3%B3n%20de%20sus%20servicios%20de%20Proveedor%20de%20infraestructura%20tecnol%C3%B3gica%20en%20Huamantla.","Proveedor de Infraestructura Tecnológica para Empresas","Huamantla","Tlaxcala","b0ba8361-c648-41ee-b2c3-d3ad24179450",2026-06-26T21:33:56Z,2026-06-26T21:35:40Z,"45119e62-fb47-42df-8e3f-62a36597ee45"
"Proveedor de infraestructura tecnológica en Bosques de las Lomas, Ciudad de México","proveedor-infraestructura-tecnologica-bosques-de-las-lomas-ciudad-de-mexico","Proveedor de Infraestructura Tecnológica para Empresas en Bosques de las Lomas, Ciudad de México","Implementamos infraestructura tecnológica, redes, audio, video y seguridad para empresas en Bosques de las Lomas, Ciudad de México.","Proveedor de Infraestructura Tecnológica en Bosques de las Lomas, Ciudad de México | Blegam Corp","Blegam Corp es tu Proveedor de infraestructura tecnológica en Bosques de las Lomas, Ciudad de México. Implementamos redes, cableado estructurado, soluciones IT, audio, video, seguridad electrónica, control de acceso y videovigilancia para empresas e instituciones. Solicita una cotización.","https://wa.me/525517390097?text=SW-%20Hola%20quisiera%20m%C3%A1s%20informaci%C3%B3n%20de%20sus%20servicios%20de%20Proveedor%20de%20infraestructura%20tecnol%C3%B3gica%20en%20Bosques%20de%20las%20Lomas%2C%20Ciudad%20de%20México.","Proveedor de Infraestructura Tecnológica para Empresas","Bosques de las Lomas","Ciudad de México","b111dbf8-e864-4e34-93f3-4ae17f6e26fa",2026-06-26T21:33:56Z,2026-06-26T21:35:40Z,"45119e62-fb47-42df-8e3f-62a36597ee45"
"Proveedor de infraestructura tecnológica en Polanco, Ciudad de México","proveedor-infraestructura-tecnologica-polanco-ciudad-de-mexico","Proveedor de Infraestructura Tecnológica para Empresas en Polanco, Ciudad de México","Implementamos infraestructura tecnológica, redes, audio, video y seguridad para empresas en Polanco, Ciudad de México.","Proveedor de Infraestructura Tecnológica en Polanco, Ciudad de México | Blegam Corp","Blegam Corp es tu Proveedor de infraestructura tecnológica en Polanco, Ciudad de México. Implementamos redes, cableado estructurado, soluciones IT, audio, video, seguridad electrónica, control de acceso y videovigilancia para empresas e instituciones. Solicita una cotización.","https://wa.me/525517390097?text=SW-%20Hola%20quisiera%20m%C3%A1s%20informaci%C3%B3n%20de%20sus%20servicios%20de%20Proveedor%20de%20infraestructura%20tecnol%C3%B3gica%20en%20Polanco%2C%20Ciudad%20de%20México.","Proveedor de Infraestructura Tecnológica para Empresas","Polanco","Ciudad de México","b178b0a5-ec5f-4cd4-849e-647ad20a125d",2026-06-26T21:33:56Z,2026-06-26T21:35:40Z,"45119e62-fb47-42df-8e3f-62a36597ee45"
"Proveedor de infraestructura tecnológica en San Nicolás","proveedor-infraestructura-tecnologica-san-nicolas","Proveedor de Infraestructura Tecnológica para Empresas en San Nicolás","Implementamos infraestructura tecnológica, redes, audio, video y seguridad para empresas en San Nicolás.","Proveedor de Infraestructura Tecnológica en San Nicolás | Blegam Corp","Blegam Corp es tu Proveedor de infraestructura tecnológica en San Nicolás. Implementamos redes, cableado estructurado, soluciones IT, audio, video, seguridad electrónica, control de acceso y videovigilancia para empresas e instituciones. Solicita una cotización.","https://wa.me/525517390097?text=SW-%20Hola%20quisiera%20m%C3%A1s%20informaci%C3%B3n%20de%20sus%20servicios%20de%20Proveedor%20de%20infraestructura%20tecnol%C3%B3gica%20en%20San%20Nicolás.","Proveedor de Infraestructura Tecnológica para Empresas","San Nicolás","Nuevo León","b24fb775-6d0a-4bba-bf24-ef4f5ac60641",2026-06-26T21:33:56Z,2026-06-26T21:35:40Z,"45119e62-fb47-42df-8e3f-62a36597ee45"
"Proveedor de infraestructura tecnológica en Nicolás Romero","proveedor-infraestructura-tecnologica-nicolas-romero","Proveedor de Infraestructura Tecnológica para Empresas en Nicolás Romero","Implementamos infraestructura tecnológica, redes, audio, video y seguridad para empresas en Nicolás Romero.","Proveedor de Infraestructura Tecnológica en Nicolás Romero | Blegam Corp","Blegam Corp es tu Proveedor de infraestructura tecnológica en Nicolás Romero. Implementamos redes, cableado estructurado, soluciones IT, audio, video, seguridad electrónica, control de acceso y videovigilancia para empresas e instituciones. Solicita una cotización.","https://wa.me/525517390097?text=SW-%20Hola%20quisiera%20m%C3%A1s%20informaci%C3%B3n%20de%20sus%20servicios%20de%20Proveedor%20de%20infraestructura%20tecnol%C3%B3gica%20en%20Nicolás%20Romero.","Proveedor de Infraestructura Tecnológica para Empresas","Nicolás Romero","Estado de México","b25200f4-b0f5-4f70-8188-317bac77bfbe",2026-06-26T21:33:56Z,2026-06-26T21:35:40Z,"45119e62-fb47-42df-8e3f-62a36597ee45"
"Proveedor de infraestructura tecnológica en Vista Hermosa, Nuevo León","proveedor-infraestructura-tecnologica-vista-hermosa-nuevo-leon","Proveedor de Infraestructura Tecnológica para Empresas en Vista Hermosa, Nuevo León","Implementamos infraestructura tecnológica, redes, audio, video y seguridad para empresas en Vista Hermosa, Nuevo León.","Proveedor de Infraestructura Tecnológica en Vista Hermosa, Nuevo León | Blegam Corp","Blegam Corp es tu Proveedor de infraestructura tecnológica en Vista Hermosa, Nuevo León. Implementamos redes, cableado estructurado, soluciones IT, audio, video, seguridad electrónica, control de acceso y videovigilancia para empresas e instituciones. Solicita una cotización.","https://wa.me/525517390097?text=SW-%20Hola%20quisiera%20m%C3%A1s%20informaci%C3%B3n%20de%20sus%20servicios%20de%20Proveedor%20de%20infraestructura%20tecnol%C3%B3gica%20en%20Vista%20Hermosa%2C%20Nuevo%20León.","Proveedor de Infraestructura Tecnológica para Empresas","Vista Hermosa","Nuevo León","b2e24d0e-0e5a-47df-8536-718001b9fd60",2026-06-26T21:33:56Z,2026-06-26T21:35:40Z,"45119e62-fb47-42df-8e3f-62a36597ee45"
"Proveedor de infraestructura tecnológica en Playa del Carmen","proveedor-infraestructura-tecnologica-playa-del-carmen","Proveedor de Infraestructura Tecnológica para Empresas en Playa del Carmen","Implementamos infraestructura tecnológica, redes, audio, video y seguridad para empresas en Playa del Carmen.","Proveedor de Infraestructura Tecnológica en Playa del Carmen | Blegam Corp","Blegam Corp es tu Proveedor de infraestructura tecnológica en Playa del Carmen. Implementamos redes, cableado estructurado, soluciones IT, audio, video, seguridad electrónica, control de acceso y videovigilancia para empresas e instituciones. Solicita una cotización.","https://wa.me/525517390097?text=SW-%20Hola%20quisiera%20m%C3%A1s%20informaci%C3%B3n%20de%20sus%20servicios%20de%20Proveedor%20de%20infraestructura%20tecnol%C3%B3gica%20en%20Playa%20del%20Carmen.","Proveedor de Infraestructura Tecnológica para Empresas","Playa del Carmen","Quintana Roo","b314204a-8007-4c14-8468-86c2ca6f9590",2026-06-26T21:33:56Z,2026-06-26T21:35:40Z,"45119e62-fb47-42df-8e3f-62a36597ee45"
"Proveedor de infraestructura tecnológica en Valle Poniente, Nuevo León","proveedor-infraestructura-tecnologica-valle-poniente-nuevo-leon","Proveedor de Infraestructura Tecnológica para Empresas en Valle Poniente, Nuevo León","Implementamos infraestructura tecnológica, redes, audio, video y seguridad para empresas en Valle Poniente, Nuevo León.","Proveedor de Infraestructura Tecnológica en Valle Poniente, Nuevo León | Blegam Corp","Blegam Corp es tu Proveedor de infraestructura tecnológica en Valle Poniente, Nuevo León. Implementamos redes, cableado estructurado, soluciones IT, audio, video, seguridad electrónica, control de acceso y videovigilancia para empresas e instituciones. Solicita una cotización.","https://wa.me/525517390097?text=SW-%20Hola%20quisiera%20m%C3%A1s%20informaci%C3%B3n%20de%20sus%20servicios%20de%20Proveedor%20de%20infraestructura%20tecnol%C3%B3gica%20en%20Valle%20Poniente%2C%20Nuevo%20León.","Proveedor de Infraestructura Tecnológica para Empresas","Valle Poniente","Nuevo León","b31f445a-76a2-4f74-b19d-c85ae6d556c3",2026-06-26T21:33:56Z,2026-06-26T21:35:40Z,"45119e62-fb47-42df-8e3f-62a36597ee45"
"Proveedor de infraestructura tecnológica en Santa Fe, Ciudad de México","proveedor-infraestructura-tecnologica-santa-fe-ciudad-de-mexico","Proveedor de Infraestructura Tecnológica para Empresas en Santa Fe, Ciudad de México","Implementamos infraestructura tecnológica, redes, audio, video y seguridad para empresas en Santa Fe, Ciudad de México.","Proveedor de Infraestructura Tecnológica en Santa Fe, Ciudad de México | Blegam Corp","Blegam Corp es tu Proveedor de infraestructura tecnológica en Santa Fe, Ciudad de México. Implementamos redes, cableado estructurado, soluciones IT, audio, video, seguridad electrónica, control de acceso y videovigilancia para empresas e instituciones. Solicita una cotización.","https://wa.me/525517390097?text=SW-%20Hola%20quisiera%20m%C3%A1s%20informaci%C3%B3n%20de%20sus%20servicios%20de%20Proveedor%20de%20infraestructura%20tecnol%C3%B3gica%20en%20Santa%20Fe%2C%20Ciudad%20de%20México.","Proveedor de Infraestructura Tecnológica para Empresas","Santa Fe","Ciudad de México","b4e3ce43-5b2a-448c-8bfc-b130bc6d2f2b",2026-06-26T21:33:56Z,2026-06-26T21:35:40Z,"45119e62-fb47-42df-8e3f-62a36597ee45"
"Proveedor de infraestructura tecnológica en Zona Real, Jalisco","proveedor-infraestructura-tecnologica-zona-real-jalisco","Proveedor de Infraestructura Tecnológica para Empresas en Zona Real, Jalisco","Implementamos infraestructura tecnológica, redes, audio, video y seguridad para empresas en Zona Real, Jalisco.","Proveedor de Infraestructura Tecnológica en Zona Real, Jalisco | Blegam Corp","Blegam Corp es tu Proveedor de infraestructura tecnológica en Zona Real, Jalisco. Implementamos redes, cableado estructurado, soluciones IT, audio, video, seguridad electrónica, control de acceso y videovigilancia para empresas e instituciones. Solicita una cotización.","https://wa.me/525517390097?text=SW-%20Hola%20quisiera%20m%C3%A1s%20informaci%C3%B3n%20de%20sus%20servicios%20de%20Proveedor%20de%20infraestructura%20tecnol%C3%B3gica%20en%20Zona%20Real%2C%20Jalisco.","Proveedor de Infraestructura Tecnológica para Empresas","Zona Real","Jalisco","b8476a27-aee4-4c46-946a-ab4b0684d096",2026-06-26T21:33:56Z,2026-06-26T21:35:40Z,"45119e62-fb47-42df-8e3f-62a36597ee45"
"Proveedor de infraestructura tecnológica en Tlaquepaque","proveedor-infraestructura-tecnologica-tlaquepaque","Proveedor de Infraestructura Tecnológica para Empresas en Tlaquepaque","Implementamos infraestructura tecnológica, redes, audio, video y seguridad para empresas en Tlaquepaque.","Proveedor de Infraestructura Tecnológica en Tlaquepaque | Blegam Corp","Blegam Corp es tu Proveedor de infraestructura tecnológica en Tlaquepaque. Implementamos redes, cableado estructurado, soluciones IT, audio, video, seguridad electrónica, control de acceso y videovigilancia para empresas e instituciones. Solicita una cotización.","https://wa.me/525517390097?text=SW-%20Hola%20quisiera%20m%C3%A1s%20informaci%C3%B3n%20de%20sus%20servicios%20de%20Proveedor%20de%20infraestructura%20tecnol%C3%B3gica%20en%20Tlaquepaque.","Proveedor de Infraestructura Tecnológica para Empresas","Tlaquepaque","Jalisco","b88bd256-d5ab-4b7e-aee5-f9bb5321c467",2026-06-26T21:33:56Z,2026-06-26T21:35:40Z,"45119e62-fb47-42df-8e3f-62a36597ee45"
"Proveedor de infraestructura tecnológica en La Estancia, Jalisco","proveedor-infraestructura-tecnologica-la-estancia-jalisco","Proveedor de Infraestructura Tecnológica para Empresas en La Estancia, Jalisco","Implementamos infraestructura tecnológica, redes, audio, video y seguridad para empresas en La Estancia, Jalisco.","Proveedor de Infraestructura Tecnológica en La Estancia, Jalisco | Blegam Corp","Blegam Corp es tu Proveedor de infraestructura tecnológica en La Estancia, Jalisco. Implementamos redes, cableado estructurado, soluciones IT, audio, video, seguridad electrónica, control de acceso y videovigilancia para empresas e instituciones. Solicita una cotización.","https://wa.me/525517390097?text=SW-%20Hola%20quisiera%20m%C3%A1s%20informaci%C3%B3n%20de%20sus%20servicios%20de%20Proveedor%20de%20infraestructura%20tecnol%C3%B3gica%20en%20La%20Estancia%2C%20Jalisco.","Proveedor de Infraestructura Tecnológica para Empresas","La Estancia","Jalisco","b89b7c28-b0ce-41e4-a261-da1f5fff7e41",2026-06-26T21:33:56Z,2026-06-26T21:35:40Z,"45119e62-fb47-42df-8e3f-62a36597ee45"
"Proveedor de infraestructura tecnológica en Cuernavaca","proveedor-infraestructura-tecnologica-cuernavaca","Proveedor de Infraestructura Tecnológica para Empresas en Cuernavaca","Implementamos infraestructura tecnológica, redes, audio, video y seguridad para empresas en Cuernavaca.","Proveedor de Infraestructura Tecnológica en Cuernavaca | Blegam Corp","Blegam Corp es tu Proveedor de infraestructura tecnológica en Cuernavaca. Implementamos redes, cableado estructurado, soluciones IT, audio, video, seguridad electrónica, control de acceso y videovigilancia para empresas e instituciones. Solicita una cotización.","https://wa.me/525517390097?text=SW-%20Hola%20quisiera%20m%C3%A1s%20informaci%C3%B3n%20de%20sus%20servicios%20de%20Proveedor%20de%20infraestructura%20tecnol%C3%B3gica%20en%20Cuernavaca.","Proveedor de Infraestructura Tecnológica para Empresas","Cuernavaca","Morelos","ba83c810-9527-428e-9576-af833a3acb64",2026-06-26T21:33:56Z,2026-06-26T21:35:40Z,"45119e62-fb47-42df-8e3f-62a36597ee45"
"Proveedor de infraestructura tecnológica en Juárez, Ciudad de México","proveedor-infraestructura-tecnologica-juarez-ciudad-de-mexico","Proveedor de Infraestructura Tecnológica para Empresas en Juárez, Ciudad de México","Implementamos infraestructura tecnológica, redes, audio, video y seguridad para empresas en Juárez, Ciudad de México.","Proveedor de Infraestructura Tecnológica en Juárez, Ciudad de México | Blegam Corp","Blegam Corp es tu Proveedor de infraestructura tecnológica en Juárez, Ciudad de México. Implementamos redes, cableado estructurado, soluciones IT, audio, video, seguridad electrónica, control de acceso y videovigilancia para empresas e instituciones. Solicita una cotización.","https://wa.me/525517390097?text=SW-%20Hola%20quisiera%20m%C3%A1s%20informaci%C3%B3n%20de%20sus%20servicios%20de%20Proveedor%20de%20infraestructura%20tecnol%C3%B3gica%20en%20Juárez%2C%20Ciudad%20de%20México.","Proveedor de Infraestructura Tecnológica para Empresas","Juárez","Ciudad de México","baee6f9b-bf3c-4c7d-8bb2-f48cd099cd13",2026-06-26T21:33:56Z,2026-06-26T21:35:40Z,"45119e62-fb47-42df-8e3f-62a36597ee45"
"Proveedor de infraestructura tecnológica en Tulancingo","proveedor-infraestructura-tecnologica-tulancingo","Proveedor de Infraestructura Tecnológica para Empresas en Tulancingo","Implementamos infraestructura tecnológica, redes, audio, video y seguridad para empresas en Tulancingo.","Proveedor de Infraestructura Tecnológica en Tulancingo | Blegam Corp","Blegam Corp es tu Proveedor de infraestructura tecnológica en Tulancingo. Implementamos redes, cableado estructurado, soluciones IT, audio, video, seguridad electrónica, control de acceso y videovigilancia para empresas e instituciones. Solicita una cotización.","https://wa.me/525517390097?text=SW-%20Hola%20quisiera%20m%C3%A1s%20informaci%C3%B3n%20de%20sus%20servicios%20de%20Proveedor%20de%20infraestructura%20tecnol%C3%B3gica%20en%20Tulancingo.","Proveedor de Infraestructura Tecnológica para Empresas","Tulancingo","Hidalgo","bcb57c9e-ce16-491a-872f-e13a453ac7ab",2026-06-26T21:33:56Z,2026-06-26T21:35:40Z,"45119e62-fb47-42df-8e3f-62a36597ee45"
"Proveedor de infraestructura tecnológica en Temixco","proveedor-infraestructura-tecnologica-temixco","Proveedor de Infraestructura Tecnológica para Empresas en Temixco","Implementamos infraestructura tecnológica, redes, audio, video y seguridad para empresas en Temixco.","Proveedor de Infraestructura Tecnológica en Temixco | Blegam Corp","Blegam Corp es tu Proveedor de infraestructura tecnológica en Temixco. Implementamos redes, cableado estructurado, soluciones IT, audio, video, seguridad electrónica, control de acceso y videovigilancia para empresas e instituciones. Solicita una cotización.","https://wa.me/525517390097?text=SW-%20Hola%20quisiera%20m%C3%A1s%20informaci%C3%B3n%20de%20sus%20servicios%20de%20Proveedor%20de%20infraestructura%20tecnol%C3%B3gica%20en%20Temixco.","Proveedor de Infraestructura Tecnológica para Empresas","Temixco","Morelos","bfc74856-27d7-465b-afc0-77ebb5d7b863",2026-06-26T21:33:56Z,2026-06-26T21:35:40Z,"45119e62-fb47-42df-8e3f-62a36597ee45"
"Proveedor de infraestructura tecnológica en Tuxtla Gutiérrez","proveedor-infraestructura-tecnologica-tuxtla-gutierrez","Proveedor de Infraestructura Tecnológica para Empresas en Tuxtla Gutiérrez","Implementamos infraestructura tecnológica, redes, audio, video y seguridad para empresas en Tuxtla Gutiérrez.","Proveedor de Infraestructura Tecnológica en Tuxtla Gutiérrez | Blegam Corp","Blegam Corp es tu Proveedor de infraestructura tecnológica en Tuxtla Gutiérrez. Implementamos redes, cableado estructurado, soluciones IT, audio, video, seguridad electrónica, control de acceso y videovigilancia para empresas e instituciones. Solicita una cotización.","https://wa.me/525517390097?text=SW-%20Hola%20quisiera%20m%C3%A1s%20informaci%C3%B3n%20de%20sus%20servicios%20de%20Proveedor%20de%20infraestructura%20tecnol%C3%B3gica%20en%20Tuxtla%20Gutiérrez.","Proveedor de Infraestructura Tecnológica para Empresas","Tuxtla Gutiérrez","Chiapas","bfe76816-23c4-40d7-a0f8-eec7e58690c8",2026-06-26T21:33:56Z,2026-06-26T21:35:40Z,"45119e62-fb47-42df-8e3f-62a36597ee45"
"Proveedor de infraestructura tecnológica en Boca del Río","proveedor-infraestructura-tecnologica-boca-del-rio","Proveedor de Infraestructura Tecnológica para Empresas en Boca del Río","Implementamos infraestructura tecnológica, redes, audio, video y seguridad para empresas en Boca del Río.","Proveedor de Infraestructura Tecnológica en Boca del Río | Blegam Corp","Blegam Corp es tu Proveedor de infraestructura tecnológica en Boca del Río. Implementamos redes, cableado estructurado, soluciones IT, audio, video, seguridad electrónica, control de acceso y videovigilancia para empresas e instituciones. Solicita una cotización.","https://wa.me/525517390097?text=SW-%20Hola%20quisiera%20m%C3%A1s%20informaci%C3%B3n%20de%20sus%20servicios%20de%20Proveedor%20de%20infraestructura%20tecnol%C3%B3gica%20en%20Boca%20del%20Río.","Proveedor de Infraestructura Tecnológica para Empresas","Boca del Río","Veracruz","c16b82a4-1e92-45c7-be63-3f91b224f532",2026-06-26T21:33:56Z,2026-06-26T21:35:40Z,"45119e62-fb47-42df-8e3f-62a36597ee45"
"Proveedor de infraestructura tecnológica en Tapachula","proveedor-infraestructura-tecnologica-tapachula","Proveedor de Infraestructura Tecnológica para Empresas en Tapachula","Implementamos infraestructura tecnológica, redes, audio, video y seguridad para empresas en Tapachula.","Proveedor de Infraestructura Tecnológica en Tapachula | Blegam Corp","Blegam Corp es tu Proveedor de infraestructura tecnológica en Tapachula. Implementamos redes, cableado estructurado, soluciones IT, audio, video, seguridad electrónica, control de acceso y videovigilancia para empresas e instituciones. Solicita una cotización.","https://wa.me/525517390097?text=SW-%20Hola%20quisiera%20m%C3%A1s%20informaci%C3%B3n%20de%20sus%20servicios%20de%20Proveedor%20de%20infraestructura%20tecnol%C3%B3gica%20en%20Tapachula.","Proveedor de Infraestructura Tecnológica para Empresas","Tapachula","Chiapas","c3e3ebc8-f503-43e7-a973-a67a029226e9",2026-06-26T21:33:56Z,2026-06-26T21:35:40Z,"45119e62-fb47-42df-8e3f-62a36597ee45"
"Proveedor de infraestructura tecnológica en Salamanca","proveedor-infraestructura-tecnologica-salamanca","Proveedor de Infraestructura Tecnológica para Empresas en Salamanca","Implementamos infraestructura tecnológica, redes, audio, video y seguridad para empresas en Salamanca.","Proveedor de Infraestructura Tecnológica en Salamanca | Blegam Corp","Blegam Corp es tu Proveedor de infraestructura tecnológica en Salamanca. Implementamos redes, cableado estructurado, soluciones IT, audio, video, seguridad electrónica, control de acceso y videovigilancia para empresas e instituciones. Solicita una cotización.","https://wa.me/525517390097?text=SW-%20Hola%20quisiera%20m%C3%A1s%20informaci%C3%B3n%20de%20sus%20servicios%20de%20Proveedor%20de%20infraestructura%20tecnol%C3%B3gica%20en%20Salamanca.","Proveedor de Infraestructura Tecnológica para Empresas","Salamanca","Guanajuato","c454a01f-c970-424d-bb74-d1b9d8bdd7f2",2026-06-26T21:33:56Z,2026-06-26T21:35:40Z,"45119e62-fb47-42df-8e3f-62a36597ee45"
"Proveedor de infraestructura tecnológica en Virreyes, Jalisco","proveedor-infraestructura-tecnologica-virreyes-jalisco","Proveedor de Infraestructura Tecnológica para Empresas en Virreyes, Jalisco","Implementamos infraestructura tecnológica, redes, audio, video y seguridad para empresas en Virreyes, Jalisco.","Proveedor de Infraestructura Tecnológica en Virreyes, Jalisco | Blegam Corp","Blegam Corp es tu Proveedor de infraestructura tecnológica en Virreyes, Jalisco. Implementamos redes, cableado estructurado, soluciones IT, audio, video, seguridad electrónica, control de acceso y videovigilancia para empresas e instituciones. Solicita una cotización.","https://wa.me/525517390097?text=SW-%20Hola%20quisiera%20m%C3%A1s%20informaci%C3%B3n%20de%20sus%20servicios%20de%20Proveedor%20de%20infraestructura%20tecnol%C3%B3gica%20en%20Virreyes%2C%20Jalisco.","Proveedor de Infraestructura Tecnológica para Empresas","Virreyes","Jalisco","c47b3f97-a8a4-4496-8e91-a0fad2c01395",2026-06-26T21:33:56Z,2026-06-26T21:35:40Z,"45119e62-fb47-42df-8e3f-62a36597ee45"
"Proveedor de infraestructura tecnológica en Iztapalapa","proveedor-infraestructura-tecnologica-iztapalapa","Proveedor de Infraestructura Tecnológica para Empresas en Iztapalapa","Implementamos infraestructura tecnológica, redes, audio, video y seguridad para empresas en Iztapalapa.","Proveedor de Infraestructura Tecnológica en Iztapalapa | Blegam Corp","Blegam Corp es tu Proveedor de infraestructura tecnológica en Iztapalapa. Implementamos redes, cableado estructurado, soluciones IT, audio, video, seguridad electrónica, control de acceso y videovigilancia para empresas e instituciones. Solicita una cotización.","https://wa.me/525517390097?text=SW-%20Hola%20quisiera%20m%C3%A1s%20informaci%C3%B3n%20de%20sus%20servicios%20de%20Proveedor%20de%20infraestructura%20tecnol%C3%B3gica%20en%20Iztapalapa.","Proveedor de Infraestructura Tecnológica para Empresas","Iztapalapa","Ciudad de México","c4fba92e-35b6-43a7-a015-dd5300d8c5c8",2026-06-26T21:33:56Z,2026-06-26T21:35:40Z,"45119e62-fb47-42df-8e3f-62a36597ee45"
"Proveedor de infraestructura tecnológica en Jardín Real, Jalisco","proveedor-infraestructura-tecnologica-jardin-real-jalisco","Proveedor de Infraestructura Tecnológica para Empresas en Jardín Real, Jalisco","Implementamos infraestructura tecnológica, redes, audio, video y seguridad para empresas en Jardín Real, Jalisco.","Proveedor de Infraestructura Tecnológica en Jardín Real, Jalisco | Blegam Corp","Blegam Corp es tu Proveedor de infraestructura tecnológica en Jardín Real, Jalisco. Implementamos redes, cableado estructurado, soluciones IT, audio, video, seguridad electrónica, control de acceso y videovigilancia para empresas e instituciones. Solicita una cotización.","https://wa.me/525517390097?text=SW-%20Hola%20quisiera%20m%C3%A1s%20informaci%C3%B3n%20de%20sus%20servicios%20de%20Proveedor%20de%20infraestructura%20tecnol%C3%B3gica%20en%20Jardín%20Real%2C%20Jalisco.","Proveedor de Infraestructura Tecnológica para Empresas","Jardín Real","Jalisco","c5feb9f1-33dd-4372-9edc-37fcbb1b420c",2026-06-26T21:33:56Z,2026-06-26T21:35:40Z,"45119e62-fb47-42df-8e3f-62a36597ee45"
"Proveedor de infraestructura tecnológica en Valle de Bravo","proveedor-infraestructura-tecnologica-valle-de-bravo","Proveedor de Infraestructura Tecnológica para Empresas en Valle de Bravo","Implementamos infraestructura tecnológica, redes, audio, video y seguridad para empresas en Valle de Bravo.","Proveedor de Infraestructura Tecnológica en Valle de Bravo | Blegam Corp","Blegam Corp es tu Proveedor de infraestructura tecnológica en Valle de Bravo. Implementamos redes, cableado estructurado, soluciones IT, audio, video, seguridad electrónica, control de acceso y videovigilancia para empresas e instituciones. Solicita una cotización.","https://wa.me/525517390097?text=SW-%20Hola%20quisiera%20m%C3%A1s%20informaci%C3%B3n%20de%20sus%20servicios%20de%20Proveedor%20de%20infraestructura%20tecnol%C3%B3gica%20en%20Valle%20de%20Bravo.","Proveedor de Infraestructura Tecnológica para Empresas","Valle de Bravo","Estado de México","ca993420-4ae7-4a52-a4c0-ab1d05bf65c1",2026-06-26T21:33:56Z,2026-06-26T21:35:40Z,"45119e62-fb47-42df-8e3f-62a36597ee45"
"Proveedor de infraestructura tecnológica en Yucatán","proveedor-infraestructura-tecnologica-yucatan","Proveedor de Infraestructura Tecnológica para Empresas en Yucatán","Implementamos infraestructura tecnológica, redes, audio, video y seguridad para empresas en Yucatán.","Proveedor de Infraestructura Tecnológica en Yucatán | Blegam Corp","Blegam Corp es tu Proveedor de infraestructura tecnológica en Yucatán. Implementamos redes, cableado estructurado, soluciones IT, audio, video, seguridad electrónica, control de acceso y videovigilancia para empresas e instituciones. Solicita una cotización.","https://wa.me/525517390097?text=SW-%20Hola%20quisiera%20m%C3%A1s%20informaci%C3%B3n%20de%20sus%20servicios%20de%20Proveedor%20de%20infraestructura%20tecnol%C3%B3gica%20en%20Yucatán.","Proveedor de Infraestructura Tecnológica para Empresas","Yucatán","Yucatán","cb56db10-64b3-40f1-8ffb-8f954902a4d9",2026-06-26T21:33:56Z,2026-06-26T21:35:40Z,"45119e62-fb47-42df-8e3f-62a36597ee45"
"Proveedor de infraestructura tecnológica en Coacalco","proveedor-infraestructura-tecnologica-coacalco","Proveedor de Infraestructura Tecnológica para Empresas en Coacalco","Implementamos infraestructura tecnológica, redes, audio, video y seguridad para empresas en Coacalco.","Proveedor de Infraestructura Tecnológica en Coacalco | Blegam Corp","Blegam Corp es tu Proveedor de infraestructura tecnológica en Coacalco. Implementamos redes, cableado estructurado, soluciones IT, audio, video, seguridad electrónica, control de acceso y videovigilancia para empresas e instituciones. Solicita una cotización.","https://wa.me/525517390097?text=SW-%20Hola%20quisiera%20m%C3%A1s%20informaci%C3%B3n%20de%20sus%20servicios%20de%20Proveedor%20de%20infraestructura%20tecnol%C3%B3gica%20en%20Coacalco.","Proveedor de Infraestructura Tecnológica para Empresas","Coacalco","Estado de México","cd9b6529-2e7b-4a54-8480-c4f90cef3f9a",2026-06-26T21:33:56Z,2026-06-26T21:35:40Z,"45119e62-fb47-42df-8e3f-62a36597ee45"
"Proveedor de infraestructura tecnológica en Campeche","proveedor-infraestructura-tecnologica-campeche","Proveedor de Infraestructura Tecnológica para Empresas en Campeche","Implementamos infraestructura tecnológica, redes, audio, video y seguridad para empresas en Campeche.","Proveedor de Infraestructura Tecnológica en Campeche | Blegam Corp","Blegam Corp es tu Proveedor de infraestructura tecnológica en Campeche. Implementamos redes, cableado estructurado, soluciones IT, audio, video, seguridad electrónica, control de acceso y videovigilancia para empresas e instituciones. Solicita una cotización.","https://wa.me/525517390097?text=SW-%20Hola%20quisiera%20m%C3%A1s%20informaci%C3%B3n%20de%20sus%20servicios%20de%20Proveedor%20de%20infraestructura%20tecnol%C3%B3gica%20en%20Campeche.","Proveedor de Infraestructura Tecnológica para Empresas","Campeche","Campeche","ce02ae86-bab7-4d23-b433-f6b14996116b",2026-06-26T21:33:56Z,2026-06-26T21:35:40Z,"45119e62-fb47-42df-8e3f-62a36597ee45"
"Proveedor de infraestructura tecnológica en Arcos Vallarta, Jalisco","proveedor-infraestructura-tecnologica-arcos-vallarta-jalisco","Proveedor de Infraestructura Tecnológica para Empresas en Arcos Vallarta, Jalisco","Implementamos infraestructura tecnológica, redes, audio, video y seguridad para empresas en Arcos Vallarta, Jalisco.","Proveedor de Infraestructura Tecnológica en Arcos Vallarta, Jalisco | Blegam Corp","Blegam Corp es tu Proveedor de infraestructura tecnológica en Arcos Vallarta, Jalisco. Implementamos redes, cableado estructurado, soluciones IT, audio, video, seguridad electrónica, control de acceso y videovigilancia para empresas e instituciones. Solicita una cotización.","https://wa.me/525517390097?text=SW-%20Hola%20quisiera%20m%C3%A1s%20informaci%C3%B3n%20de%20sus%20servicios%20de%20Proveedor%20de%20infraestructura%20tecnol%C3%B3gica%20en%20Arcos%20Vallarta%2C%20Jalisco.","Proveedor de Infraestructura Tecnológica para Empresas","Arcos Vallarta","Jalisco","d13f2827-5dd4-4d04-a0c4-0588d6113d2e",2026-06-26T21:33:56Z,2026-06-26T21:35:40Z,"45119e62-fb47-42df-8e3f-62a36597ee45"
"Proveedor de infraestructura tecnológica en Tecamachalco, Ciudad de México","proveedor-infraestructura-tecnologica-tecamachalco-ciudad-de-mexico","Proveedor de Infraestructura Tecnológica para Empresas en Tecamachalco, Ciudad de México","Implementamos infraestructura tecnológica, redes, audio, video y seguridad para empresas en Tecamachalco, Ciudad de México.","Proveedor de Infraestructura Tecnológica en Tecamachalco, Ciudad de México | Blegam Corp","Blegam Corp es tu Proveedor de infraestructura tecnológica en Tecamachalco, Ciudad de México. Implementamos redes, cableado estructurado, soluciones IT, audio, video, seguridad electrónica, control de acceso y videovigilancia para empresas e instituciones. Solicita una cotización.","https://wa.me/525517390097?text=SW-%20Hola%20quisiera%20m%C3%A1s%20informaci%C3%B3n%20de%20sus%20servicios%20de%20Proveedor%20de%20infraestructura%20tecnol%C3%B3gica%20en%20Tecamachalco%2C%20Ciudad%20de%20México.","Proveedor de Infraestructura Tecnológica para Empresas","Tecamachalco","Ciudad de México","d36ed27e-9480-4a1f-b5e4-390fe2128e35",2026-06-26T21:33:56Z,2026-06-26T21:35:40Z,"45119e62-fb47-42df-8e3f-62a36597ee45"
"Proveedor de infraestructura tecnológica en Tampico","proveedor-infraestructura-tecnologica-tampico","Proveedor de Infraestructura Tecnológica para Empresas en Tampico","Implementamos infraestructura tecnológica, redes, audio, video y seguridad para empresas en Tampico.","Proveedor de Infraestructura Tecnológica en Tampico | Blegam Corp","Blegam Corp es tu Proveedor de infraestructura tecnológica en Tampico. Implementamos redes, cableado estructurado, soluciones IT, audio, video, seguridad electrónica, control de acceso y videovigilancia para empresas e instituciones. Solicita una cotización.","https://wa.me/525517390097?text=SW-%20Hola%20quisiera%20m%C3%A1s%20informaci%C3%B3n%20de%20sus%20servicios%20de%20Proveedor%20de%20infraestructura%20tecnol%C3%B3gica%20en%20Tampico.","Proveedor de Infraestructura Tecnológica para Empresas","Tampico","Tamaulipas","d3de2f01-99c9-4fc5-a529-f12c6beac2c6",2026-06-26T21:33:56Z,2026-06-26T21:35:40Z,"45119e62-fb47-42df-8e3f-62a36597ee45"
"Proveedor de infraestructura tecnológica en Chapalita, Jalisco","proveedor-infraestructura-tecnologica-chapalita-jalisco","Proveedor de Infraestructura Tecnológica para Empresas en Chapalita, Jalisco","Implementamos infraestructura tecnológica, redes, audio, video y seguridad para empresas en Chapalita, Jalisco.","Proveedor de Infraestructura Tecnológica en Chapalita, Jalisco | Blegam Corp","Blegam Corp es tu Proveedor de infraestructura tecnológica en Chapalita, Jalisco. Implementamos redes, cableado estructurado, soluciones IT, audio, video, seguridad electrónica, control de acceso y videovigilancia para empresas e instituciones. Solicita una cotización.","https://wa.me/525517390097?text=SW-%20Hola%20quisiera%20m%C3%A1s%20informaci%C3%B3n%20de%20sus%20servicios%20de%20Proveedor%20de%20infraestructura%20tecnol%C3%B3gica%20en%20Chapalita%2C%20Jalisco.","Proveedor de Infraestructura Tecnológica para Empresas","Chapalita","Jalisco","d4747cfe-77f6-4b94-ad52-dbf85b3b773d",2026-06-26T21:33:56Z,2026-06-26T21:35:40Z,"45119e62-fb47-42df-8e3f-62a36597ee45"
"Proveedor de infraestructura tecnológica en Los Cabos","proveedor-infraestructura-tecnologica-los-cabos","Proveedor de Infraestructura Tecnológica para Empresas en Los Cabos","Implementamos infraestructura tecnológica, redes, audio, video y seguridad para empresas en Los Cabos.","Proveedor de Infraestructura Tecnológica en Los Cabos | Blegam Corp","Blegam Corp es tu Proveedor de infraestructura tecnológica en Los Cabos. Implementamos redes, cableado estructurado, soluciones IT, audio, video, seguridad electrónica, control de acceso y videovigilancia para empresas e instituciones. Solicita una cotización.","https://wa.me/525517390097?text=SW-%20Hola%20quisiera%20m%C3%A1s%20informaci%C3%B3n%20de%20sus%20servicios%20de%20Proveedor%20de%20infraestructura%20tecnol%C3%B3gica%20en%20Los%20Cabos.","Proveedor de Infraestructura Tecnológica para Empresas","Los Cabos","Baja California Sur","d6769259-c0d0-4867-b55e-3bbc2e5b3347",2026-06-26T21:33:56Z,2026-06-26T21:35:40Z,"45119e62-fb47-42df-8e3f-62a36597ee45"
"Proveedor de infraestructura tecnológica en Jalisco","proveedor-infraestructura-tecnologica-jalisco","Proveedor de Infraestructura Tecnológica para Empresas en Jalisco","Implementamos infraestructura tecnológica, redes, audio, video y seguridad para empresas en Jalisco.","Proveedor de Infraestructura Tecnológica en Jalisco | Blegam Corp","Blegam Corp es tu Proveedor de infraestructura tecnológica en Jalisco. Implementamos redes, cableado estructurado, soluciones IT, audio, video, seguridad electrónica, control de acceso y videovigilancia para empresas e instituciones. Solicita una cotización.","https://wa.me/525517390097?text=SW-%20Hola%20quisiera%20m%C3%A1s%20informaci%C3%B3n%20de%20sus%20servicios%20de%20Proveedor%20de%20infraestructura%20tecnol%C3%B3gica%20en%20Jalisco.","Proveedor de Infraestructura Tecnológica para Empresas","Jalisco","Jalisco","d6cafd4f-c014-4001-b276-c346779b857c",2026-06-26T21:33:56Z,2026-06-26T21:35:40Z,"45119e62-fb47-42df-8e3f-62a36597ee45"
"Proveedor de infraestructura tecnológica en Baja California Sur","proveedor-infraestructura-tecnologica-baja-california-sur","Proveedor de Infraestructura Tecnológica para Empresas en Baja California Sur","Implementamos infraestructura tecnológica, redes, audio, video y seguridad para empresas en Baja California Sur.","Proveedor de Infraestructura Tecnológica en Baja California Sur | Blegam Corp","Blegam Corp es tu Proveedor de infraestructura tecnológica en Baja California Sur. Implementamos redes, cableado estructurado, soluciones IT, audio, video, seguridad electrónica, control de acceso y videovigilancia para empresas e instituciones. Solicita una cotización.","https://wa.me/525517390097?text=SW-%20Hola%20quisiera%20m%C3%A1s%20informaci%C3%B3n%20de%20sus%20servicios%20de%20Proveedor%20de%20infraestructura%20tecnol%C3%B3gica%20en%20Baja%20California%20Sur.","Proveedor de Infraestructura Tecnológica para Empresas","Baja California Sur","Baja California Sur","d7282ccf-dead-4ff1-b2fc-74dc872ae980",2026-06-26T21:33:56Z,2026-06-26T21:35:40Z,"45119e62-fb47-42df-8e3f-62a36597ee45"
"Proveedor de infraestructura tecnológica en Irapuato","proveedor-infraestructura-tecnologica-irapuato","Proveedor de Infraestructura Tecnológica para Empresas en Irapuato","Implementamos infraestructura tecnológica, redes, audio, video y seguridad para empresas en Irapuato.","Proveedor de Infraestructura Tecnológica en Irapuato | Blegam Corp","Blegam Corp es tu Proveedor de infraestructura tecnológica en Irapuato. Implementamos redes, cableado estructurado, soluciones IT, audio, video, seguridad electrónica, control de acceso y videovigilancia para empresas e instituciones. Solicita una cotización.","https://wa.me/525517390097?text=SW-%20Hola%20quisiera%20m%C3%A1s%20informaci%C3%B3n%20de%20sus%20servicios%20de%20Proveedor%20de%20infraestructura%20tecnol%C3%B3gica%20en%20Irapuato.","Proveedor de Infraestructura Tecnológica para Empresas","Irapuato","Guanajuato","d773741a-1305-46bb-add2-cbebea203f64",2026-06-26T21:33:56Z,2026-06-26T21:35:40Z,"45119e62-fb47-42df-8e3f-62a36597ee45"
"Proveedor de infraestructura tecnológica en Zinacantepec","proveedor-infraestructura-tecnologica-zinacantepec","Proveedor de Infraestructura Tecnológica para Empresas en Zinacantepec","Implementamos infraestructura tecnológica, redes, audio, video y seguridad para empresas en Zinacantepec.","Proveedor de Infraestructura Tecnológica en Zinacantepec | Blegam Corp","Blegam Corp es tu Proveedor de infraestructura tecnológica en Zinacantepec. Implementamos redes, cableado estructurado, soluciones IT, audio, video, seguridad electrónica, control de acceso y videovigilancia para empresas e instituciones. Solicita una cotización.","https://wa.me/525517390097?text=SW-%20Hola%20quisiera%20m%C3%A1s%20informaci%C3%B3n%20de%20sus%20servicios%20de%20Proveedor%20de%20infraestructura%20tecnol%C3%B3gica%20en%20Zinacantepec.","Proveedor de Infraestructura Tecnológica para Empresas","Zinacantepec","Estado de México","d801e776-e4d4-4a87-befa-3fadc2da2175",2026-06-26T21:33:56Z,2026-06-26T21:35:40Z,"45119e62-fb47-42df-8e3f-62a36597ee45"
"Proveedor de infraestructura tecnológica en Benito Juárez","proveedor-infraestructura-tecnologica-benito-juarez","Proveedor de Infraestructura Tecnológica para Empresas en Benito Juárez","Implementamos infraestructura tecnológica, redes, audio, video y seguridad para empresas en Benito Juárez.","Proveedor de Infraestructura Tecnológica en Benito Juárez | Blegam Corp","Blegam Corp es tu Proveedor de infraestructura tecnológica en Benito Juárez. Implementamos redes, cableado estructurado, soluciones IT, audio, video, seguridad electrónica, control de acceso y videovigilancia para empresas e instituciones. Solicita una cotización.","https://wa.me/525517390097?text=SW-%20Hola%20quisiera%20m%C3%A1s%20informaci%C3%B3n%20de%20sus%20servicios%20de%20Proveedor%20de%20infraestructura%20tecnol%C3%B3gica%20en%20Benito%20Juárez.","Proveedor de Infraestructura Tecnológica para Empresas","Benito Juárez","Ciudad de México","da63b2f5-d8ae-407b-8f55-9c0980479a4d",2026-06-26T21:33:56Z,2026-06-26T21:35:40Z,"45119e62-fb47-42df-8e3f-62a36597ee45"
"Proveedor de infraestructura tecnológica en Chalco","proveedor-infraestructura-tecnologica-chalco","Proveedor de Infraestructura Tecnológica para Empresas en Chalco","Implementamos infraestructura tecnológica, redes, audio, video y seguridad para empresas en Chalco.","Proveedor de Infraestructura Tecnológica en Chalco | Blegam Corp","Blegam Corp es tu Proveedor de infraestructura tecnológica en Chalco. Implementamos redes, cableado estructurado, soluciones IT, audio, video, seguridad electrónica, control de acceso y videovigilancia para empresas e instituciones. Solicita una cotización.","https://wa.me/525517390097?text=SW-%20Hola%20quisiera%20m%C3%A1s%20informaci%C3%B3n%20de%20sus%20servicios%20de%20Proveedor%20de%20infraestructura%20tecnol%C3%B3gica%20en%20Chalco.","Proveedor de Infraestructura Tecnológica para Empresas","Chalco","Estado de México","daa02789-8cb3-4d5b-a19c-6f35f058d1e5",2026-06-26T21:33:56Z,2026-06-26T21:35:40Z,"45119e62-fb47-42df-8e3f-62a36597ee45"
"Proveedor de infraestructura tecnológica en Tijuana","proveedor-infraestructura-tecnologica-tijuana","Proveedor de Infraestructura Tecnológica para Empresas en Tijuana","Implementamos infraestructura tecnológica, redes, audio, video y seguridad para empresas en Tijuana.","Proveedor de Infraestructura Tecnológica en Tijuana | Blegam Corp","Blegam Corp es tu Proveedor de infraestructura tecnológica en Tijuana. Implementamos redes, cableado estructurado, soluciones IT, audio, video, seguridad electrónica, control de acceso y videovigilancia para empresas e instituciones. Solicita una cotización.","https://wa.me/525517390097?text=SW-%20Hola%20quisiera%20m%C3%A1s%20informaci%C3%B3n%20de%20sus%20servicios%20de%20Proveedor%20de%20infraestructura%20tecnol%C3%B3gica%20en%20Tijuana.","Proveedor de Infraestructura Tecnológica para Empresas","Tijuana","Baja California","db3313e7-1df4-4ea3-924b-43b2ec3d7659",2026-06-26T21:33:56Z,2026-06-26T21:35:40Z,"45119e62-fb47-42df-8e3f-62a36597ee45"
"Proveedor de infraestructura tecnológica en Santa Anita, Jalisco","proveedor-infraestructura-tecnologica-santa-anita-jalisco","Proveedor de Infraestructura Tecnológica para Empresas en Santa Anita, Jalisco","Implementamos infraestructura tecnológica, redes, audio, video y seguridad para empresas en Santa Anita, Jalisco.","Proveedor de Infraestructura Tecnológica en Santa Anita, Jalisco | Blegam Corp","Blegam Corp es tu Proveedor de infraestructura tecnológica en Santa Anita, Jalisco. Implementamos redes, cableado estructurado, soluciones IT, audio, video, seguridad electrónica, control de acceso y videovigilancia para empresas e instituciones. Solicita una cotización.","https://wa.me/525517390097?text=SW-%20Hola%20quisiera%20m%C3%A1s%20informaci%C3%B3n%20de%20sus%20servicios%20de%20Proveedor%20de%20infraestructura%20tecnol%C3%B3gica%20en%20Santa%20Anita%2C%20Jalisco.","Proveedor de Infraestructura Tecnológica para Empresas","Santa Anita","Jalisco","dbbfb674-f155-4521-8e55-56a0681e29b2",2026-06-26T21:33:56Z,2026-06-26T21:35:40Z,"45119e62-fb47-42df-8e3f-62a36597ee45"
"Proveedor de infraestructura tecnológica en Lerma","proveedor-infraestructura-tecnologica-lerma","Proveedor de Infraestructura Tecnológica para Empresas en Lerma","Implementamos infraestructura tecnológica, redes, audio, video y seguridad para empresas en Lerma.","Proveedor de Infraestructura Tecnológica en Lerma | Blegam Corp","Blegam Corp es tu Proveedor de infraestructura tecnológica en Lerma. Implementamos redes, cableado estructurado, soluciones IT, audio, video, seguridad electrónica, control de acceso y videovigilancia para empresas e instituciones. Solicita una cotización.","https://wa.me/525517390097?text=SW-%20Hola%20quisiera%20m%C3%A1s%20informaci%C3%B3n%20de%20sus%20servicios%20de%20Proveedor%20de%20infraestructura%20tecnol%C3%B3gica%20en%20Lerma.","Proveedor de Infraestructura Tecnológica para Empresas","Lerma","Estado de México","dbce74b0-4066-4452-8382-c69be1c954e3",2026-06-26T21:33:56Z,2026-06-26T21:35:40Z,"45119e62-fb47-42df-8e3f-62a36597ee45"
"Proveedor de infraestructura tecnológica en Gustavo A. Madero","proveedor-infraestructura-tecnologica-gustavo-a-madero","Proveedor de Infraestructura Tecnológica para Empresas en Gustavo A. Madero","Implementamos infraestructura tecnológica, redes, audio, video y seguridad para empresas en Gustavo A. Madero.","Proveedor de Infraestructura Tecnológica en Gustavo A. Madero | Blegam Corp","Blegam Corp es tu Proveedor de infraestructura tecnológica en Gustavo A. Madero. Implementamos redes, cableado estructurado, soluciones IT, audio, video, seguridad electrónica, control de acceso y videovigilancia para empresas e instituciones. Solicita una cotización.","https://wa.me/525517390097?text=SW-%20Hola%20quisiera%20m%C3%A1s%20informaci%C3%B3n%20de%20sus%20servicios%20de%20Proveedor%20de%20infraestructura%20tecnol%C3%B3gica%20en%20Gustavo%20A.%20Madero.","Proveedor de Infraestructura Tecnológica para Empresas","Gustavo A. Madero","Ciudad de México","dca92ad0-6efd-4b03-952a-5a827135dd40",2026-06-26T21:33:56Z,2026-06-26T21:35:40Z,"45119e62-fb47-42df-8e3f-62a36597ee45"
"Proveedor de infraestructura tecnológica en Tizayuca","proveedor-infraestructura-tecnologica-tizayuca","Proveedor de Infraestructura Tecnológica para Empresas en Tizayuca","Implementamos infraestructura tecnológica, redes, audio, video y seguridad para empresas en Tizayuca.","Proveedor de Infraestructura Tecnológica en Tizayuca | Blegam Corp","Blegam Corp es tu Proveedor de infraestructura tecnológica en Tizayuca. Implementamos redes, cableado estructurado, soluciones IT, audio, video, seguridad electrónica, control de acceso y videovigilancia para empresas e instituciones. Solicita una cotización.","https://wa.me/525517390097?text=SW-%20Hola%20quisiera%20m%C3%A1s%20informaci%C3%B3n%20de%20sus%20servicios%20de%20Proveedor%20de%20infraestructura%20tecnol%C3%B3gica%20en%20Tizayuca.","Proveedor de Infraestructura Tecnológica para Empresas","Tizayuca","Hidalgo","e32a76b7-7181-4c93-9b76-9b5fb7cb1bd3",2026-06-26T21:33:56Z,2026-06-26T21:35:40Z,"45119e62-fb47-42df-8e3f-62a36597ee45"
"Proveedor de infraestructura tecnológica en Tulum","proveedor-infraestructura-tecnologica-tulum","Proveedor de Infraestructura Tecnológica para Empresas en Tulum","Implementamos infraestructura tecnológica, redes, audio, video y seguridad para empresas en Tulum.","Proveedor de Infraestructura Tecnológica en Tulum | Blegam Corp","Blegam Corp es tu Proveedor de infraestructura tecnológica en Tulum. Implementamos redes, cableado estructurado, soluciones IT, audio, video, seguridad electrónica, control de acceso y videovigilancia para empresas e instituciones. Solicita una cotización.","https://wa.me/525517390097?text=SW-%20Hola%20quisiera%20m%C3%A1s%20informaci%C3%B3n%20de%20sus%20servicios%20de%20Proveedor%20de%20infraestructura%20tecnol%C3%B3gica%20en%20Tulum.","Proveedor de Infraestructura Tecnológica para Empresas","Tulum","Quintana Roo","e37415ca-3767-4179-a79a-30bcca864a78",2026-06-26T21:33:56Z,2026-06-26T21:35:40Z,"45119e62-fb47-42df-8e3f-62a36597ee45"
"Proveedor de infraestructura tecnológica en Monclova","proveedor-infraestructura-tecnologica-monclova","Proveedor de Infraestructura Tecnológica para Empresas en Monclova","Implementamos infraestructura tecnológica, redes, audio, video y seguridad para empresas en Monclova.","Proveedor de Infraestructura Tecnológica en Monclova | Blegam Corp","Blegam Corp es tu Proveedor de infraestructura tecnológica en Monclova. Implementamos redes, cableado estructurado, soluciones IT, audio, video, seguridad electrónica, control de acceso y videovigilancia para empresas e instituciones. Solicita una cotización.","https://wa.me/525517390097?text=SW-%20Hola%20quisiera%20m%C3%A1s%20informaci%C3%B3n%20de%20sus%20servicios%20de%20Proveedor%20de%20infraestructura%20tecnol%C3%B3gica%20en%20Monclova.","Proveedor de Infraestructura Tecnológica para Empresas","Monclova","Coahuila","e56fc8c0-10b2-4567-a14e-5d0f8af4b46f",2026-06-26T21:33:56Z,2026-06-26T21:35:40Z,"45119e62-fb47-42df-8e3f-62a36597ee45"
"Proveedor de infraestructura tecnológica en Morelia","proveedor-infraestructura-tecnologica-morelia","Proveedor de Infraestructura Tecnológica para Empresas en Morelia","Implementamos infraestructura tecnológica, redes, audio, video y seguridad para empresas en Morelia.","Proveedor de Infraestructura Tecnológica en Morelia | Blegam Corp","Blegam Corp es tu Proveedor de infraestructura tecnológica en Morelia. Implementamos redes, cableado estructurado, soluciones IT, audio, video, seguridad electrónica, control de acceso y videovigilancia para empresas e instituciones. Solicita una cotización.","https://wa.me/525517390097?text=SW-%20Hola%20quisiera%20m%C3%A1s%20informaci%C3%B3n%20de%20sus%20servicios%20de%20Proveedor%20de%20infraestructura%20tecnol%C3%B3gica%20en%20Morelia.","Proveedor de Infraestructura Tecnológica para Empresas","Morelia","Michoacán","e6f69197-b3a0-46e6-abaf-4124cfbb3b5e",2026-06-26T21:33:56Z,2026-06-26T21:35:40Z,"45119e62-fb47-42df-8e3f-62a36597ee45"
"Proveedor de infraestructura tecnológica en Zacatecas","proveedor-infraestructura-tecnologica-zacatecas","Proveedor de Infraestructura Tecnológica para Empresas en Zacatecas","Implementamos infraestructura tecnológica, redes, audio, video y seguridad para empresas en Zacatecas.","Proveedor de Infraestructura Tecnológica en Zacatecas | Blegam Corp","Blegam Corp es tu Proveedor de infraestructura tecnológica en Zacatecas. Implementamos redes, cableado estructurado, soluciones IT, audio, video, seguridad electrónica, control de acceso y videovigilancia para empresas e instituciones. Solicita una cotización.","https://wa.me/525517390097?text=SW-%20Hola%20quisiera%20m%C3%A1s%20informaci%C3%B3n%20de%20sus%20servicios%20de%20Proveedor%20de%20infraestructura%20tecnol%C3%B3gica%20en%20Zacatecas.","Proveedor de Infraestructura Tecnológica para Empresas","Zacatecas","Zacatecas","e72a3dd8-809d-49da-9be6-10ccc6b36ca0",2026-06-26T21:33:56Z,2026-06-26T21:35:40Z,"45119e62-fb47-42df-8e3f-62a36597ee45"
"Proveedor de infraestructura tecnológica en Satélite, Nuevo León","proveedor-infraestructura-tecnologica-satelite-nuevo-leon","Proveedor de Infraestructura Tecnológica para Empresas en Satélite, Nuevo León","Implementamos infraestructura tecnológica, redes, audio, video y seguridad para empresas en Satélite, Nuevo León.","Proveedor de Infraestructura Tecnológica en Satélite, Nuevo León | Blegam Corp","Blegam Corp es tu Proveedor de infraestructura tecnológica en Satélite, Nuevo León. Implementamos redes, cableado estructurado, soluciones IT, audio, video, seguridad electrónica, control de acceso y videovigilancia para empresas e instituciones. Solicita una cotización.","https://wa.me/525517390097?text=SW-%20Hola%20quisiera%20m%C3%A1s%20informaci%C3%B3n%20de%20sus%20servicios%20de%20Proveedor%20de%20infraestructura%20tecnol%C3%B3gica%20en%20Satélite%2C%20Nuevo%20León.","Proveedor de Infraestructura Tecnológica para Empresas","Satélite","Nuevo León","e96fb5db-0434-4d7b-8b2a-d893d954401f",2026-06-26T21:33:56Z,2026-06-26T21:35:40Z,"45119e62-fb47-42df-8e3f-62a36597ee45"
"Proveedor de infraestructura tecnológica en Tlalpan","proveedor-infraestructura-tecnologica-tlalpan","Proveedor de Infraestructura Tecnológica para Empresas en Tlalpan","Implementamos infraestructura tecnológica, redes, audio, video y seguridad para empresas en Tlalpan.","Proveedor de Infraestructura Tecnológica en Tlalpan | Blegam Corp","Blegam Corp es tu Proveedor de infraestructura tecnológica en Tlalpan. Implementamos redes, cableado estructurado, soluciones IT, audio, video, seguridad electrónica, control de acceso y videovigilancia para empresas e instituciones. Solicita una cotización.","https://wa.me/525517390097?text=SW-%20Hola%20quisiera%20m%C3%A1s%20informaci%C3%B3n%20de%20sus%20servicios%20de%20Proveedor%20de%20infraestructura%20tecnol%C3%B3gica%20en%20Tlalpan.","Proveedor de Infraestructura Tecnológica para Empresas","Tlalpan","Ciudad de México","e9728e8d-59f3-45e5-8145-8f2694f2aa24",2026-06-26T21:33:56Z,2026-06-26T21:35:40Z,"45119e62-fb47-42df-8e3f-62a36597ee45"
"Proveedor de infraestructura tecnológica en Condesa, Ciudad de México","proveedor-infraestructura-tecnologica-condesa-ciudad-de-mexico","Proveedor de Infraestructura Tecnológica para Empresas en Condesa, Ciudad de México","Implementamos infraestructura tecnológica, redes, audio, video y seguridad para empresas en Condesa, Ciudad de México.","Proveedor de Infraestructura Tecnológica en Condesa, Ciudad de México | Blegam Corp","Blegam Corp es tu Proveedor de infraestructura tecnológica en Condesa, Ciudad de México. Implementamos redes, cableado estructurado, soluciones IT, audio, video, seguridad electrónica, control de acceso y videovigilancia para empresas e instituciones. Solicita una cotización.","https://wa.me/525517390097?text=SW-%20Hola%20quisiera%20m%C3%A1s%20informaci%C3%B3n%20de%20sus%20servicios%20de%20Proveedor%20de%20infraestructura%20tecnol%C3%B3gica%20en%20Condesa%2C%20Ciudad%20de%20México.","Proveedor de Infraestructura Tecnológica para Empresas","Condesa","Ciudad de México","ea4ac1a1-5d8e-4699-8907-d7c9f056eab3",2026-06-26T21:33:56Z,2026-06-26T21:35:40Z,"45119e62-fb47-42df-8e3f-62a36597ee45"
"Proveedor de infraestructura tecnológica en Matamoros","proveedor-infraestructura-tecnologica-matamoros","Proveedor de Infraestructura Tecnológica para Empresas en Matamoros","Implementamos infraestructura tecnológica, redes, audio, video y seguridad para empresas en Matamoros.","Proveedor de Infraestructura Tecnológica en Matamoros | Blegam Corp","Blegam Corp es tu Proveedor de infraestructura tecnológica en Matamoros. Implementamos redes, cableado estructurado, soluciones IT, audio, video, seguridad electrónica, control de acceso y videovigilancia para empresas e instituciones. Solicita una cotización.","https://wa.me/525517390097?text=SW-%20Hola%20quisiera%20m%C3%A1s%20informaci%C3%B3n%20de%20sus%20servicios%20de%20Proveedor%20de%20infraestructura%20tecnol%C3%B3gica%20en%20Matamoros.","Proveedor de Infraestructura Tecnológica para Empresas","Matamoros","Tamaulipas","eb0598b9-b3dd-4041-8f25-a0687b32849f",2026-06-26T21:33:56Z,2026-06-26T21:35:40Z,"45119e62-fb47-42df-8e3f-62a36597ee45"
"Proveedor de infraestructura tecnológica en Celaya","proveedor-infraestructura-tecnologica-celaya","Proveedor de Infraestructura Tecnológica para Empresas en Celaya","Implementamos infraestructura tecnológica, redes, audio, video y seguridad para empresas en Celaya.","Proveedor de Infraestructura Tecnológica en Celaya | Blegam Corp","Blegam Corp es tu Proveedor de infraestructura tecnológica en Celaya. Implementamos redes, cableado estructurado, soluciones IT, audio, video, seguridad electrónica, control de acceso y videovigilancia para empresas e instituciones. Solicita una cotización.","https://wa.me/525517390097?text=SW-%20Hola%20quisiera%20m%C3%A1s%20informaci%C3%B3n%20de%20sus%20servicios%20de%20Proveedor%20de%20infraestructura%20tecnol%C3%B3gica%20en%20Celaya.","Proveedor de Infraestructura Tecnológica para Empresas","Celaya","Guanajuato","ec642be9-b9a6-424b-ad15-9ba4886b92ea",2026-06-26T21:33:56Z,2026-06-26T21:35:40Z,"45119e62-fb47-42df-8e3f-62a36597ee45"
"Proveedor de infraestructura tecnológica en Fuentes del Valle, Nuevo León","proveedor-infraestructura-tecnologica-fuentes-del-valle-nuevo-leon","Proveedor de Infraestructura Tecnológica para Empresas en Fuentes del Valle, Nuevo León","Implementamos infraestructura tecnológica, redes, audio, video y seguridad para empresas en Fuentes del Valle, Nuevo León.","Proveedor de Infraestructura Tecnológica en Fuentes del Valle, Nuevo León | Blegam Corp","Blegam Corp es tu Proveedor de infraestructura tecnológica en Fuentes del Valle, Nuevo León. Implementamos redes, cableado estructurado, soluciones IT, audio, video, seguridad electrónica, control de acceso y videovigilancia para empresas e instituciones. Solicita una cotización.","https://wa.me/525517390097?text=SW-%20Hola%20quisiera%20m%C3%A1s%20informaci%C3%B3n%20de%20sus%20servicios%20de%20Proveedor%20de%20infraestructura%20tecnol%C3%B3gica%20en%20Fuentes%20del%20Valle%2C%20Nuevo%20León.","Proveedor de Infraestructura Tecnológica para Empresas","Fuentes del Valle","Nuevo León","ecf002e6-c273-43be-8fe2-b7f3db3acb2e",2026-06-26T21:33:56Z,2026-06-26T21:35:40Z,"45119e62-fb47-42df-8e3f-62a36597ee45"
"Proveedor de infraestructura tecnológica en Morelos","proveedor-infraestructura-tecnologica-morelos","Proveedor de Infraestructura Tecnológica para Empresas en Morelos","Implementamos infraestructura tecnológica, redes, audio, video y seguridad para empresas en Morelos.","Proveedor de Infraestructura Tecnológica en Morelos | Blegam Corp","Blegam Corp es tu Proveedor de infraestructura tecnológica en Morelos. Implementamos redes, cableado estructurado, soluciones IT, audio, video, seguridad electrónica, control de acceso y videovigilancia para empresas e instituciones. Solicita una cotización.","https://wa.me/525517390097?text=SW-%20Hola%20quisiera%20m%C3%A1s%20informaci%C3%B3n%20de%20sus%20servicios%20de%20Proveedor%20de%20infraestructura%20tecnol%C3%B3gica%20en%20Morelos.","Proveedor de Infraestructura Tecnológica para Empresas","Morelos","Morelos","edf88127-e595-4ba7-8fcd-f876a09b585b",2026-06-26T21:33:56Z,2026-06-26T21:35:40Z,"45119e62-fb47-42df-8e3f-62a36597ee45"
"Proveedor de infraestructura tecnológica en Obispado, Nuevo León","proveedor-infraestructura-tecnologica-obispado-nuevo-leon","Proveedor de Infraestructura Tecnológica para Empresas en Obispado, Nuevo León","Implementamos infraestructura tecnológica, redes, audio, video y seguridad para empresas en Obispado, Nuevo León.","Proveedor de Infraestructura Tecnológica en Obispado, Nuevo León | Blegam Corp","Blegam Corp es tu Proveedor de infraestructura tecnológica en Obispado, Nuevo León. Implementamos redes, cableado estructurado, soluciones IT, audio, video, seguridad electrónica, control de acceso y videovigilancia para empresas e instituciones. Solicita una cotización.","https://wa.me/525517390097?text=SW-%20Hola%20quisiera%20m%C3%A1s%20informaci%C3%B3n%20de%20sus%20servicios%20de%20Proveedor%20de%20infraestructura%20tecnol%C3%B3gica%20en%20Obispado%2C%20Nuevo%20León.","Proveedor de Infraestructura Tecnológica para Empresas","Obispado","Nuevo León","ee2fd11e-bb7e-4992-9e97-60e9722153d5",2026-06-26T21:33:56Z,2026-06-26T21:35:40Z,"45119e62-fb47-42df-8e3f-62a36597ee45"
"Proveedor de infraestructura tecnológica en Contry, Nuevo León","proveedor-infraestructura-tecnologica-contry-nuevo-leon","Proveedor de Infraestructura Tecnológica para Empresas en Contry, Nuevo León","Implementamos infraestructura tecnológica, redes, audio, video y seguridad para empresas en Contry, Nuevo León.","Proveedor de Infraestructura Tecnológica en Contry, Nuevo León | Blegam Corp","Blegam Corp es tu Proveedor de infraestructura tecnológica en Contry, Nuevo León. Implementamos redes, cableado estructurado, soluciones IT, audio, video, seguridad electrónica, control de acceso y videovigilancia para empresas e instituciones. Solicita una cotización.","https://wa.me/525517390097?text=SW-%20Hola%20quisiera%20m%C3%A1s%20informaci%C3%B3n%20de%20sus%20servicios%20de%20Proveedor%20de%20infraestructura%20tecnol%C3%B3gica%20en%20Contry%2C%20Nuevo%20León.","Proveedor de Infraestructura Tecnológica para Empresas","Contry","Nuevo León","ee5d1b58-8fa4-4f2e-97cc-3848b905ca64",2026-06-26T21:33:56Z,2026-06-26T21:35:40Z,"45119e62-fb47-42df-8e3f-62a36597ee45"
"Proveedor de infraestructura tecnológica en Tecate","proveedor-infraestructura-tecnologica-tecate","Proveedor de Infraestructura Tecnológica para Empresas en Tecate","Implementamos infraestructura tecnológica, redes, audio, video y seguridad para empresas en Tecate.","Proveedor de Infraestructura Tecnológica en Tecate | Blegam Corp","Blegam Corp es tu Proveedor de infraestructura tecnológica en Tecate. Implementamos redes, cableado estructurado, soluciones IT, audio, video, seguridad electrónica, control de acceso y videovigilancia para empresas e instituciones. Solicita una cotización.","https://wa.me/525517390097?text=SW-%20Hola%20quisiera%20m%C3%A1s%20informaci%C3%B3n%20de%20sus%20servicios%20de%20Proveedor%20de%20infraestructura%20tecnol%C3%B3gica%20en%20Tecate.","Proveedor de Infraestructura Tecnológica para Empresas","Tecate","Baja California","ee729e8c-2d9e-4167-a5e3-ee53c9f33153",2026-06-26T21:33:56Z,2026-06-26T21:35:40Z,"45119e62-fb47-42df-8e3f-62a36597ee45"
"Proveedor de infraestructura tecnológica en Chimalhuacán","proveedor-infraestructura-tecnologica-chimalhuacan","Proveedor de Infraestructura Tecnológica para Empresas en Chimalhuacán","Implementamos infraestructura tecnológica, redes, audio, video y seguridad para empresas en Chimalhuacán.","Proveedor de Infraestructura Tecnológica en Chimalhuacán | Blegam Corp","Blegam Corp es tu Proveedor de infraestructura tecnológica en Chimalhuacán. Implementamos redes, cableado estructurado, soluciones IT, audio, video, seguridad electrónica, control de acceso y videovigilancia para empresas e instituciones. Solicita una cotización.","https://wa.me/525517390097?text=SW-%20Hola%20quisiera%20m%C3%A1s%20informaci%C3%B3n%20de%20sus%20servicios%20de%20Proveedor%20de%20infraestructura%20tecnol%C3%B3gica%20en%20Chimalhuacán.","Proveedor de Infraestructura Tecnológica para Empresas","Chimalhuacán","Estado de México","eecbbbbf-337b-471a-9372-60d19fb5ddcb",2026-06-26T21:33:56Z,2026-06-26T21:35:40Z,"45119e62-fb47-42df-8e3f-62a36597ee45"
"Proveedor de infraestructura tecnológica en La Magdalena Contreras","proveedor-infraestructura-tecnologica-la-magdalena-contreras","Proveedor de Infraestructura Tecnológica para Empresas en La Magdalena Contreras","Implementamos infraestructura tecnológica, redes, audio, video y seguridad para empresas en La Magdalena Contreras.","Proveedor de Infraestructura Tecnológica en La Magdalena Contreras | Blegam Corp","Blegam Corp es tu Proveedor de infraestructura tecnológica en La Magdalena Contreras. Implementamos redes, cableado estructurado, soluciones IT, audio, video, seguridad electrónica, control de acceso y videovigilancia para empresas e instituciones. Solicita una cotización.","https://wa.me/525517390097?text=SW-%20Hola%20quisiera%20m%C3%A1s%20informaci%C3%B3n%20de%20sus%20servicios%20de%20Proveedor%20de%20infraestructura%20tecnol%C3%B3gica%20en%20La%20Magdalena%20Contreras.","Proveedor de Infraestructura Tecnológica para Empresas","La Magdalena Contreras","Ciudad de México","ef0a53b9-9fe3-465c-8a74-41a53f552402",2026-06-26T21:33:56Z,2026-06-26T21:35:40Z,"45119e62-fb47-42df-8e3f-62a36597ee45"
"Proveedor de infraestructura tecnológica en Puebla","proveedor-infraestructura-tecnologica-puebla","Proveedor de Infraestructura Tecnológica para Empresas en Puebla","Implementamos infraestructura tecnológica, redes, audio, video y seguridad para empresas en Puebla.","Proveedor de Infraestructura Tecnológica en Puebla | Blegam Corp","Blegam Corp es tu Proveedor de infraestructura tecnológica en Puebla. Implementamos redes, cableado estructurado, soluciones IT, audio, video, seguridad electrónica, control de acceso y videovigilancia para empresas e instituciones. Solicita una cotización.","https://wa.me/525517390097?text=SW-%20Hola%20quisiera%20m%C3%A1s%20informaci%C3%B3n%20de%20sus%20servicios%20de%20Proveedor%20de%20infraestructura%20tecnol%C3%B3gica%20en%20Puebla.","Proveedor de Infraestructura Tecnológica para Empresas","Puebla","Puebla","f055c6ef-59d8-486f-8613-71330742994f",2026-06-26T21:33:56Z,2026-06-26T21:35:40Z,"45119e62-fb47-42df-8e3f-62a36597ee45"
"Proveedor de infraestructura tecnológica en Guanajuato","proveedor-infraestructura-tecnologica-guanajuato","Proveedor de Infraestructura Tecnológica para Empresas en Guanajuato","Implementamos infraestructura tecnológica, redes, audio, video y seguridad para empresas en Guanajuato.","Proveedor de Infraestructura Tecnológica en Guanajuato | Blegam Corp","Blegam Corp es tu Proveedor de infraestructura tecnológica en Guanajuato. Implementamos redes, cableado estructurado, soluciones IT, audio, video, seguridad electrónica, control de acceso y videovigilancia para empresas e instituciones. Solicita una cotización.","https://wa.me/525517390097?text=SW-%20Hola%20quisiera%20m%C3%A1s%20informaci%C3%B3n%20de%20sus%20servicios%20de%20Proveedor%20de%20infraestructura%20tecnol%C3%B3gica%20en%20Guanajuato.","Proveedor de Infraestructura Tecnológica para Empresas","Guanajuato","Guanajuato","f1f08dd5-6efd-4263-9758-79cba5c82b9f",2026-06-26T21:33:56Z,2026-06-26T21:35:40Z,"45119e62-fb47-42df-8e3f-62a36597ee45"
"Proveedor de infraestructura tecnológica en Atizapán de Zaragoza","proveedor-infraestructura-tecnologica-atizapan-de-zaragoza","Proveedor de Infraestructura Tecnológica para Empresas en Atizapán de Zaragoza","Implementamos infraestructura tecnológica, redes, audio, video y seguridad para empresas en Atizapán de Zaragoza.","Proveedor de Infraestructura Tecnológica en Atizapán de Zaragoza | Blegam Corp","Blegam Corp es tu Proveedor de infraestructura tecnológica en Atizapán de Zaragoza. Implementamos redes, cableado estructurado, soluciones IT, audio, video, seguridad electrónica, control de acceso y videovigilancia para empresas e instituciones. Solicita una cotización.","https://wa.me/525517390097?text=SW-%20Hola%20quisiera%20m%C3%A1s%20informaci%C3%B3n%20de%20sus%20servicios%20de%20Proveedor%20de%20infraestructura%20tecnol%C3%B3gica%20en%20Atizapán%20de%20Zaragoza.","Proveedor de Infraestructura Tecnológica para Empresas","Atizapán de Zaragoza","Estado de México","f214a795-93a4-40f5-8060-330f410b2dde",2026-06-26T21:33:56Z,2026-06-26T21:35:40Z,"45119e62-fb47-42df-8e3f-62a36597ee45"
"Proveedor de infraestructura tecnológica en Mineral de la Reforma","proveedor-infraestructura-tecnologica-mineral-de-la-reforma","Proveedor de Infraestructura Tecnológica para Empresas en Mineral de la Reforma","Implementamos infraestructura tecnológica, redes, audio, video y seguridad para empresas en Mineral de la Reforma.","Proveedor de Infraestructura Tecnológica en Mineral de la Reforma | Blegam Corp","Blegam Corp es tu Proveedor de infraestructura tecnológica en Mineral de la Reforma. Implementamos redes, cableado estructurado, soluciones IT, audio, video, seguridad electrónica, control de acceso y videovigilancia para empresas e instituciones. Solicita una cotización.","https://wa.me/525517390097?text=SW-%20Hola%20quisiera%20m%C3%A1s%20informaci%C3%B3n%20de%20sus%20servicios%20de%20Proveedor%20de%20infraestructura%20tecnol%C3%B3gica%20en%20Mineral%20de%20la%20Reforma.","Proveedor de Infraestructura Tecnológica para Empresas","Mineral de la Reforma","Hidalgo","f2e63a3f-0c41-4d56-8249-b74ff2c47524",2026-06-26T21:33:56Z,2026-06-26T21:35:40Z,"45119e62-fb47-42df-8e3f-62a36597ee45"
"Proveedor de infraestructura tecnológica en León","proveedor-infraestructura-tecnologica-leon","Proveedor de Infraestructura Tecnológica para Empresas en León","Implementamos infraestructura tecnológica, redes, audio, video y seguridad para empresas en León.","Proveedor de Infraestructura Tecnológica en León | Blegam Corp","Blegam Corp es tu Proveedor de infraestructura tecnológica en León. Implementamos redes, cableado estructurado, soluciones IT, audio, video, seguridad electrónica, control de acceso y videovigilancia para empresas e instituciones. Solicita una cotización.","https://wa.me/525517390097?text=SW-%20Hola%20quisiera%20m%C3%A1s%20informaci%C3%B3n%20de%20sus%20servicios%20de%20Proveedor%20de%20infraestructura%20tecnol%C3%B3gica%20en%20León.","Proveedor de Infraestructura Tecnológica para Empresas","León","Guanajuato","f33e9c39-ce1a-4246-8c3f-49211107b1bc",2026-06-26T21:33:56Z,2026-06-26T21:35:40Z,"45119e62-fb47-42df-8e3f-62a36597ee45"
"Proveedor de infraestructura tecnológica en San Pedro Garza García","proveedor-infraestructura-tecnologica-san-pedro-garza-garcia","Proveedor de Infraestructura Tecnológica para Empresas en San Pedro Garza García","Implementamos infraestructura tecnológica, redes, audio, video y seguridad para empresas en San Pedro Garza García.","Proveedor de Infraestructura Tecnológica en San Pedro Garza García | Blegam Corp","Blegam Corp es tu Proveedor de infraestructura tecnológica en San Pedro Garza García. Implementamos redes, cableado estructurado, soluciones IT, audio, video, seguridad electrónica, control de acceso y videovigilancia para empresas e instituciones. Solicita una cotización.","https://wa.me/525517390097?text=SW-%20Hola%20quisiera%20m%C3%A1s%20informaci%C3%B3n%20de%20sus%20servicios%20de%20Proveedor%20de%20infraestructura%20tecnol%C3%B3gica%20en%20San%20Pedro%20Garza%20García.","Proveedor de Infraestructura Tecnológica para Empresas","San Pedro Garza García","Nuevo León","f369bc11-5835-4a05-a8df-e934dd58a77d",2026-06-26T21:33:56Z,2026-06-26T21:35:40Z,"45119e62-fb47-42df-8e3f-62a36597ee45"
"Proveedor de infraestructura tecnológica en Puerto Vallarta","proveedor-infraestructura-tecnologica-puerto-vallarta","Proveedor de Infraestructura Tecnológica para Empresas en Puerto Vallarta","Implementamos infraestructura tecnológica, redes, audio, video y seguridad para empresas en Puerto Vallarta.","Proveedor de Infraestructura Tecnológica en Puerto Vallarta | Blegam Corp","Blegam Corp es tu Proveedor de infraestructura tecnológica en Puerto Vallarta. Implementamos redes, cableado estructurado, soluciones IT, audio, video, seguridad electrónica, control de acceso y videovigilancia para empresas e instituciones. Solicita una cotización.","https://wa.me/525517390097?text=SW-%20Hola%20quisiera%20m%C3%A1s%20informaci%C3%B3n%20de%20sus%20servicios%20de%20Proveedor%20de%20infraestructura%20tecnol%C3%B3gica%20en%20Puerto%20Vallarta.","Proveedor de Infraestructura Tecnológica para Empresas","Puerto Vallarta","Jalisco","f464d1db-ebe4-4e78-82b5-529e2345331c",2026-06-26T21:33:56Z,2026-06-26T21:35:40Z,"45119e62-fb47-42df-8e3f-62a36597ee45"
"Proveedor de infraestructura tecnológica en Cuautitlán","proveedor-infraestructura-tecnologica-cuautitlan","Proveedor de Infraestructura Tecnológica para Empresas en Cuautitlán","Implementamos infraestructura tecnológica, redes, audio, video y seguridad para empresas en Cuautitlán.","Proveedor de Infraestructura Tecnológica en Cuautitlán | Blegam Corp","Blegam Corp es tu Proveedor de infraestructura tecnológica en Cuautitlán. Implementamos redes, cableado estructurado, soluciones IT, audio, video, seguridad electrónica, control de acceso y videovigilancia para empresas e instituciones. Solicita una cotización.","https://wa.me/525517390097?text=SW-%20Hola%20quisiera%20m%C3%A1s%20informaci%C3%B3n%20de%20sus%20servicios%20de%20Proveedor%20de%20infraestructura%20tecnol%C3%B3gica%20en%20Cuautitlán.","Proveedor de Infraestructura Tecnológica para Empresas","Cuautitlán","Estado de México","f5623ece-6fa5-4610-9fce-30acad727df8",2026-06-26T21:33:56Z,2026-06-26T21:35:40Z,"45119e62-fb47-42df-8e3f-62a36597ee45"
"Proveedor de infraestructura tecnológica en Chiapas","proveedor-infraestructura-tecnologica-chiapas","Proveedor de Infraestructura Tecnológica para Empresas en Chiapas","Implementamos infraestructura tecnológica, redes, audio, video y seguridad para empresas en Chiapas.","Proveedor de Infraestructura Tecnológica en Chiapas | Blegam Corp","Blegam Corp es tu Proveedor de infraestructura tecnológica en Chiapas. Implementamos redes, cableado estructurado, soluciones IT, audio, video, seguridad electrónica, control de acceso y videovigilancia para empresas e instituciones. Solicita una cotización.","https://wa.me/525517390097?text=SW-%20Hola%20quisiera%20m%C3%A1s%20informaci%C3%B3n%20de%20sus%20servicios%20de%20Proveedor%20de%20infraestructura%20tecnol%C3%B3gica%20en%20Chiapas.","Proveedor de Infraestructura Tecnológica para Empresas","Chiapas","Chiapas","f6938a16-3f06-4c5d-956d-f31a3149e2ef",2026-06-26T21:33:56Z,2026-06-26T21:35:40Z,"45119e62-fb47-42df-8e3f-62a36597ee45"
"Proveedor de infraestructura tecnológica en Quintana Roo","proveedor-infraestructura-tecnologica-quintana-roo","Proveedor de Infraestructura Tecnológica para Empresas en Quintana Roo","Implementamos infraestructura tecnológica, redes, audio, video y seguridad para empresas en Quintana Roo.","Proveedor de Infraestructura Tecnológica en Quintana Roo | Blegam Corp","Blegam Corp es tu Proveedor de infraestructura tecnológica en Quintana Roo. Implementamos redes, cableado estructurado, soluciones IT, audio, video, seguridad electrónica, control de acceso y videovigilancia para empresas e instituciones. Solicita una cotización.","https://wa.me/525517390097?text=SW-%20Hola%20quisiera%20m%C3%A1s%20informaci%C3%B3n%20de%20sus%20servicios%20de%20Proveedor%20de%20infraestructura%20tecnol%C3%B3gica%20en%20Quintana%20Roo.","Proveedor de Infraestructura Tecnológica para Empresas","Quintana Roo","Quintana Roo","f735dfa2-4db8-4452-82e1-86ea6ab60a98",2026-06-26T21:33:56Z,2026-06-26T21:35:40Z,"45119e62-fb47-42df-8e3f-62a36597ee45"
"Proveedor de infraestructura tecnológica en Toluca","proveedor-infraestructura-tecnologica-toluca","Proveedor de Infraestructura Tecnológica para Empresas en Toluca","Implementamos infraestructura tecnológica, redes, audio, video y seguridad para empresas en Toluca.","Proveedor de Infraestructura Tecnológica en Toluca | Blegam Corp","Blegam Corp es tu Proveedor de infraestructura tecnológica en Toluca. Implementamos redes, cableado estructurado, soluciones IT, audio, video, seguridad electrónica, control de acceso y videovigilancia para empresas e instituciones. Solicita una cotización.","https://wa.me/525517390097?text=SW-%20Hola%20quisiera%20m%C3%A1s%20informaci%C3%B3n%20de%20sus%20servicios%20de%20Proveedor%20de%20infraestructura%20tecnol%C3%B3gica%20en%20Toluca.","Proveedor de Infraestructura Tecnológica para Empresas","Toluca","Estado de México","f9e39a26-7cf0-475f-b34b-fb2534d12c57",2026-06-26T21:33:56Z,2026-06-26T21:35:40Z,"45119e62-fb47-42df-8e3f-62a36597ee45"
"Proveedor de infraestructura tecnológica en Querétaro","proveedor-infraestructura-tecnologica-queretaro","Proveedor de Infraestructura Tecnológica para Empresas en Querétaro","Implementamos infraestructura tecnológica, redes, audio, video y seguridad para empresas en Querétaro.","Proveedor de Infraestructura Tecnológica en Querétaro | Blegam Corp","Blegam Corp es tu Proveedor de infraestructura tecnológica en Querétaro. Implementamos redes, cableado estructurado, soluciones IT, audio, video, seguridad electrónica, control de acceso y videovigilancia para empresas e instituciones. Solicita una cotización.","https://wa.me/525517390097?text=SW-%20Hola%20quisiera%20m%C3%A1s%20informaci%C3%B3n%20de%20sus%20servicios%20de%20Proveedor%20de%20infraestructura%20tecnol%C3%B3gica%20en%20Querétaro.","Proveedor de Infraestructura Tecnológica para Empresas","Querétaro","Querétaro","fcff7f95-b1e8-4159-8a38-5a978cab5e88",2026-06-26T21:33:56Z,2026-06-26T21:35:40Z,"45119e62-fb47-42df-8e3f-62a36597ee45"
"Proveedor de infraestructura tecnológica en Tonalá","proveedor-infraestructura-tecnologica-tonala","Proveedor de Infraestructura Tecnológica para Empresas en Tonalá","Implementamos infraestructura tecnológica, redes, audio, video y seguridad para empresas en Tonalá.","Proveedor de Infraestructura Tecnológica en Tonalá | Blegam Corp","Blegam Corp es tu Proveedor de infraestructura tecnológica en Tonalá. Implementamos redes, cableado estructurado, soluciones IT, audio, video, seguridad electrónica, control de acceso y videovigilancia para empresas e instituciones. Solicita una cotización.","https://wa.me/525517390097?text=SW-%20Hola%20quisiera%20m%C3%A1s%20informaci%C3%B3n%20de%20sus%20servicios%20de%20Proveedor%20de%20infraestructura%20tecnol%C3%B3gica%20en%20Tonalá.","Proveedor de Infraestructura Tecnológica para Empresas","Tonalá","Jalisco","fe014694-8e79-4a0b-a1e2-7bbe77dfae63",2026-06-26T21:33:56Z,2026-06-26T21:35:40Z,"45119e62-fb47-42df-8e3f-62a36597ee45"
"Proveedor de infraestructura tecnológica en Valle Real, Jalisco","proveedor-infraestructura-tecnologica-valle-real-jalisco","Proveedor de Infraestructura Tecnológica para Empresas en Valle Real, Jalisco","Implementamos infraestructura tecnológica, redes, audio, video y seguridad para empresas en Valle Real, Jalisco.","Proveedor de Infraestructura Tecnológica en Valle Real, Jalisco | Blegam Corp","Blegam Corp es tu Proveedor de infraestructura tecnológica en Valle Real, Jalisco. Implementamos redes, cableado estructurado, soluciones IT, audio, video, seguridad electrónica, control de acceso y videovigilancia para empresas e instituciones. Solicita una cotización.","https://wa.me/525517390097?text=SW-%20Hola%20quisiera%20m%C3%A1s%20informaci%C3%B3n%20de%20sus%20servicios%20de%20Proveedor%20de%20infraestructura%20tecnol%C3%B3gica%20en%20Valle%20Real%2C%20Jalisco.","Proveedor de Infraestructura Tecnológica para Empresas","Valle Real","Jalisco","fe18d299-80c3-4fba-97a5-20bff6678f35",2026-06-26T21:33:56Z,2026-06-26T21:35:40Z,"45119e62-fb47-42df-8e3f-62a36597ee45"
"Proveedor de infraestructura tecnológica en Tehuacán","proveedor-infraestructura-tecnologica-tehuacan","Proveedor de Infraestructura Tecnológica para Empresas en Tehuacán","Implementamos infraestructura tecnológica, redes, audio, video y seguridad para empresas en Tehuacán.","Proveedor de Infraestructura Tecnológica en Tehuacán | Blegam Corp","Blegam Corp es tu Proveedor de infraestructura tecnológica en Tehuacán. Implementamos redes, cableado estructurado, soluciones IT, audio, video, seguridad electrónica, control de acceso y videovigilancia para empresas e instituciones. Solicita una cotización.","https://wa.me/525517390097?text=SW-%20Hola%20quisiera%20m%C3%A1s%20informaci%C3%B3n%20de%20sus%20servicios%20de%20Proveedor%20de%20infraestructura%20tecnol%C3%B3gica%20en%20Tehuacán.","Proveedor de Infraestructura Tecnológica para Empresas","Tehuacán","Puebla","fe95da16-ca32-48a6-bf2e-743cc272f30b",2026-06-26T21:33:56Z,2026-06-26T21:35:40Z,"45119e62-fb47-42df-8e3f-62a36597ee45"
"Proveedor de infraestructura tecnológica en Guadalupe","proveedor-infraestructura-tecnologica-guadalupe","Proveedor de Infraestructura Tecnológica para Empresas en Guadalupe","Implementamos infraestructura tecnológica, redes, audio, video y seguridad para empresas en Guadalupe.","Proveedor de Infraestructura Tecnológica en Guadalupe | Blegam Corp","Blegam Corp es tu Proveedor de infraestructura tecnológica en Guadalupe. Implementamos redes, cableado estructurado, soluciones IT, audio, video, seguridad electrónica, control de acceso y videovigilancia para empresas e instituciones. Solicita una cotización.","https://wa.me/525517390097?text=SW-%20Hola%20quisiera%20m%C3%A1s%20informaci%C3%B3n%20de%20sus%20servicios%20de%20Proveedor%20de%20infraestructura%20tecnol%C3%B3gica%20en%20Guadalupe.","Proveedor de Infraestructura Tecnológica para Empresas","Guadalupe","Nuevo León","ff30157e-2fdf-4222-ba0e-5551d3300589",2026-06-26T21:33:56Z,2026-06-26T21:35:40Z,"45119e62-fb47-42df-8e3f-62a36597ee45"
